Workbook

Sheet Ring
A1: STT (SP) | B1: Khách hàng | C1: Mã Khách hàng | D1: Tên sản phẩm | E1: Mã sản phẩm | F1: Mã VF mới | G1: Giá sản phẩm | J1: Nguyên liệu | K1: Đường kính | L1: Chiều dài | M1: Giá nguyên liệu sản phẩm | T1: Giá gia công | Z1: Giá xi mạ | AC1: Tình trạng đặt hàng
G2: VND | H2: USD | M2: Chiều dài tổng | N2: Đường kính sử dụng | O2: Hệ số tương ứng với đường kính | P2: Trọng lượng sản phẩm đầu vào (gam ) | Q2: Giá nguyên liệu | R2: Giá nguyên liệu của sản phẩm | S2: Tỉ lệ nguyên liệu so với giá bán | T2: Gia công 1 | U2: năng suất | V2: Thành tiền | W2: Gia công 2 | X2: Thành tiền | Y2: Tổng giá gia công | Z2: Y/c xi mạ | AA2: giá xi mạ ( VNd/kg) | AB2: Giá xi mạ từng sản phẩm
A3: 1 | C3: D2B | E3: 741632100 | F3: R2100 | H3: 0.5141 | J3: A6061-T6 | K3: ø 19.8 (ø 17.9) | L3: 4 | M3: =(L3+(IF(K3<=4,1.5,IF(K3<=7,2,IF(K3<=11,2.5,IF(K3<=19,3,IF(K3<=25,3.5,4)))))))*1.1 -> 8.8 | O3: =2*2*0.66 -> 2.64 | P3: =M3*O3 -> 23.232 | Q3: 120000 | R3: =Q3/1000*P3 -> 2787.84 | S3: =IF(G3<>0,R3/G3*100,R3/(H3*21000)*100) -> 25.822658
A4: =1+A3 -> 2 | C4: D2B | E4: 741623100 | F4: R3100 | H4: 0.273 | J4: A6061-T6 | K4: ø 15 (ø 13) | L4: 4 | M4: =(L4+(IF(K4<=4,1.5,IF(K4<=7,2,IF(K4<=11,2.5,IF(K4<=19,3,IF(K4<=25,3.5,4)))))))*1.1 -> 8.8 | N4: 15 | O4: =1.5*1.5*0.66 -> 1.485 | P4: =M4*O4 -> 13.068 | Q4: 120000 | R4: =Q4/1000*P4 -> 1568.16 | S4: =IF(G4<>0,R4/G4*100,R4/(H4*21000)*100) -> 27.353218
A5: =1+A4 -> 3 | C5: D2B | E5: 751623100 | F5: R3100A | H5: 0.43 | J5: A6061-T6 | K5: ø 15 (ø 13) | L5: 4 | M5: =(L5+(IF(K5<=4,1.5,IF(K5<=7,2,IF(K5<=11,2.5,IF(K5<=19,3,IF(K5<=25,3.5,4)))))))*1.1 -> 8.8 | N5: 15 | O5: =1.5*1.5*0.66 -> 1.485 | P5: =M5*O5 -> 13.068 | Q5: 120000 | R5: =Q5/1000*P5 -> 1568.16 | S5: =IF(G5<>0,R5/G5*100,R5/(H5*21000)*100) -> 17.366113
A6: =1+A5 -> 4 | C6: D2B | E6: 741633600 | F6: R3600B | H6: 0.55 | J6: A6061-T6 | K6: ø 22 (ø 18.5) | L6: 16.5 | M6: =(L6+(IF(K6<=4,1.5,IF(K6<=7,2,IF(K6<=11,2.5,IF(K6<=19,3,IF(K6<=25,3.5,4)))))))*1.1 -> 22.55 | N6: 22 | O6: =2.2*2.2*0.66 -> 3.1944 | P6: =M6*O6 -> 72.03372 | Q6: 120000 | R6: =Q6/1000*P6 -> 8644.0464 | S6: =IF(G6<>0,R6/G6*100,R6/(H6*21000)*100) -> 74.840229
A7: =1+A6 -> 5 | C7: D2B | E7: 741633610 | F7: R3610 | H7: 0.55 | J7: A6061-T6 | K7: ø 22 (ø 18.5) | L7: 16.5 | M7: =(L7+(IF(K7<=4,1.5,IF(K7<=7,2,IF(K7<=11,2.5,IF(K7<=19,3,IF(K7<=25,3.5,4)))))))*1.1 -> 22.55 | N7: 22 | O7: =2.2*2.2*0.66 -> 3.1944 | P7: =M7*O7 -> 72.03372 | Q7: 120000 | R7: =Q7/1000*P7 -> 8644.0464 | S7: =IF(G7<>0,R7/G7*100,R7/(H7*21000)*100) -> 74.840229
A8: =1+A7 -> 6 | C8: D2B | E8: 741633700 | F8: R3700A | H8: 0.34 | J8: A6061-T6 | K8: ø 25.4 (ø 23.2) | L8: 5 | M8: =(L8+(IF(K8<=4,1.5,IF(K8<=7,2,IF(K8<=11,2.5,IF(K8<=19,3,IF(K8<=25,3.5,4)))))))*1.1 -> 9.9 | O8: =2.55*2.55*0.66 -> 4.29165 | P8: =M8*O8 -> 42.487335 | Q8: 120000 | R8: =Q8/1000*P8 -> 5098.4802 | S8: =IF(G8<>0,R8/G8*100,R8/(H8*21000)*100) -> 71.407286
A9: =1+A8 -> 7 | C9: D2B | E9: 741633701 | F9: R3701 | H9: 0.79 | J9: A6061-T6 | K9: ø 25.4 | L9: 5 | M9: =(L9+(IF(K9<=4,1.5,IF(K9<=7,2,IF(K9<=11,2.5,IF(K9<=19,3,IF(K9<=25,3.5,4)))))))*1.1 -> 9.9 | O9: =2.55*2.55*0.66 -> 4.29165 | P9: =M9*O9 -> 42.487335 | Q9: 120000 | R9: =Q9/1000*P9 -> 5098.4802 | S9: =IF(G9<>0,R9/G9*100,R9/(H9*21000)*100) -> 30.73225
A10: =1+A9 -> 8 | C10: D2B | E10: 741633800 | F10: R3800A | H10: 0.19 | J10: A6061-T6 | K10: ø 12.4 (ø 10) | L10: 6 | M10: =(L10+(IF(K10<=4,1.5,IF(K10<=7,2,IF(K10<=11,2.5,IF(K10<=19,3,IF(K10<=25,3.5,4)))))))*1.1 -> 11 | O10: =1.25*1.25*0.66 -> 1.03125 | P10: =M10*O10 -> 11.34375 | Q10: 120000 | R10: =Q10/1000*P10 -> 1361.25 | S10: =IF(G10<>0,R10/G10*100,R10/(H10*21000)*100) -> 34.116541
A11: =1+A10 -> 9 | C11: D2B | E11: 741633801 | F11: R3801 | H11: 0.42 | J11: A6061-T6 | K11: ø 12.4 (ø 10) | L11: 6 | M11: =(L11+(IF(K11<=4,1.5,IF(K11<=7,2,IF(K11<=11,2.5,IF(K11<=19,3,IF(K11<=25,3.5,4)))))))*1.1 -> 11 | O11: =1.25*1.25*0.66 -> 1.03125 | P11: =M11*O11 -> 11.34375 | Q11: 120000 | R11: =Q11/1000*P11 -> 1361.25 | S11: =IF(G11<>0,R11/G11*100,R11/(H11*21000)*100) -> 15.433673
A12: =1+A11 -> 10 | C12: D2B | E12: 741633810 | F12: R3810 | H12: 0.19 | J12: A6061-T6 | K12: ø 12.4 (ø 9) | L12: 6 | M12: =(L12+(IF(K12<=4,1.5,IF(K12<=7,2,IF(K12<=11,2.5,IF(K12<=19,3,IF(K12<=25,3.5,4)))))))*1.1 -> 11 | O12: =1.25*1.25*0.66 -> 1.03125 | P12: =M12*O12 -> 11.34375 | Q12: 120000 | R12: =Q12/1000*P12 -> 1361.25 | S12: =IF(G12<>0,R12/G12*100,R12/(H12*21000)*100) -> 34.116541
A13: =1+A12 -> 11 | C13: D2B | E13: 741633811 | F13: R3811 | H13: 0.44 | J13: A6061-T6 | K13: ø 12.4 (ø 9) | L13: 6 | M13: =(L13+(IF(K13<=4,1.5,IF(K13<=7,2,IF(K13<=11,2.5,IF(K13<=19,3,IF(K13<=25,3.5,4)))))))*1.1 -> 11 | O13: =1.25*1.25*0.66 -> 1.03125 | P13: =M13*O13 -> 11.34375 | Q13: 120000 | R13: =Q13/1000*P13 -> 1361.25 | S13: =IF(G13<>0,R13/G13*100,R13/(H13*21000)*100) -> 14.732143
A14: =1+A13 -> 12 | C14: D2B | E14: 741633820 | F14: R3820 | H14: 0.19 | J14: A6061-T6 | K14: ø 12.4 (ø 9.5) | L14: 6 | M14: =(L14+(IF(K14<=4,1.5,IF(K14<=7,2,IF(K14<=11,2.5,IF(K14<=19,3,IF(K14<=25,3.5,4)))))))*1.1 -> 11 | O14: =1.25*1.25*0.66 -> 1.03125 | P14: =M14*O14 -> 11.34375 | Q14: 120000 | R14: =Q14/1000*P14 -> 1361.25 | S14: =IF(G14<>0,R14/G14*100,R14/(H14*21000)*100) -> 34.116541
A15: =1+A14 -> 13 | C15: D2B | E15: 741633821 | F15: R3821 | H15: 0.43 | J15: A6061-T6 | K15: ø 12.4 (ø 9.5) | L15: 6 | M15: =(L15+(IF(K15<=4,1.5,IF(K15<=7,2,IF(K15<=11,2.5,IF(K15<=19,3,IF(K15<=25,3.5,4)))))))*1.1 -> 11 | O15: =1.25*1.25*0.66 -> 1.03125 | P15: =M15*O15 -> 11.34375 | Q15: 120000 | R15: =Q15/1000*P15 -> 1361.25 | S15: =IF(G15<>0,R15/G15*100,R15/(H15*21000)*100) -> 15.074751
A16: =1+A15 -> 14 | C16: D2B | E16: 741633900 | F16: R3900A | H16: 0.33 | J16: A6061-T6 | K16: ø 23.7 (ø 21.8) | L16: 5 | M16: =(L16+(IF(K16<=4,1.5,IF(K16<=7,2,IF(K16<=11,2.5,IF(K16<=19,3,IF(K16<=25,3.5,4)))))))*1.1 -> 9.9 | O16: =2.37*2.37*0.66 -> 3.707154 | P16: =M16*O16 -> 36.700825 | Q16: 120000 | R16: =Q16/1000*P16 -> 4404.099 | S16: =IF(G16<>0,R16/G16*100,R16/(H16*21000)*100) -> 63.551211
A17: =1+A16 -> 15 | C17: D2B | E17: 741624200 | F17: R4200 | H17: 0.556 | J17: A6061-T6 | K17: ø 23.8 (ø 18) | L17: 2 | M17: =(L17+(IF(K17<=4,1.5,IF(K17<=7,2,IF(K17<=11,2.5,IF(K17<=19,3,IF(K17<=25,3.5,4)))))))*1.1 -> 6.6 | O17: =2.38*2.38*0.66 -> 3.738504 | P17: =M17*O17 -> 24.674126 | Q17: 120000 | R17: =Q17/1000*P17 -> 2960.8952 | S17: =IF(G17<>0,R17/G17*100,R17/(H17*21000)*100) -> 25.358814
A18: =1+A17 -> 16 | C18: D2B | E18: 741634800 | F18: R4800A | H18: 0.57 | J18: A6061-T6 | K18: ø 8 (ø 6.05) | L18: 24 | M18: =(L18+(IF(K18<=4,1.5,IF(K18<=7,2,IF(K18<=11,2.5,IF(K18<=19,3,IF(K18<=25,3.5,4)))))))*1.1 -> 30.8 | N18: 8 | O18: 0.42 | P18: =M18*O18 -> 12.936 | Q18: 120000 | R18: =Q18/1000*P18 -> 1552.32 | S18: =IF(G18<>0,R18/G18*100,R18/(H18*21000)*100) -> 12.968421
A19: =1+A18 -> 17 | C19: D2B | E19: 741634900 | F19: R4900A | H19: 0.32 | J19: A6061-T6 | K19: ø 11 (ø 6.05) | L19: 2.5 | M19: =(L19+(IF(K19<=4,1.5,IF(K19<=7,2,IF(K19<=11,2.5,IF(K19<=19,3,IF(K19<=25,3.5,4)))))))*1.1 -> 7.15 | N19: 11 | O19: =1.1*1.1*0.66 -> 0.7986 | P19: =M19*O19 -> 5.70999 | Q19: 120000 | R19: =Q19/1000*P19 -> 685.1988 | S19: =IF(G19<>0,R19/G19*100,R19/(H19*21000)*100) -> 10.196411
A20: =1+A19 -> 18 | C20: D2B | E20: 741634910 | F20: R4910 | H20: 0.32 | J20: A6061-T6 | K20: ø 11 (ø 7.05) | L20: 2.5 | M20: =(L20+(IF(K20<=4,1.5,IF(K20<=7,2,IF(K20<=11,2.5,IF(K20<=19,3,IF(K20<=25,3.5,4)))))))*1.1 -> 7.15 | N20: 11 | O20: =1.1*1.1*0.66 -> 0.7986 | P20: =M20*O20 -> 5.70999 | Q20: 120000 | R20: =Q20/1000*P20 -> 685.1988 | S20: =IF(G20<>0,R20/G20*100,R20/(H20*21000)*100) -> 10.196411
A21: =1+A20 -> 19 | C21: D2B | E21: 741634920 | F21: R4920 | H21: 0.32 | J21: A6061-T6 | K21: ø 11 (ø 7.55) | L21: 2.5 | M21: =(L21+(IF(K21<=4,1.5,IF(K21<=7,2,IF(K21<=11,2.5,IF(K21<=19,3,IF(K21<=25,3.5,4)))))))*1.1 -> 7.15 | N21: 11 | O21: =1.1*1.1*0.66 -> 0.7986 | P21: =M21*O21 -> 5.70999 | Q21: 120000 | R21: =Q21/1000*P21 -> 685.1988 | S21: =IF(G21<>0,R21/G21*100,R21/(H21*21000)*100) -> 10.196411
A22: =1+A21 -> 20 | C22: D2B | E22: 746095600 | F22: R5600 | H22: 1.52 | J22: A6061-T6 | K22: ø 24.4+ (ø 21.1) | L22: 20.6 | M22: =(L22+(IF(K22<=4,1.5,IF(K22<=7,2,IF(K22<=11,2.5,IF(K22<=19,3,IF(K22<=25,3.5,4)))))))*1.1 -> 27.06 | O22: =2.44*2.44*0.66 -> 3.929376 | P22: =M22*O22 -> 106.32891 | Q22: 120000 | R22: =Q22/1000*P22 -> 12759.47 | S22: =IF(G22<>0,R22/G22*100,R22/(H22*21000)*100) -> 39.973276
A23: =1+A22 -> 21 | C23: D2B | E23: 746095700 | F23: R5700 | H23: 1.28 | J23: A6061-T6 | K23: ø 24.8+ (ø 23.4) | L23: 16 | M23: =(L23+(IF(K23<=4,1.5,IF(K23<=7,2,IF(K23<=11,2.5,IF(K23<=19,3,IF(K23<=25,3.5,4)))))))*1.1 -> 22 | O23: =2.48*2.48*0.66 -> 4.059264 | P23: =M23*O23 -> 89.303808 | Q23: 120000 | R23: =Q23/1000*P23 -> 10716.457 | S23: =IF(G23<>0,R23/G23*100,R23/(H23*21000)*100) -> 39.867771
A24: =1+A23 -> 22 | C24: D2B | E24: 741636300 | F24: R6300 | H24: 0.61 | J24: A6061-T6 | K24: ø 9 (ø 7.05) | L24: 24 | M24: =(L24+(IF(K24<=4,1.5,IF(K24<=7,2,IF(K24<=11,2.5,IF(K24<=19,3,IF(K24<=25,3.5,4)))))))*1.1 -> 30.8 | N24: 9 | O24: 0.54 | P24: =M24*O24 -> 16.632 | Q24: 120000 | R24: =Q24/1000*P24 -> 1995.84 | S24: =IF(G24<>0,R24/G24*100,R24/(H24*21000)*100) -> 15.580328
A25: =1+A24 -> 23 | C25: D2B | E25: 805806301 | F25: R6301 | H25: 0.18 | J25: A6061-T6 | K25: ø 20.5+ (ø17) | L25: 4 | M25: =(L25+(IF(K25<=4,1.5,IF(K25<=7,2,IF(K25<=11,2.5,IF(K25<=19,3,IF(K25<=25,3.5,4)))))))*1.1 -> 8.8 | O25: =2.05*2.05*0.66 -> 2.77365 | P25: =M25*O25 -> 24.40812 | Q25: 120000 | R25: =Q25/1000*P25 -> 2928.9744 | S25: =IF(G25<>0,R25/G25*100,R25/(H25*21000)*100) -> 77.486095
A26: =1+A25 -> 24 | C26: D2B | E26: 741636400 | F26: R6400 | H26: 0.63 | J26: A6061-T6 | K26: ø 9.5 (ø 7.55) | L26: 24 | M26: =(L26+(IF(K26<=4,1.5,IF(K26<=7,2,IF(K26<=11,2.5,IF(K26<=19,3,IF(K26<=25,3.5,4)))))))*1.1 -> 30.8 | N26: 9.5 | O26: 0.6 | P26: =M26*O26 -> 18.48 | Q26: 120000 | R26: =Q26/1000*P26 -> 2217.6 | S26: =IF(G26<>0,R26/G26*100,R26/(H26*21000)*100) -> 16.761905
A27: =1+A26 -> 25 | C27: D2B | E27: 805806500 | F27: R6500 | H27: 0.185 | J27: A6061-T6 | K27: ø 22 (ø19.7) | L27: 4 | M27: =(L27+(IF(K27<=4,1.5,IF(K27<=7,2,IF(K27<=11,2.5,IF(K27<=19,3,IF(K27<=25,3.5,4)))))))*1.1 -> 8.8 | N27: 22 | O27: =2.2*2.2*0.66 -> 3.1944 | P27: =M27*O27 -> 28.11072 | Q27: 120000 | R27: =Q27/1000*P27 -> 3373.2864 | S27: =IF(G27<>0,R27/G27*100,R27/(H27*21000)*100) -> 86.828479
A28: =1+A27 -> 26 | C28: D2B | E28: 741626800 | F28: R6800 | H28: 0.3491 | J28: A6061-T6 | K28: ø 9 (ø 6.05) | L28: 4 | M28: =(L28+(IF(K28<=4,1.5,IF(K28<=7,2,IF(K28<=11,2.5,IF(K28<=19,3,IF(K28<=25,3.5,4)))))))*1.1 -> 8.8 | N28: 9 | O28: 0.54 | P28: =M28*O28 -> 4.752 | Q28: 120000 | R28: =Q28/1000*P28 -> 570.24 | S28: =IF(G28<>0,R28/G28*100,R28/(H28*21000)*100) -> 7.7783689
A29: =1+A28 -> 27 | C29: D2B | E29: 741627000 | F29: R7000 | H29: 0.44 | J29: A6061-T6 | K29: ø 13.5 (ø 9.05) | L29: 5 | M29: =(L29+(IF(K29<=4,1.5,IF(K29<=7,2,IF(K29<=11,2.5,IF(K29<=19,3,IF(K29<=25,3.5,4)))))))*1.1 -> 9.9 | N29: 13.5 | O29: =1.35*1.35*0.66 -> 1.20285 | P29: =M29*O29 -> 11.908215 | Q29: 120000 | R29: =Q29/1000*P29 -> 1428.9858 | S29: =IF(G29<>0,R29/G29*100,R29/(H29*21000)*100) -> 15.465214
A30: =1+A29 -> 28 | C30: D2B | E30: 741627010 | F30: R7010 | H30: 0.44 | M30: =(L30+(IF(K30<=4,1.5,IF(K30<=7,2,IF(K30<=11,2.5,IF(K30<=19,3,IF(K30<=25,3.5,4)))))))*1.1 -> 1.65 | P30: =M30*O30 -> 0 | R30: =Q30/1000*P30 -> 0 | S30: =IF(G30<>0,R30/G30*100,R30/(H30*21000)*100) -> 0
A31: =1+A30 -> 29 | C31: D2B | E31: 741627020 | F31: R7020 | H31: 0.44 | M31: =(L31+(IF(K31<=4,1.5,IF(K31<=7,2,IF(K31<=11,2.5,IF(K31<=19,3,IF(K31<=25,3.5,4)))))))*1.1 -> 1.65 | P31: =M31*O31 -> 0 | R31: =Q31/1000*P31 -> 0 | S31: =IF(G31<>0,R31/G31*100,R31/(H31*21000)*100) -> 0
A32: =1+A31 -> 30 | C32: D2B | E32: 741627400 | F32: R7400A | H32: 0.4 | J32: A6061-T6 | K32: ø 14 (ø 10.05) | L32: 5 | M32: =(L32+(IF(K32<=4,1.5,IF(K32<=7,2,IF(K32<=11,2.5,IF(K32<=19,3,IF(K32<=25,3.5,4)))))))*1.1 -> 9.9 | N32: 14 | O32: =1.4*1.4*0.66 -> 1.2936 | P32: =M32*O32 -> 12.80664 | Q32: 120000 | R32: =Q32/1000*P32 -> 1536.7968 | S32: =IF(G32<>0,R32/G32*100,R32/(H32*21000)*100) -> 18.2952
A33: =1+A32 -> 31 | C33: D2B | E33: 741627410 | F33: R7410A | H33: 0.39 | J33: A6061-T6 | K33: ø 14 (ø 10.55) | L33: 5 | M33: =(L33+(IF(K33<=4,1.5,IF(K33<=7,2,IF(K33<=11,2.5,IF(K33<=19,3,IF(K33<=25,3.5,4)))))))*1.1 -> 9.9 | N33: 14 | O33: =1.4*1.4*0.66 -> 1.2936 | P33: =M33*O33 -> 12.80664 | Q33: 120000 | R33: =Q33/1000*P33 -> 1536.7968 | S33: =IF(G33<>0,R33/G33*100,R33/(H33*21000)*100) -> 18.764308
A34: =1+A33 -> 32 | C34: D2B | E34: 741627600 | F34: R7600 | H34: 0.3105 | J34: A6061-T6 | K34: ø 16.5 (ø 12.55) | L34: 5 | M34: =(L34+(IF(K34<=4,1.5,IF(K34<=7,2,IF(K34<=11,2.5,IF(K34<=19,3,IF(K34<=25,3.5,4)))))))*1.1 -> 9.9 | N34: 16.5 | O34: =1.65*1.65*0.66 -> 1.79685 | P34: =M34*O34 -> 17.788815 | Q34: 120000 | R34: =Q34/1000*P34 -> 2134.6578 | S34: =IF(G34<>0,R34/G34*100,R34/(H34*21000)*100) -> 32.73764
A35: =1+A34 -> 33 | C35: D2B | E35: 741497830 | F35: R7830 | H35: 0.4044 | J35: A6061-T6 | K35: ø 17 (ø 12.05) | L35: 5 | M35: =(L35+(IF(K35<=4,1.5,IF(K35<=7,2,IF(K35<=11,2.5,IF(K35<=19,3,IF(K35<=25,3.5,4)))))))*1.1 -> 9.9 | N35: 17 | O35: =1.7*1.7*0.66 -> 1.9074 | P35: =M35*O35 -> 18.88326 | Q35: 120000 | R35: =Q35/1000*P35 -> 2265.9912 | S35: =IF(G35<>0,R35/G35*100,R35/(H35*21000)*100) -> 26.682577
A36: =1+A35 -> 34 | C36: D2B | E36: 741488100 | F36: R8100 | H36: 0.5756 | J36: A6061-T6 | K36: ø 23.8 (ø 18.1) | L36: 4 | M36: =(L36+(IF(K36<=4,1.5,IF(K36<=7,2,IF(K36<=11,2.5,IF(K36<=19,3,IF(K36<=25,3.5,4)))))))*1.1 -> 8.8 | O36: =2.38*2.38*0.66 -> 3.738504 | P36: =M36*O36 -> 32.898835 | Q36: 120000 | R36: =Q36/1000*P36 -> 3947.8602 | S36: =IF(G36<>0,R36/G36*100,R36/(H36*21000)*100) -> 32.660414
A37: =1+A36 -> 35 | C37: D2B | E37: 741628600 | F37: R8600 | H37: 0.3332 | J37: A6061-T6 | K37: ø 15 (ø11.05) | L37: 3 | M37: =(L37+(IF(K37<=4,1.5,IF(K37<=7,2,IF(K37<=11,2.5,IF(K37<=19,3,IF(K37<=25,3.5,4)))))))*1.1 -> 7.7 | N37: 15 | O37: =1.5*1.5*0.66 -> 1.485 | P37: =M37*O37 -> 11.4345 | Q37: 120000 | R37: =Q37/1000*P37 -> 1372.14 | S37: =IF(G37<>0,R37/G37*100,R37/(H37*21000)*100) -> 19.609844
A38: =1+A37 -> 36 | C38: D2B | E38: 741499020 | F38: R9020 | H38: 0.4 | J38: A6061-T6 | K38: ø 15 (ø 10.15) | L38: 3 | M38: =(L38+(IF(K38<=4,1.5,IF(K38<=7,2,IF(K38<=11,2.5,IF(K38<=19,3,IF(K38<=25,3.5,4)))))))*1.1 -> 7.7 | N38: 15 | O38: =1.5*1.5*0.66 -> 1.485 | P38: =M38*O38 -> 11.4345 | Q38: 120000 | R38: =Q38/1000*P38 -> 1372.14 | S38: =IF(G38<>0,R38/G38*100,R38/(H38*21000)*100) -> 16.335
A39: =1+A38 -> 37 | C39: D2B | E39: 741499030 | F39: R9030 | H39: 0.4 | J39: A6061-T6 | K39: ø 15 (ø7.65) | L39: 3 | M39: =(L39+(IF(K39<=4,1.5,IF(K39<=7,2,IF(K39<=11,2.5,IF(K39<=19,3,IF(K39<=25,3.5,4)))))))*1.1 -> 7.7 | N39: 15 | O39: =1.5*1.5*0.66 -> 1.485 | P39: =M39*O39 -> 11.4345 | Q39: 120000 | R39: =Q39/1000*P39 -> 1372.14 | S39: =IF(G39<>0,R39/G39*100,R39/(H39*21000)*100) -> 16.335
A40: =1+A39 -> 38 | C40: D2B | E40: 741619200 | F40: R9200 | H40: 0.52 | J40: A6061-T6 | K40: ø 25.3 (ø 20) | L40: 2 | M40: =(L40+(IF(K40<=4,1.5,IF(K40<=7,2,IF(K40<=11,2.5,IF(K40<=19,3,IF(K40<=25,3.5,4)))))))*1.1 -> 6.6 | O40: =2.53*2.53*0.66 -> 4.224594 | P40: =M40*O40 -> 27.88232 | Q40: 120000 | R40: =Q40/1000*P40 -> 3345.8784 | S40: =IF(G40<>0,R40/G40*100,R40/(H40*21000)*100) -> 30.639913
A41: =1+A40 -> 39 | C41: D2B | E41: 741619201 | F41: R9201 | H41: 0.52 | J41: A6061-T6 | K41: ø 25.3 (ø 20) | L41: 2 | M41: =(L41+(IF(K41<=4,1.5,IF(K41<=7,2,IF(K41<=11,2.5,IF(K41<=19,3,IF(K41<=25,3.5,4)))))))*1.1 -> 6.6 | O41: =2.53*2.53*0.66 -> 4.224594 | P41: =M41*O41 -> 27.88232 | Q41: 120000 | R41: =Q41/1000*P41 -> 3345.8784 | S41: =IF(G41<>0,R41/G41*100,R41/(H41*21000)*100) -> 30.639913
A42: =1+A41 -> 40 | C42: D2B | E42: 741619300 | F42: R9300A | H42: 0.243 | J42: A6061-T6 | K42: ø 13 (ø 11) | L42: 4 | M42: =(L42+(IF(K42<=4,1.5,IF(K42<=7,2,IF(K42<=11,2.5,IF(K42<=19,3,IF(K42<=25,3.5,4)))))))*1.1 -> 8.8 | N42: 13 | O42: =1.3*1.3*0.66 -> 1.1154 | P42: =M42*O42 -> 9.81552 | Q42: 120000 | R42: =Q42/1000*P42 -> 1177.8624 | S42: =IF(G42<>0,R42/G42*100,R42/(H42*21000)*100) -> 23.081764
A43: =1+A42 -> 41 | C43: D2B | E43: 741619310 | F43: R9310 | H43: 0.276 | J43: A6061-T6 | K43: ø 13 (ø 11) | L43: 4 | M43: =(L43+(IF(K43<=4,1.5,IF(K43<=7,2,IF(K43<=11,2.5,IF(K43<=19,3,IF(K43<=25,3.5,4)))))))*1.1 -> 8.8 | N43: 13 | O43: =1.3*1.3*0.66 -> 1.1154 | P43: =M43*O43 -> 9.81552 | Q43: 120000 | R43: =Q43/1000*P43 -> 1177.8624 | S43: =IF(G43<>0,R43/G43*100,R43/(H43*21000)*100) -> 20.321988
A44: =1+A43 -> 42 | C44: D2B | E44: 741619400 | F44: R9400 | H44: 0.275 | J44: A6061-T6 | K44: ø 16 (ø 14) | L44: 4 | M44: =(L44+(IF(K44<=4,1.5,IF(K44<=7,2,IF(K44<=11,2.5,IF(K44<=19,3,IF(K44<=25,3.5,4)))))))*1.1 -> 8.8 | N44: 16 | O44: =1.6*1.6*0.66 -> 1.6896 | P44: =M44*O44 -> 14.86848 | Q44: 120000 | R44: =Q44/1000*P44 -> 1784.2176 | S44: =IF(G44<>0,R44/G44*100,R44/(H44*21000)*100) -> 30.895543
A45: =1+A44 -> 43 | C45: D2B | E45: 3V0000100 | F45: 3VR0100 | H45: 0.35 | J45: A6061-T6 | K45: ø 20.5+ (ø 14.2) | L45: 4 | M45: =(L45+(IF(K45<=4,1.5,IF(K45<=7,2,IF(K45<=11,2.5,IF(K45<=19,3,IF(K45<=25,3.5,4)))))))*1.1 -> 8.8 | O45: =2.05*2.05*0.66 -> 2.77365 | P45: =M45*O45 -> 24.40812 | Q45: 120000 | R45: =Q45/1000*P45 -> 2928.9744 | S45: =IF(G45<>0,R45/G45*100,R45/(H45*21000)*100) -> 39.849992
A46: =1+A45 -> 44 | C46: D2B | E46: 3V0020100 | F46: 3VR0100A | H46: 0.41 | J46: A6061-T6 | K46: ø 23.5 (ø 21.1) | L46: 2 | M46: =(L46+(IF(K46<=4,1.5,IF(K46<=7,2,IF(K46<=11,2.5,IF(K46<=19,3,IF(K46<=25,3.5,4)))))))*1.1 -> 6.6 | N46: 23.5 | O46: =2.35*2.35*0.66 -> 3.64485 | P46: =M46*O46 -> 24.05601 | Q46: 120000 | R46: =Q46/1000*P46 -> 2886.7212 | S46: =IF(G46<>0,R46/G46*100,R46/(H46*21000)*100) -> 33.52754
A47: =1+A46 -> 45 | C47: D2B | E47: 3V0010200 | F47: 3VR0200 | H47: 0.16 | J47: A6061-T6 | K47: ø 23 (ø 10.2) | L47: 10 | M47: =(L47+(IF(K47<=4,1.5,IF(K47<=7,2,IF(K47<=11,2.5,IF(K47<=19,3,IF(K47<=25,3.5,4)))))))*1.1 -> 15.4 | N47: 23 | O47: =2.3*2.3*0.66 -> 3.4914 | P47: =M47*O47 -> 53.76756 | Q47: 120000 | R47: =Q47/1000*P47 -> 6452.1072 | S47: =IF(G47<>0,R47/G47*100,R47/(H47*21000)*100) -> 192.027
A48: =1+A47 -> 46 | C48: D2B | E48: 3V0010210 | F48: 3VR0210 | H48: 0.16 | J48: A6061-T6 | K48: ø 23 (ø 10.8) | L48: 10 | M48: =(L48+(IF(K48<=4,1.5,IF(K48<=7,2,IF(K48<=11,2.5,IF(K48<=19,3,IF(K48<=25,3.5,4)))))))*1.1 -> 15.4 | N48: 23 | O48: =2.3*2.3*0.66 -> 3.4914 | P48: =M48*O48 -> 53.76756 | Q48: 120000 | R48: =Q48/1000*P48 -> 6452.1072 | S48: =IF(G48<>0,R48/G48*100,R48/(H48*21000)*100) -> 192.027
A49: =1+A48 -> 47 | C49: D2B | E49: 3V0010220 | F49: 3VR0220 | H49: 0.16 | J49: A6061-T6 | K49: ø 23 (ø 11.1) | L49: 10 | M49: =(L49+(IF(K49<=4,1.5,IF(K49<=7,2,IF(K49<=11,2.5,IF(K49<=19,3,IF(K49<=25,3.5,4)))))))*1.1 -> 15.4 | N49: 23 | O49: =2.3*2.3*0.66 -> 3.4914 | P49: =M49*O49 -> 53.76756 | Q49: 120000 | R49: =Q49/1000*P49 -> 6452.1072 | S49: =IF(G49<>0,R49/G49*100,R49/(H49*21000)*100) -> 192.027
A50: =1+A49 -> 48 | C50: D2B | E50: 3V0010230 | F50: 3VR0230 | H50: 0.16 | J50: A6061-T6 | K50: ø 23 (ø 12.35) | L50: 10 | M50: =(L50+(IF(K50<=4,1.5,IF(K50<=7,2,IF(K50<=11,2.5,IF(K50<=19,3,IF(K50<=25,3.5,4)))))))*1.1 -> 15.4 | N50: 23 | O50: =2.3*2.3*0.66 -> 3.4914 | P50: =M50*O50 -> 53.76756 | Q50: 120000 | R50: =Q50/1000*P50 -> 6452.1072 | S50: =IF(G50<>0,R50/G50*100,R50/(H50*21000)*100) -> 192.027
A51: =1+A50 -> 49 | C51: D2B | E51: 3V0010300 | F51: 3VR0300 | H51: 0.57 | J51: A6061-T6 | K51: ø 25.5 (ø 13.35) | L51: 10 | M51: =(L51+(IF(K51<=4,1.5,IF(K51<=7,2,IF(K51<=11,2.5,IF(K51<=19,3,IF(K51<=25,3.5,4)))))))*1.1 -> 15.4 | N51: 25.5 | O51: =2.55*2.55*0.66 -> 4.29165 | P51: =M51*O51 -> 66.09141 | Q51: 120000 | R51: =Q51/1000*P51 -> 7930.9692 | S51: =IF(G51<>0,R51/G51*100,R51/(H51*21000)*100) -> 66.257053
A52: =1+A51 -> 50 | C52: D2B | E52: 3V0010310 | F52: 3VR0310 | H52: 0.57 | J52: A6061-T6 | K52: ø 25.5 (ø 14.75) | L52: 10 | M52: =(L52+(IF(K52<=4,1.5,IF(K52<=7,2,IF(K52<=11,2.5,IF(K52<=19,3,IF(K52<=25,3.5,4)))))))*1.1 -> 15.4 | N52: 25.5 | O52: =2.55*2.55*0.66 -> 4.29165 | P52: =M52*O52 -> 66.09141 | Q52: 120000 | R52: =Q52/1000*P52 -> 7930.9692 | S52: =IF(G52<>0,R52/G52*100,R52/(H52*21000)*100) -> 66.257053
A53: =1+A52 -> 51 | C53: D2B | E53: 3V0000400 | F53: 3VR0400 | H53: 0.28 | J53: A6061-T6 | K53: ø 25+ (ø 14.2) | L53: 4 | M53: =(L53+(IF(K53<=4,1.5,IF(K53<=7,2,IF(K53<=11,2.5,IF(K53<=19,3,IF(K53<=25,3.5,4)))))))*1.1 -> 8.8 | O53: =2.5*2.5*0.66 -> 4.125 | P53: =M53*O53 -> 36.3 | Q53: 120000 | R53: =Q53/1000*P53 -> 4356 | S53: =IF(G53<>0,R53/G53*100,R53/(H53*21000)*100) -> 74.081633
A54: =1+A53 -> 52 | C54: D2B | E54: 3V0000410 | F54: 3VR0410 | H54: 0.28 | J54: A6061-T6 | K54: ø 25+ (ø 17.2) | L54: 4 | M54: =(L54+(IF(K54<=4,1.5,IF(K54<=7,2,IF(K54<=11,2.5,IF(K54<=19,3,IF(K54<=25,3.5,4)))))))*1.1 -> 8.8 | O54: =2.5*2.5*0.66 -> 4.125 | P54: =M54*O54 -> 36.3 | Q54: 120000 | R54: =Q54/1000*P54 -> 4356 | S54: =IF(G54<>0,R54/G54*100,R54/(H54*21000)*100) -> 74.081633
A55: =1+A54 -> 53 | C55: D2B | E55: 3V0000500 | F55: 3VR0500 | H55: 0.42 | J55: A6061-T6 | K55: ø 27.5+ (ø 19.7) | L55: 4 | M55: =(L55+(IF(K55<=4,1.5,IF(K55<=7,2,IF(K55<=11,2.5,IF(K55<=19,3,IF(K55<=25,3.5,4)))))))*1.1 -> 8.8 | O55: =2.75*2.75*0.66 -> 4.99125 | P55: =M55*O55 -> 43.923 | Q55: 120000 | R55: =Q55/1000*P55 -> 5270.76 | S55: =IF(G55<>0,R55/G55*100,R55/(H55*21000)*100) -> 59.759184
A56: =1+A55 -> 54 | C56: D2B | E56: 3V0001201 | F56: 3VR1201 | H56: 0.235 | J56: A6061-T6 | K56: ø 18 (ø 12.95) | L56: 5 | M56: =(L56+(IF(K56<=4,1.5,IF(K56<=7,2,IF(K56<=11,2.5,IF(K56<=19,3,IF(K56<=25,3.5,4)))))))*1.1 -> 9.9 | N56: 18 | O56: =1.8*1.8*0.66 -> 2.1384 | P56: =M56*O56 -> 21.17016 | Q56: 120000 | R56: =Q56/1000*P56 -> 2540.4192 | S56: =IF(G56<>0,R56/G56*100,R56/(H56*21000)*100) -> 51.477593
A57: =1+A56 -> 55 | C57: D2B | E57: 3V0001401 | F57: 3VR1401 | H57: 0.175 | J57: A6061-T6 | K57: ø 25 (ø 18) | L57: 4 | M57: =(L57+(IF(K57<=4,1.5,IF(K57<=7,2,IF(K57<=11,2.5,IF(K57<=19,3,IF(K57<=25,3.5,4)))))))*1.1 -> 8.8 | N57: 25 | O57: =2.5*2.5*0.66 -> 4.125 | P57: =M57*O57 -> 36.3 | Q57: 120000 | R57: =Q57/1000*P57 -> 4356 | S57: =IF(G57<>0,R57/G57*100,R57/(H57*21000)*100) -> 118.53061
A58: =1+A57 -> 56 | C58: D2B | E58: 3V0002400 | F58: 3VR2400 | H58: 0.18 | J58: A6061-T6 | K58: ø 23 (ø 17.3) | L58: 3 | M58: =(L58+(IF(K58<=4,1.5,IF(K58<=7,2,IF(K58<=11,2.5,IF(K58<=19,3,IF(K58<=25,3.5,4)))))))*1.1 -> 7.7 | N58: 23 | O58: =2.3*2.3*0.66 -> 3.4914 | P58: =M58*O58 -> 26.88378 | Q58: 120000 | R58: =Q58/1000*P58 -> 3226.0536 | S58: =IF(G58<>0,R58/G58*100,R58/(H58*21000)*100) -> 85.345333
A59: =1+A58 -> 57 | C59: D2B | E59: 3V0002410 | F59: 3VR2410 | H59: 0.18 | J59: A6061-T6 | K59: ø 23 (ø 18.3) | L59: 3 | M59: =(L59+(IF(K59<=4,1.5,IF(K59<=7,2,IF(K59<=11,2.5,IF(K59<=19,3,IF(K59<=25,3.5,4)))))))*1.1 -> 7.7 | N59: 23 | O59: =2.3*2.3*0.66 -> 3.4914 | P59: =M59*O59 -> 26.88378 | Q59: 120000 | R59: =Q59/1000*P59 -> 3226.0536 | S59: =IF(G59<>0,R59/G59*100,R59/(H59*21000)*100) -> 85.345333
A60: =1+A59 -> 58 | C60: D2B | E60: 3V0002420 | F60: 3VR2420 | H60: 0.18 | J60: A6061-T6 | K60: ø 23 (ø 19.9) | L60: 3 | M60: =(L60+(IF(K60<=4,1.5,IF(K60<=7,2,IF(K60<=11,2.5,IF(K60<=19,3,IF(K60<=25,3.5,4)))))))*1.1 -> 7.7 | N60: 23 | O60: =2.3*2.3*0.66 -> 3.4914 | P60: =M60*O60 -> 26.88378 | Q60: 120000 | R60: =Q60/1000*P60 -> 3226.0536 | S60: =IF(G60<>0,R60/G60*100,R60/(H60*21000)*100) -> 85.345333
A61: =1+A60 -> 59 | C61: D2B | E61: 3V0002700 | F61: 3VR2700 | H61: 0.18 | J61: A6061-T6 | K61: ø 19 (ø 17.4) | L61: 3 | M61: =(L61+(IF(K61<=4,1.5,IF(K61<=7,2,IF(K61<=11,2.5,IF(K61<=19,3,IF(K61<=25,3.5,4)))))))*1.1 -> 7.7 | N61: 19 | O61: =1.9*1.9*0.66 -> 2.3826 | P61: =M61*O61 -> 18.34602 | Q61: 120000 | R61: =Q61/1000*P61 -> 2201.5224 | S61: =IF(G61<>0,R61/G61*100,R61/(H61*21000)*100) -> 58.241333
A62: =1+A61 -> 60 | C62: D2B | E62: 3V0002710 | F62: 3VR2710 | H62: 0.18 | J62: A6061-T6 | K62: ø 23 (ø 18.45) | L62: 3 | M62: =(L62+(IF(K62<=4,1.5,IF(K62<=7,2,IF(K62<=11,2.5,IF(K62<=19,3,IF(K62<=25,3.5,4)))))))*1.1 -> 7.7 | N62: 23 | O62: =2.3*2.3*0.66 -> 3.4914 | P62: =M62*O62 -> 26.88378 | Q62: 120000 | R62: =Q62/1000*P62 -> 3226.0536 | S62: =IF(G62<>0,R62/G62*100,R62/(H62*21000)*100) -> 85.345333
A63: =1+A62 -> 61 | C63: D2B | E63: 3V0002720 | F63: 3VR2720 | H63: 0.18 | J63: A6061-T6 | K63: ø 23 (ø 19.95) | L63: 3 | M63: =(L63+(IF(K63<=4,1.5,IF(K63<=7,2,IF(K63<=11,2.5,IF(K63<=19,3,IF(K63<=25,3.5,4)))))))*1.1 -> 7.7 | N63: 23 | O63: =2.3*2.3*0.66 -> 3.4914 | P63: =M63*O63 -> 26.88378 | Q63: 120000 | R63: =Q63/1000*P63 -> 3226.0536 | S63: =IF(G63<>0,R63/G63*100,R63/(H63*21000)*100) -> 85.345333
A64: =1+A63 -> 62 | C64: D2B | E64: 3V0002800 | F64: 3VR2800 | H64: 0.185 | J64: A6061-T6 | K64: ø 25 (ø 19.7) | L64: 3 | M64: =(L64+(IF(K64<=4,1.5,IF(K64<=7,2,IF(K64<=11,2.5,IF(K64<=19,3,IF(K64<=25,3.5,4)))))))*1.1 -> 7.7 | N64: 25 | O64: =2.5*2.5*0.66 -> 4.125 | P64: =M64*O64 -> 31.7625 | Q64: 120000 | R64: =Q64/1000*P64 -> 3811.5 | S64: =IF(G64<>0,R64/G64*100,R64/(H64*21000)*100) -> 98.108108
A65: =1+A64 -> 63 | C65: D2B | E65: 3V0002810 | F65: 3VR2810 | H65: 0.185 | J65: A6061-T6 | K65: ø 25 (ø 20.7) | L65: 3 | M65: =(L65+(IF(K65<=4,1.5,IF(K65<=7,2,IF(K65<=11,2.5,IF(K65<=19,3,IF(K65<=25,3.5,4)))))))*1.1 -> 7.7 | N65: 25 | O65: =2.5*2.5*0.66 -> 4.125 | P65: =M65*O65 -> 31.7625 | Q65: 120000 | R65: =Q65/1000*P65 -> 3811.5 | S65: =IF(G65<>0,R65/G65*100,R65/(H65*21000)*100) -> 98.108108
A66: =1+A65 -> 64 | C66: D2B | E66: 3V0002820 | F66: 3VR2820 | H66: 0.185 | J66: A6061-T6 | K66: ø 25 (ø 21.7) | L66: 3 | M66: =(L66+(IF(K66<=4,1.5,IF(K66<=7,2,IF(K66<=11,2.5,IF(K66<=19,3,IF(K66<=25,3.5,4)))))))*1.1 -> 7.7 | N66: 25 | O66: =2.5*2.5*0.66 -> 4.125 | P66: =M66*O66 -> 31.7625 | Q66: 120000 | R66: =Q66/1000*P66 -> 3811.5 | S66: =IF(G66<>0,R66/G66*100,R66/(H66*21000)*100) -> 98.108108
A67: =1+A66 -> 65 | C67: D2B | E67: 3V0003600 | F67: 3VR3600 | J67: C3604BD | K67: ø 15.3+ (ø 14.7) | L67: 5 | M67: =(L67+(IF(K67<=4,1.5,IF(K67<=7,2,IF(K67<=11,2.5,IF(K67<=19,3,IF(K67<=25,3.5,4)))))))*1.1 -> 9.9 | O67: =1.53*1.53*0.66 -> 1.544994 | P67: =M67*O67 -> 15.295441 | R67: =Q67/1000*P67 -> 0 | S67: =IF(G67<>0,R67/G67*100,R67/(H67*21000)*100) -> #DIV/0!
A68: =1+A67 -> 66 | C68: D2B | E68: 3V0013600 | F68: 3VR3600A | H68: 0.27 | J68: A6061-T6 | K68: ø 14.4 (ø 10.65) | L68: 4 | M68: =(L68+(IF(K68<=4,1.5,IF(K68<=7,2,IF(K68<=11,2.5,IF(K68<=19,3,IF(K68<=25,3.5,4)))))))*1.1 -> 8.8 | O68: =1.44*1.44*0.66 -> 1.368576 | P68: =M68*O68 -> 12.043469 | Q68: 120000 | R68: =Q68/1000*P68 -> 1445.2163 | S68: =IF(G68<>0,R68/G68*100,R68/(H68*21000)*100) -> 25.488823
A69: =1+A68 -> 67 | C69: D2B | E69: 3V0013700 | F69: 3VR3700 | H69: 0.8 | J69: A6061-T6 | K69: ø 25.5 (ø 20.5) | L69: 25 | M69: =(L69+(IF(K69<=4,1.5,IF(K69<=7,2,IF(K69<=11,2.5,IF(K69<=19,3,IF(K69<=25,3.5,4)))))))*1.1 -> 31.9 | N69: 25.5 | O69: =2.55*2.55*0.66 -> 4.29165 | P69: =M69*O69 -> 136.90364 | Q69: 120000 | R69: =Q69/1000*P69 -> 16428.436 | S69: =IF(G69<>0,R69/G69*100,R69/(H69*21000)*100) -> 97.788311
A70: =1+A69 -> 68 | C70: D2B | E70: 3V0013800 | F70: 3VR3800 | H70: 0.8 | J70: A6061-T6 | K70: ø 25.5 (ø 24) | L70: 13 | M70: =(L70+(IF(K70<=4,1.5,IF(K70<=7,2,IF(K70<=11,2.5,IF(K70<=19,3,IF(K70<=25,3.5,4)))))))*1.1 -> 18.7 | N70: 25.5 | O70: =2.55*2.55*0.66 -> 4.29165 | P70: =M70*O70 -> 80.253855 | Q70: 120000 | R70: =Q70/1000*P70 -> 9630.4626 | S70: =IF(G70<>0,R70/G70*100,R70/(H70*21000)*100) -> 57.324182
A71: =1+A70 -> 69 | C71: D2B | E71: 3V0013900 | F71: 3VR3900 | H71: 0.35 | J71: A6061-T6 | K71: ø 17 (ø 12.2) | L71: 7 | M71: =(L71+(IF(K71<=4,1.5,IF(K71<=7,2,IF(K71<=11,2.5,IF(K71<=19,3,IF(K71<=25,3.5,4)))))))*1.1 -> 12.1 | N71: 17 | O71: =1.7*1.7*0.66 -> 1.9074 | P71: =M71*O71 -> 23.07954 | Q71: 120000 | R71: =Q71/1000*P71 -> 2769.5448 | S71: =IF(G71<>0,R71/G71*100,R71/(H71*21000)*100) -> 37.680882
A72: =1+A71 -> 70 | C72: D2B | E72: 3V0024500 | F72: 3VR4500 | J72: A6061-T6 | K72: ø 27 (ø 22.1) | L72: 2 | M72: =(L72+(IF(K72<=4,1.5,IF(K72<=7,2,IF(K72<=11,2.5,IF(K72<=19,3,IF(K72<=25,3.5,4)))))))*1.1 -> 6.6 | N72: 27 | O72: =2.7*2.7*0.66 -> 4.8114 | P72: =M72*O72 -> 31.75524 | Q72: 120000 | R72: =Q72/1000*P72 -> 3810.6288 | S72: =IF(G72<>0,R72/G72*100,R72/(H72*21000)*100) -> #DIV/0!
A73: =1+A72 -> 71 | C73: D2B | E73: 3V0004800 | F73: 3VR4800 | H73: 0.1 | J73: A6061-T6 | K73: ø 15.8 (ø 10.25) | L73: 3.5 | M73: =(L73+(IF(K73<=4,1.5,IF(K73<=7,2,IF(K73<=11,2.5,IF(K73<=19,3,IF(K73<=25,3.5,4)))))))*1.1 -> 8.25 | O73: =1.58*1.58*0.66 -> 1.647624 | P73: =M73*O73 -> 13.592898 | Q73: 120000 | R73: =Q73/1000*P73 -> 1631.1478 | S73: =IF(G73<>0,R73/G73*100,R73/(H73*21000)*100) -> 77.673703
A74: =1+A73 -> 72 | C74: D2B | E74: 3V0004810 | F74: 3VR4810 | H74: 0.1 | J74: A6061-T6 | K74: ø 15.8 (ø 12.05) | L74: 3.5 | M74: =(L74+(IF(K74<=4,1.5,IF(K74<=7,2,IF(K74<=11,2.5,IF(K74<=19,3,IF(K74<=25,3.5,4)))))))*1.1 -> 8.25 | O74: =1.58*1.58*0.66 -> 1.647624 | P74: =M74*O74 -> 13.592898 | Q74: 120000 | R74: =Q74/1000*P74 -> 1631.1478 | S74: =IF(G74<>0,R74/G74*100,R74/(H74*21000)*100) -> 77.673703
A75: =1+A74 -> 73 | C75: D2B | E75: 3V0004820 | F75: 3VR4820 | H75: 0.1 | J75: A6061-T6 | K75: ø 15.8 (ø 12.55) | L75: 3.5 | M75: =(L75+(IF(K75<=4,1.5,IF(K75<=7,2,IF(K75<=11,2.5,IF(K75<=19,3,IF(K75<=25,3.5,4)))))))*1.1 -> 8.25 | O75: =1.58*1.58*0.66 -> 1.647624 | P75: =M75*O75 -> 13.592898 | Q75: 120000 | R75: =Q75/1000*P75 -> 1631.1478 | S75: =IF(G75<>0,R75/G75*100,R75/(H75*21000)*100) -> 77.673703
A76: =1+A75 -> 74 | C76: D2B | E76: 3V0004830 | F76: 3VR4830 | H76: 0.1 | J76: A6061-T6 | K76: ø 15.8 (ø 13.15) | L76: 3.5 | M76: =(L76+(IF(K76<=4,1.5,IF(K76<=7,2,IF(K76<=11,2.5,IF(K76<=19,3,IF(K76<=25,3.5,4)))))))*1.1 -> 8.25 | O76: =1.58*1.58*0.66 -> 1.647624 | P76: =M76*O76 -> 13.592898 | Q76: 120000 | R76: =Q76/1000*P76 -> 1631.1478 | S76: =IF(G76<>0,R76/G76*100,R76/(H76*21000)*100) -> 77.673703
A77: =1+A76 -> 75 | C77: D2B | E77: 3V0004900 | F77: 3VR4900 | H77: 0.112 | J77: A6061-T6 | K77: ø 22 (ø 20) | L77: 3.5 | M77: =(L77+(IF(K77<=4,1.5,IF(K77<=7,2,IF(K77<=11,2.5,IF(K77<=19,3,IF(K77<=25,3.5,4)))))))*1.1 -> 8.25 | N77: 22 | O77: =2.2*2.2*0.66 -> 3.1944 | P77: =M77*O77 -> 26.3538 | Q77: 120000 | R77: =Q77/1000*P77 -> 3162.456 | S77: =IF(G77<>0,R77/G77*100,R77/(H77*21000)*100) -> 134.45816
A78: =1+A77 -> 76 | C78: D2B | E78: 3V0005000 | F78: 3VR5000 | H78: 0.28 | J78: A6061-T6 | K78: ø 27.2 (ø 25.5) | L78: 4.5 | M78: =(L78+(IF(K78<=4,1.5,IF(K78<=7,2,IF(K78<=11,2.5,IF(K78<=19,3,IF(K78<=25,3.5,4)))))))*1.1 -> 9.35 | O78: =2.72*2.72*0.66 -> 4.882944 | P78: =M78*O78 -> 45.655526 | Q78: 120000 | R78: =Q78/1000*P78 -> 5478.6632 | S78: =IF(G78<>0,R78/G78*100,R78/(H78*21000)*100) -> 93.174544
A79: =1+A78 -> 77 | C79: D2B | E79: 3V0005400 | F79: 3VR5400 | J79: A6061-T6 | M79: =(L79+(IF(K79<=4,1.5,IF(K79<=7,2,IF(K79<=11,2.5,IF(K79<=19,3,IF(K79<=25,3.5,4)))))))*1.1 -> 1.65 | P79: =M79*O79 -> 0 | Q79: 120000 | R79: =Q79/1000*P79 -> 0 | S79: =IF(G79<>0,R79/G79*100,R79/(H79*21000)*100) -> #DIV/0!
A80: =1+A79 -> 78 | C80: D2B | E80: 3V0025600 | F80: 3VR5600A | H80: 0.69 | J80: A6061-T6 | M80: =(L80+(IF(K80<=4,1.5,IF(K80<=7,2,IF(K80<=11,2.5,IF(K80<=19,3,IF(K80<=25,3.5,4)))))))*1.1 -> 1.65 | P80: =M80*O80 -> 0 | Q80: 120000 | R80: =Q80/1000*P80 -> 0 | S80: =IF(G80<>0,R80/G80*100,R80/(H80*21000)*100) -> 0
A81: =1+A80 -> 79 | C81: D2B | E81: 3V0025700 | F81: 3VR5700A | H81: 1.42 | J81: A6061-T6 | M81: =(L81+(IF(K81<=4,1.5,IF(K81<=7,2,IF(K81<=11,2.5,IF(K81<=19,3,IF(K81<=25,3.5,4)))))))*1.1 -> 1.65 | P81: =M81*O81 -> 0 | Q81: 120000 | R81: =Q81/1000*P81 -> 0 | S81: =IF(G81<>0,R81/G81*100,R81/(H81*21000)*100) -> 0
A82: =1+A81 -> 80 | C82: D2B | E82: 3V0025710 | F82: 3VR5710 | H82: 1.4 | J82: A6061-T6 | M82: =(L82+(IF(K82<=4,1.5,IF(K82<=7,2,IF(K82<=11,2.5,IF(K82<=19,3,IF(K82<=25,3.5,4)))))))*1.1 -> 1.65 | P82: =M82*O82 -> 0 | Q82: 120000 | R82: =Q82/1000*P82 -> 0 | S82: =IF(G82<>0,R82/G82*100,R82/(H82*21000)*100) -> 0
A83: =1+A82 -> 81 | C83: D2B | E83: 3V0025720 | F83: 3VR5720 | H83: 1.38 | M83: =(L83+(IF(K83<=4,1.5,IF(K83<=7,2,IF(K83<=11,2.5,IF(K83<=19,3,IF(K83<=25,3.5,4)))))))*1.1 -> 1.65 | P83: =M83*O83 -> 0 | R83: =Q83/1000*P83 -> 0 | S83: =IF(G83<>0,R83/G83*100,R83/(H83*21000)*100) -> 0
A84: =1+A83 -> 82 | C84: D2B | E84: 3V0007300 | F84: 3VR7300 | H84: 0.16 | J84: A6061-T6 | M84: =(L84+(IF(K84<=4,1.5,IF(K84<=7,2,IF(K84<=11,2.5,IF(K84<=19,3,IF(K84<=25,3.5,4)))))))*1.1 -> 1.65 | P84: =M84*O84 -> 0 | Q84: 120000 | R84: =Q84/1000*P84 -> 0 | S84: =IF(G84<>0,R84/G84*100,R84/(H84*21000)*100) -> 0
A85: =1+A84 -> 83 | C85: D2B | E85: 3V0007400 | F85: 3VR7400 | H85: 0.24 | J85: A6061-T6 | K85: ø 28 (ø 18.1) | L85: 2.5 | M85: =(L85+(IF(K85<=4,1.5,IF(K85<=7,2,IF(K85<=11,2.5,IF(K85<=19,3,IF(K85<=25,3.5,4)))))))*1.1 -> 7.15 | N85: 28 | O85: =2.8*2.8*0.66 -> 5.1744 | P85: =M85*O85 -> 36.99696 | Q85: 120000 | R85: =Q85/1000*P85 -> 4439.6352 | S85: =IF(G85<>0,R85/G85*100,R85/(H85*21000)*100) -> 88.088
A86: =1+A85 -> 84 | C86: D2B | E86: 3V0007410 | F86: 3VR7410 | H86: 0.24 | J86: A6061-T6 | K86: ø 28 (ø 18.1) | L86: 2.5 | M86: =(L86+(IF(K86<=4,1.5,IF(K86<=7,2,IF(K86<=11,2.5,IF(K86<=19,3,IF(K86<=25,3.5,4)))))))*1.1 -> 7.15 | N86: 28 | O86: =2.8*2.8*0.66 -> 5.1744 | P86: =M86*O86 -> 36.99696 | Q86: 120000 | R86: =Q86/1000*P86 -> 4439.6352 | S86: =IF(G86<>0,R86/G86*100,R86/(H86*21000)*100) -> 88.088
A87: =1+A86 -> 85 | C87: D2B | E87: 3V0007600 | F87: 3VR7600A | H87: 0.22 | J87: A6061-T6 | M87: =(L87+(IF(K87<=4,1.5,IF(K87<=7,2,IF(K87<=11,2.5,IF(K87<=19,3,IF(K87<=25,3.5,4)))))))*1.1 -> 1.65 | P87: =M87*O87 -> 0 | Q87: 120000 | R87: =Q87/1000*P87 -> 0 | S87: =IF(G87<>0,R87/G87*100,R87/(H87*21000)*100) -> 0
A88: =1+A87 -> 86 | C88: D2B | E88: 3V0017701 | F88: 3VR7701 | H88: 0.3 | J88: A6061-T6 | M88: =(L88+(IF(K88<=4,1.5,IF(K88<=7,2,IF(K88<=11,2.5,IF(K88<=19,3,IF(K88<=25,3.5,4)))))))*1.1 -> 1.65 | P88: =M88*O88 -> 0 | Q88: 120000 | R88: =Q88/1000*P88 -> 0 | S88: =IF(G88<>0,R88/G88*100,R88/(H88*21000)*100) -> 0
A89: =1+A88 -> 87 | C89: D2B | E89: 3V0018900 | F89: 3VR8900 | H89: 0.258 | J89: A6061-T6 | K89: ø 15 (ø 11.85) | L89: 4 | M89: =(L89+(IF(K89<=4,1.5,IF(K89<=7,2,IF(K89<=11,2.5,IF(K89<=19,3,IF(K89<=25,3.5,4)))))))*1.1 -> 8.8 | N89: 15 | O89: =1.5*1.5*0.66 -> 1.485 | P89: =M89*O89 -> 13.068 | Q89: 120000 | R89: =Q89/1000*P89 -> 1568.16 | S89: =IF(G89<>0,R89/G89*100,R89/(H89*21000)*100) -> 28.943522
A90: =1+A89 -> 88 | C90: D2B | E90: 3V0029200 | F90: 3VR9200A | H90: 0.5 | J90: A6061-T6 | M90: =(L90+(IF(K90<=4,1.5,IF(K90<=7,2,IF(K90<=11,2.5,IF(K90<=19,3,IF(K90<=25,3.5,4)))))))*1.1 -> 1.65 | P90: =M90*O90 -> 0 | Q90: 120000 | R90: =Q90/1000*P90 -> 0 | S90: =IF(G90<>0,R90/G90*100,R90/(H90*21000)*100) -> 0
A91: =1+A90 -> 89 | C91: D2B | E91: 3V0029220 | F91: 3VR9220 | H91: 0.51 | J91: A6061-T6 | M91: =(L91+(IF(K91<=4,1.5,IF(K91<=7,2,IF(K91<=11,2.5,IF(K91<=19,3,IF(K91<=25,3.5,4)))))))*1.1 -> 1.65 | P91: =M91*O91 -> 0 | Q91: 120000 | R91: =Q91/1000*P91 -> 0 | S91: =IF(G91<>0,R91/G91*100,R91/(H91*21000)*100) -> 0
A92: =1+A91 -> 90 | C92: D2B | E92: 3V0029230 | F92: 3VR9230 | H92: 0.5 | J92: A6061-T6 | M92: =(L92+(IF(K92<=4,1.5,IF(K92<=7,2,IF(K92<=11,2.5,IF(K92<=19,3,IF(K92<=25,3.5,4)))))))*1.1 -> 1.65 | P92: =M92*O92 -> 0 | Q92: 120000 | R92: =Q92/1000*P92 -> 0 | S92: =IF(G92<>0,R92/G92*100,R92/(H92*21000)*100) -> 0
A93: =1+A92 -> 91 | C93: D2B | E93: 3V0029400 | F93: 3VR9400A | H93: 0.41 | J93: A6061-T6 | M93: =(L93+(IF(K93<=4,1.5,IF(K93<=7,2,IF(K93<=11,2.5,IF(K93<=19,3,IF(K93<=25,3.5,4)))))))*1.1 -> 1.65 | P93: =M93*O93 -> 0 | Q93: 120000 | R93: =Q93/1000*P93 -> 0 | S93: =IF(G93<>0,R93/G93*100,R93/(H93*21000)*100) -> 0
A94: =1+A93 -> 92 | C94: D2B | E94: 3V0029420 | F94: 3VR9420 | H94: 0.41 | J94: A6061-T6 | M94: =(L94+(IF(K94<=4,1.5,IF(K94<=7,2,IF(K94<=11,2.5,IF(K94<=19,3,IF(K94<=25,3.5,4)))))))*1.1 -> 1.65 | P94: =M94*O94 -> 0 | Q94: 120000 | R94: =Q94/1000*P94 -> 0 | S94: =IF(G94<>0,R94/G94*100,R94/(H94*21000)*100) -> 0
A95: =1+A94 -> 93 | C95: D2B | E95: 3V0029500 | F95: 3VR9500 | H95: 0.57 | J95: A6061-T6 | M95: =(L95+(IF(K95<=4,1.5,IF(K95<=7,2,IF(K95<=11,2.5,IF(K95<=19,3,IF(K95<=25,3.5,4)))))))*1.1 -> 1.65 | P95: =M95*O95 -> 0 | Q95: 120000 | R95: =Q95/1000*P95 -> 0 | S95: =IF(G95<>0,R95/G95*100,R95/(H95*21000)*100) -> 0
A96: =1+A95 -> 94 | C96: D2B | E96: 3V0019700 | F96: 3VR9700 | H96: 0.35 | J96: A6061-T6 | M96: =(L96+(IF(K96<=4,1.5,IF(K96<=7,2,IF(K96<=11,2.5,IF(K96<=19,3,IF(K96<=25,3.5,4)))))))*1.1 -> 1.65 | P96: =M96*O96 -> 0 | Q96: 120000 | R96: =Q96/1000*P96 -> 0 | S96: =IF(G96<>0,R96/G96*100,R96/(H96*21000)*100) -> 0

Sheet don hang
A1: PO No | B1: KH Code | C1: VF Code | D1: Đơn giá | E1: =Info!B16 -> 43221 | F1: =Info!B19 -> 43252 | G1: =Info!B22 -> 43282 | H1: TOTAL | I1: Order Price
E2: =SUM(E3:E920) -> #REF! | F2: =SUM(F3:F920) -> #REF! | G2: =SUM(G3:G920) -> #REF! | H2: =SUM(E2:G2) -> #REF!
A3: =IF(B3="","", Info!$B$2) -> DVN-FP3330-180404 | B3: 6G1525020 | C3: =IF(B3="","",IFERROR(VLOOKUP(B3,Reel!$E$3:$F$1013,2,0),VLOOKUP(B3,Ring!$E$3:$F$1000,2,0))) -> #N/A | D3: =IF(C3="","",IFERROR(VLOOKUP(C3,Reel!$F$2:$H$1013,3,0),VLOOKUP(C3,Ring!$F$3:$H$1000,3,0))) -> #N/A | E3: =IF(B3="","",SUMIFS(INDIRECT("'["&Info!$B$5&"]"&Info!$B$6&"'!"&Info!$B$11),INDIRECT("'["&Info!$B$5&"]"&Info!$B$6&"'!"&Info!$B$9),B3,INDIRECT("'["&Info!$B$5&"]"&Info!$B$6&"'!"&Info!$B$15),">="&Info!$B$17,INDIRECT("'["&Info!$B$5&"]"&Info!$B$6&"'!"&Info!$B$15),"<="&Info!$B$18)) -> #REF! | F3: =IF(B3="","",SUMIFS(INDIRECT("'["&Info!$B$5&"]"&Info!$B$6&"'!"&Info!$B$11),INDIRECT("'["&Info!$B$5&"]"&Info!$B$6&"'!"&Info!$B$9),B3,INDIRECT("'["&Info!$B$5&"]"&Info!$B$6&"'!"&Info!$B$15),">="&Info!$B$20,INDIRECT("'["&Info!$B$5&"]"&Info!$B$6&"'!"&Info!$B$15),"<="&Info!$B$21)) -> #REF! | G3: =IF(B3="","",SUMIFS(INDIRECT("'["&Info!$B$5&"]"&Info!$B$6&"'!"&Info!$B$11),INDIRECT("'["&Info!$B$5&"]"&Info!$B$6&"'!"&Info!$B$9),B3,INDIRECT("'["&Info!$B$5&"]"&Info!$B$6&"'!"&Info!$B$15),">="&Info!$B$23,INDIRECT("'["&Info!$B$5&"]"&Info!$B$6&"'!"&Info!$B$15),"<="&Info!$B$24)) -> #REF! | H3: =SUM(E3:G3) -> #REF! | I3: =IF(B3="","",IFERROR(SUMIF(INDIRECT("'["&Info!$B$5&"]"&Info!$B$6&"'!"&Info!$B$9),B3,INDIRECT("'["&Info!$B$5&"]"&Info!$B$6&"'!"&Info!$B$13))/COUNTIF(INDIRECT("'["&Info!$B$5&"]"&Info!$B$6&"'!"&Info!$B$9),B3),D3)) -> #N/A
A4: =IF(B4="","", Info!$B$2) -> DVN-FP3330-180404 | B4: 6H0191011 | C4: =IF(B4="","",IFERROR(VLOOKUP(B4,Reel!$E$3:$F$1013,2,0),VLOOKUP(B4,Ring!$E$3:$F$1000,2,0))) -> #N/A | D4: =IF(C4="","",IFERROR(VLOOKUP(C4,Reel!$F$2:$H$1013,3,0),VLOOKUP(C4,Ring!$F$3:$H$1000,3,0))) -> #N/A | E4: =IF(B4="","",SUMIFS(INDIRECT("'["&Info!$B$5&"]"&Info!$B$6&"'!"&Info!$B$11),INDIRECT("'["&Info!$B$5&"]"&Info!$B$6&"'!"&Info!$B$9),B4,INDIRECT("'["&Info!$B$5&"]"&Info!$B$6&"'!"&Info!$B$15),">="&Info!$B$17,INDIRECT("'["&Info!$B$5&"]"&Info!$B$6&"'!"&Info!$B$15),"<="&Info!$B$18)) -> #REF! | F4: =IF(B4="","",SUMIFS(INDIRECT("'["&Info!$B$5&"]"&Info!$B$6&"'!"&Info!$B$11),INDIRECT("'["&Info!$B$5&"]"&Info!$B$6&"'!"&Info!$B$9),B4,INDIRECT("'["&Info!$B$5&"]"&Info!$B$6&"'!"&Info!$B$15),">="&Info!$B$20,INDIRECT("'["&Info!$B$5&"]"&Info!$B$6&"'!"&Info!$B$15),"<="&Info!$B$21)) -> #REF! | G4: =IF(B4="","",SUMIFS(INDIRECT("'["&Info!$B$5&"]"&Info!$B$6&"'!"&Info!$B$11),INDIRECT("'["&Info!$B$5&"]"&Info!$B$6&"'!"&Info!$B$9),B4,INDIRECT("'["&Info!$B$5&"]"&Info!$B$6&"'!"&Info!$B$15),">="&Info!$B$23,INDIRECT("'["&Info!$B$5&"]"&Info!$B$6&"'!"&Info!$B$15),"<="&Info!$B$24)) -> #REF! | H4: =SUM(E4:G4) -> #REF! | I4: =IF(B4="","",IFERROR(SUMIF(INDIRECT("'["&Info!$B$5&"]"&Info!$B$6&"'!"&Info!$B$9),B4,INDIRECT("'["&Info!$B$5&"]"&Info!$B$6&"'!"&Info!$B$13))/COUNTIF(INDIRECT("'["&Info!$B$5&"]"&Info!$B$6&"'!"&Info!$B$9),B4),D4)) -> #N/A
A5: =IF(B5="","", Info!$B$2) -> DVN-FP3330-180404 | B5: 6G9810011 | C5: =IF(B5="","",IFERROR(VLOOKUP(B5,Reel!$E$3:$F$1013,2,0),VLOOKUP(B5,Ring!$E$3:$F$1000,2,0))) -> #N/A | D5: =IF(C5="","",IFERROR(VLOOKUP(C5,Reel!$F$2:$H$1013,3,0),VLOOKUP(C5,Ring!$F$3:$H$1000,3,0))) -> #N/A | E5: =IF(B5="","",SUMIFS(INDIRECT("'["&Info!$B$5&"]"&Info!$B$6&"'!"&Info!$B$11),INDIRECT("'["&Info!$B$5&"]"&Info!$B$6&"'!"&Info!$B$9),B5,INDIRECT("'["&Info!$B$5&"]"&Info!$B$6&"'!"&Info!$B$15),">="&Info!$B$17,INDIRECT("'["&Info!$B$5&"]"&Info!$B$6&"'!"&Info!$B$15),"<="&Info!$B$18)) -> #REF! | F5: =IF(B5="","",SUMIFS(INDIRECT("'["&Info!$B$5&"]"&Info!$B$6&"'!"&Info!$B$11),INDIRECT("'["&Info!$B$5&"]"&Info!$B$6&"'!"&Info!$B$9),B5,INDIRECT("'["&Info!$B$5&"]"&Info!$B$6&"'!"&Info!$B$15),">="&Info!$B$20,INDIRECT("'["&Info!$B$5&"]"&Info!$B$6&"'!"&Info!$B$15),"<="&Info!$B$21)) -> #REF! | G5: =IF(B5="","",SUMIFS(INDIRECT("'["&Info!$B$5&"]"&Info!$B$6&"'!"&Info!$B$11),INDIRECT("'["&Info!$B$5&"]"&Info!$B$6&"'!"&Info!$B$9),B5,INDIRECT("'["&Info!$B$5&"]"&Info!$B$6&"'!"&Info!$B$15),">="&Info!$B$23,INDIRECT("'["&Info!$B$5&"]"&Info!$B$6&"'!"&Info!$B$15),"<="&Info!$B$24)) -> #REF! | H5: =SUM(E5:G5) -> #REF! | I5: =IF(B5="","",IFERROR(SUMIF(INDIRECT("'["&Info!$B$5&"]"&Info!$B$6&"'!"&Info!$B$9),B5,INDIRECT("'["&Info!$B$5&"]"&Info!$B$6&"'!"&Info!$B$13))/COUNTIF(INDIRECT("'["&Info!$B$5&"]"&Info!$B$6&"'!"&Info!$B$9),B5),D5)) -> #N/A
A6: =IF(B6="","", Info!$B$2) -> DVN-FP3330-180404 | B6: 6H3544011 | C6: =IF(B6="","",IFERROR(VLOOKUP(B6,Reel!$E$3:$F$1013,2,0),VLOOKUP(B6,Ring!$E$3:$F$1000,2,0))) -> #N/A | D6: =IF(C6="","",IFERROR(VLOOKUP(C6,Reel!$F$2:$H$1013,3,0),VLOOKUP(C6,Ring!$F$3:$H$1000,3,0))) -> #N/A | E6: =IF(B6="","",SUMIFS(INDIRECT("'["&Info!$B$5&"]"&Info!$B$6&"'!"&Info!$B$11),INDIRECT("'["&Info!$B$5&"]"&Info!$B$6&"'!"&Info!$B$9),B6,INDIRECT("'["&Info!$B$5&"]"&Info!$B$6&"'!"&Info!$B$15),">="&Info!$B$17,INDIRECT("'["&Info!$B$5&"]"&Info!$B$6&"'!"&Info!$B$15),"<="&Info!$B$18)) -> #REF! | F6: =IF(B6="","",SUMIFS(INDIRECT("'["&Info!$B$5&"]"&Info!$B$6&"'!"&Info!$B$11),INDIRECT("'["&Info!$B$5&"]"&Info!$B$6&"'!"&Info!$B$9),B6,INDIRECT("'["&Info!$B$5&"]"&Info!$B$6&"'!"&Info!$B$15),">="&Info!$B$20,INDIRECT("'["&Info!$B$5&"]"&Info!$B$6&"'!"&Info!$B$15),"<="&Info!$B$21)) -> #REF! | G6: =IF(B6="","",SUMIFS(INDIRECT("'["&Info!$B$5&"]"&Info!$B$6&"'!"&Info!$B$11),INDIRECT("'["&Info!$B$5&"]"&Info!$B$6&"'!"&Info!$B$9),B6,INDIRECT("'["&Info!$B$5&"]"&Info!$B$6&"'!"&Info!$B$15),">="&Info!$B$23,INDIRECT("'["&Info!$B$5&"]"&Info!$B$6&"'!"&Info!$B$15),"<="&Info!$B$24)) -> #REF! | H6: =SUM(E6:G6) -> #REF! | I6: =IF(B6="","",IFERROR(SUMIF(INDIRECT("'["&Info!$B$5&"]"&Info!$B$6&"'!"&Info!$B$9),B6,INDIRECT("'["&Info!$B$5&"]"&Info!$B$6&"'!"&Info!$B$13))/COUNTIF(INDIRECT("'["&Info!$B$5&"]"&Info!$B$6&"'!"&Info!$B$9),B6),D6)) -> #N/A
A7: =IF(B7="","", Info!$B$2) -> DVN-FP3330-180404 | B7: 6H0499010 | C7: =IF(B7="","",IFERROR(VLOOKUP(B7,Reel!$E$3:$F$1013,2,0),VLOOKUP(B7,Ring!$E$3:$F$1000,2,0))) -> #N/A | D7: =IF(C7="","",IFERROR(VLOOKUP(C7,Reel!$F$2:$H$1013,3,0),VLOOKUP(C7,Ring!$F$3:$H$1000,3,0))) -> #N/A | E7: =IF(B7="","",SUMIFS(INDIRECT("'["&Info!$B$5&"]"&Info!$B$6&"'!"&Info!$B$11),INDIRECT("'["&Info!$B$5&"]"&Info!$B$6&"'!"&Info!$B$9),B7,INDIRECT("'["&Info!$B$5&"]"&Info!$B$6&"'!"&Info!$B$15),">="&Info!$B$17,INDIRECT("'["&Info!$B$5&"]"&Info!$B$6&"'!"&Info!$B$15),"<="&Info!$B$18)) -> #REF! | F7: =IF(B7="","",SUMIFS(INDIRECT("'["&Info!$B$5&"]"&Info!$B$6&"'!"&Info!$B$11),INDIRECT("'["&Info!$B$5&"]"&Info!$B$6&"'!"&Info!$B$9),B7,INDIRECT("'["&Info!$B$5&"]"&Info!$B$6&"'!"&Info!$B$15),">="&Info!$B$20,INDIRECT("'["&Info!$B$5&"]"&Info!$B$6&"'!"&Info!$B$15),"<="&Info!$B$21)) -> #REF! | G7: =IF(B7="","",SUMIFS(INDIRECT("'["&Info!$B$5&"]"&Info!$B$6&"'!"&Info!$B$11),INDIRECT("'["&Info!$B$5&"]"&Info!$B$6&"'!"&Info!$B$9),B7,INDIRECT("'["&Info!$B$5&"]"&Info!$B$6&"'!"&Info!$B$15),">="&Info!$B$23,INDIRECT("'["&Info!$B$5&"]"&Info!$B$6&"'!"&Info!$B$15),"<="&Info!$B$24)) -> #REF! | H7: =SUM(E7:G7) -> #REF! | I7: =IF(B7="","",IFERROR(SUMIF(INDIRECT("'["&Info!$B$5&"]"&Info!$B$6&"'!"&Info!$B$9),B7,INDIRECT("'["&Info!$B$5&"]"&Info!$B$6&"'!"&Info!$B$13))/COUNTIF(INDIRECT("'["&Info!$B$5&"]"&Info!$B$6&"'!"&Info!$B$9),B7),D7)) -> #N/A
A8: =IF(B8="","", Info!$B$2) -> DVN-FP3330-180404 | B8: 6G1768020 | C8: =IF(B8="","",IFERROR(VLOOKUP(B8,Reel!$E$3:$F$1013,2,0),VLOOKUP(B8,Ring!$E$3:$F$1000,2,0))) -> #N/A | D8: =IF(C8="","",IFERROR(VLOOKUP(C8,Reel!$F$2:$H$1013,3,0),VLOOKUP(C8,Ring!$F$3:$H$1000,3,0))) -> #N/A | E8: =IF(B8="","",SUMIFS(INDIRECT("'["&Info!$B$5&"]"&Info!$B$6&"'!"&Info!$B$11),INDIRECT("'["&Info!$B$5&"]"&Info!$B$6&"'!"&Info!$B$9),B8,INDIRECT("'["&Info!$B$5&"]"&Info!$B$6&"'!"&Info!$B$15),">="&Info!$B$17,INDIRECT("'["&Info!$B$5&"]"&Info!$B$6&"'!"&Info!$B$15),"<="&Info!$B$18)) -> #REF! | F8: =IF(B8="","",SUMIFS(INDIRECT("'["&Info!$B$5&"]"&Info!$B$6&"'!"&Info!$B$11),INDIRECT("'["&Info!$B$5&"]"&Info!$B$6&"'!"&Info!$B$9),B8,INDIRECT("'["&Info!$B$5&"]"&Info!$B$6&"'!"&Info!$B$15),">="&Info!$B$20,INDIRECT("'["&Info!$B$5&"]"&Info!$B$6&"'!"&Info!$B$15),"<="&Info!$B$21)) -> #REF! | G8: =IF(B8="","",SUMIFS(INDIRECT("'["&Info!$B$5&"]"&Info!$B$6&"'!"&Info!$B$11),INDIRECT("'["&Info!$B$5&"]"&Info!$B$6&"'!"&Info!$B$9),B8,INDIRECT("'["&Info!$B$5&"]"&Info!$B$6&"'!"&Info!$B$15),">="&Info!$B$23,INDIRECT("'["&Info!$B$5&"]"&Info!$B$6&"'!"&Info!$B$15),"<="&Info!$B$24)) -> #REF! | H8: =SUM(E8:G8) -> #REF! | I8: =IF(B8="","",IFERROR(SUMIF(INDIRECT("'["&Info!$B$5&"]"&Info!$B$6&"'!"&Info!$B$9),B8,INDIRECT("'["&Info!$B$5&"]"&Info!$B$6&"'!"&Info!$B$13))/COUNTIF(INDIRECT("'["&Info!$B$5&"]"&Info!$B$6&"'!"&Info!$B$9),B8),D8)) -> #N/A
A9: =IF(B9="","", Info!$B$2) -> DVN-FP3330-180404 | B9: 6H3554010 | C9: =IF(B9="","",IFERROR(VLOOKUP(B9,Reel!$E$3:$F$1013,2,0),VLOOKUP(B9,Ring!$E$3:$F$1000,2,0))) -> #N/A | D9: =IF(C9="","",IFERROR(VLOOKUP(C9,Reel!$F$2:$H$1013,3,0),VLOOKUP(C9,Ring!$F$3:$H$1000,3,0))) -> #N/A | E9: =IF(B9="","",SUMIFS(INDIRECT("'["&Info!$B$5&"]"&Info!$B$6&"'!"&Info!$B$11),INDIRECT("'["&Info!$B$5&"]"&Info!$B$6&"'!"&Info!$B$9),B9,INDIRECT("'["&Info!$B$5&"]"&Info!$B$6&"'!"&Info!$B$15),">="&Info!$B$17,INDIRECT("'["&Info!$B$5&"]"&Info!$B$6&"'!"&Info!$B$15),"<="&Info!$B$18)) -> #REF! | F9: =IF(B9="","",SUMIFS(INDIRECT("'["&Info!$B$5&"]"&Info!$B$6&"'!"&Info!$B$11),INDIRECT("'["&Info!$B$5&"]"&Info!$B$6&"'!"&Info!$B$9),B9,INDIRECT("'["&Info!$B$5&"]"&Info!$B$6&"'!"&Info!$B$15),">="&Info!$B$20,INDIRECT("'["&Info!$B$5&"]"&Info!$B$6&"'!"&Info!$B$15),"<="&Info!$B$21)) -> #REF! | G9: =IF(B9="","",SUMIFS(INDIRECT("'["&Info!$B$5&"]"&Info!$B$6&"'!"&Info!$B$11),INDIRECT("'["&Info!$B$5&"]"&Info!$B$6&"'!"&Info!$B$9),B9,INDIRECT("'["&Info!$B$5&"]"&Info!$B$6&"'!"&Info!$B$15),">="&Info!$B$23,INDIRECT("'["&Info!$B$5&"]"&Info!$B$6&"'!"&Info!$B$15),"<="&Info!$B$24)) -> #REF! | H9: =SUM(E9:G9) -> #REF! | I9: =IF(B9="","",IFERROR(SUMIF(INDIRECT("'["&Info!$B$5&"]"&Info!$B$6&"'!"&Info!$B$9),B9,INDIRECT("'["&Info!$B$5&"]"&Info!$B$6&"'!"&Info!$B$13))/COUNTIF(INDIRECT("'["&Info!$B$5&"]"&Info!$B$6&"'!"&Info!$B$9),B9),D9)) -> #N/A
A10: =IF(B10="","", Info!$B$2) -> DVN-FP3330-180404 | B10: 6G5101010 | C10: =IF(B10="","",IFERROR(VLOOKUP(B10,Reel!$E$3:$F$1013,2,0),VLOOKUP(B10,Ring!$E$3:$F$1000,2,0))) -> #N/A | D10: =IF(C10="","",IFERROR(VLOOKUP(C10,Reel!$F$2:$H$1013,3,0),VLOOKUP(C10,Ring!$F$3:$H$1000,3,0))) -> #N/A | E10: =IF(B10="","",SUMIFS(INDIRECT("'["&Info!$B$5&"]"&Info!$B$6&"'!"&Info!$B$11),INDIRECT("'["&Info!$B$5&"]"&Info!$B$6&"'!"&Info!$B$9),B10,INDIRECT("'["&Info!$B$5&"]"&Info!$B$6&"'!"&Info!$B$15),">="&Info!$B$17,INDIRECT("'["&Info!$B$5&"]"&Info!$B$6&"'!"&Info!$B$15),"<="&Info!$B$18)) -> #REF! | F10: =IF(B10="","",SUMIFS(INDIRECT("'["&Info!$B$5&"]"&Info!$B$6&"'!"&Info!$B$11),INDIRECT("'["&Info!$B$5&"]"&Info!$B$6&"'!"&Info!$B$9),B10,INDIRECT("'["&Info!$B$5&"]"&Info!$B$6&"'!"&Info!$B$15),">="&Info!$B$20,INDIRECT("'["&Info!$B$5&"]"&Info!$B$6&"'!"&Info!$B$15),"<="&Info!$B$21)) -> #REF! | G10: =IF(B10="","",SUMIFS(INDIRECT("'["&Info!$B$5&"]"&Info!$B$6&"'!"&Info!$B$11),INDIRECT("'["&Info!$B$5&"]"&Info!$B$6&"'!"&Info!$B$9),B10,INDIRECT("'["&Info!$B$5&"]"&Info!$B$6&"'!"&Info!$B$15),">="&Info!$B$23,INDIRECT("'["&Info!$B$5&"]"&Info!$B$6&"'!"&Info!$B$15),"<="&Info!$B$24)) -> #REF! | H10: =SUM(E10:G10) -> #REF! | I10: =IF(B10="","",IFERROR(SUMIF(INDIRECT("'["&Info!$B$5&"]"&Info!$B$6&"'!"&Info!$B$9),B10,INDIRECT("'["&Info!$B$5&"]"&Info!$B$6&"'!"&Info!$B$13))/COUNTIF(INDIRECT("'["&Info!$B$5&"]"&Info!$B$6&"'!"&Info!$B$9),B10),D10)) -> #N/A
A11: =IF(B11="","", Info!$B$2) -> DVN-FP3330-180404 | B11: 6B6854010 | C11: =IF(B11="","",IFERROR(VLOOKUP(B11,Reel!$E$3:$F$1013,2,0),VLOOKUP(B11,Ring!$E$3:$F$1000,2,0))) -> #N/A | D11: =IF(C11="","",IFERROR(VLOOKUP(C11,Reel!$F$2:$H$1013,3,0),VLOOKUP(C11,Ring!$F$3:$H$1000,3,0))) -> #N/A | E11: =IF(B11="","",SUMIFS(INDIRECT("'["&Info!$B$5&"]"&Info!$B$6&"'!"&Info!$B$11),INDIRECT("'["&Info!$B$5&"]"&Info!$B$6&"'!"&Info!$B$9),B11,INDIRECT("'["&Info!$B$5&"]"&Info!$B$6&"'!"&Info!$B$15),">="&Info!$B$17,INDIRECT("'["&Info!$B$5&"]"&Info!$B$6&"'!"&Info!$B$15),"<="&Info!$B$18)) -> #REF! | F11: =IF(B11="","",SUMIFS(INDIRECT("'["&Info!$B$5&"]"&Info!$B$6&"'!"&Info!$B$11),INDIRECT("'["&Info!$B$5&"]"&Info!$B$6&"'!"&Info!$B$9),B11,INDIRECT("'["&Info!$B$5&"]"&Info!$B$6&"'!"&Info!$B$15),">="&Info!$B$20,INDIRECT("'["&Info!$B$5&"]"&Info!$B$6&"'!"&Info!$B$15),"<="&Info!$B$21)) -> #REF! | G11: =IF(B11="","",SUMIFS(INDIRECT("'["&Info!$B$5&"]"&Info!$B$6&"'!"&Info!$B$11),INDIRECT("'["&Info!$B$5&"]"&Info!$B$6&"'!"&Info!$B$9),B11,INDIRECT("'["&Info!$B$5&"]"&Info!$B$6&"'!"&Info!$B$15),">="&Info!$B$23,INDIRECT("'["&Info!$B$5&"]"&Info!$B$6&"'!"&Info!$B$15),"<="&Info!$B$24)) -> #REF! | H11: =SUM(E11:G11) -> #REF! | I11: =IF(B11="","",IFERROR(SUMIF(INDIRECT("'["&Info!$B$5&"]"&Info!$B$6&"'!"&Info!$B$9),B11,INDIRECT("'["&Info!$B$5&"]"&Info!$B$6&"'!"&Info!$B$13))/COUNTIF(INDIRECT("'["&Info!$B$5&"]"&Info!$B$6&"'!"&Info!$B$9),B11),D11)) -> #N/A
A12: =IF(B12="","", Info!$B$2) -> DVN-FP3330-180404 | B12: 6H5762011 | C12: =IF(B12="","",IFERROR(VLOOKUP(B12,Reel!$E$3:$F$1013,2,0),VLOOKUP(B12,Ring!$E$3:$F$1000,2,0))) -> #N/A | D12: =IF(C12="","",IFERROR(VLOOKUP(C12,Reel!$F$2:$H$1013,3,0),VLOOKUP(C12,Ring!$F$3:$H$1000,3,0))) -> #N/A | E12: =IF(B12="","",SUMIFS(INDIRECT("'["&Info!$B$5&"]"&Info!$B$6&"'!"&Info!$B$11),INDIRECT("'["&Info!$B$5&"]"&Info!$B$6&"'!"&Info!$B$9),B12,INDIRECT("'["&Info!$B$5&"]"&Info!$B$6&"'!"&Info!$B$15),">="&Info!$B$17,INDIRECT("'["&Info!$B$5&"]"&Info!$B$6&"'!"&Info!$B$15),"<="&Info!$B$18)) -> #REF! | F12: =IF(B12="","",SUMIFS(INDIRECT("'["&Info!$B$5&"]"&Info!$B$6&"'!"&Info!$B$11),INDIRECT("'["&Info!$B$5&"]"&Info!$B$6&"'!"&Info!$B$9),B12,INDIRECT("'["&Info!$B$5&"]"&Info!$B$6&"'!"&Info!$B$15),">="&Info!$B$20,INDIRECT("'["&Info!$B$5&"]"&Info!$B$6&"'!"&Info!$B$15),"<="&Info!$B$21)) -> #REF! | G12: =IF(B12="","",SUMIFS(INDIRECT("'["&Info!$B$5&"]"&Info!$B$6&"'!"&Info!$B$11),INDIRECT("'["&Info!$B$5&"]"&Info!$B$6&"'!"&Info!$B$9),B12,INDIRECT("'["&Info!$B$5&"]"&Info!$B$6&"'!"&Info!$B$15),">="&Info!$B$23,INDIRECT("'["&Info!$B$5&"]"&Info!$B$6&"'!"&Info!$B$15),"<="&Info!$B$24)) -> #REF! | H12: =SUM(E12:G12) -> #REF! | I12: =IF(B12="","",IFERROR(SUMIF(INDIRECT("'["&Info!$B$5&"]"&Info!$B$6&"'!"&Info!$B$9),B12,INDIRECT("'["&Info!$B$5&"]"&Info!$B$6&"'!"&Info!$B$13))/COUNTIF(INDIRECT("'["&Info!$B$5&"]"&Info!$B$6&"'!"&Info!$B$9),B12),D12)) -> #N/A
A13: =IF(B13="","", Info!$B$2) -> DVN-FP3330-180404 | B13: 6B6825010 | C13: =IF(B13="","",IFERROR(VLOOKUP(B13,Reel!$E$3:$F$1013,2,0),VLOOKUP(B13,Ring!$E$3:$F$1000,2,0))) -> #N/A | D13: =IF(C13="","",IFERROR(VLOOKUP(C13,Reel!$F$2:$H$1013,3,0),VLOOKUP(C13,Ring!$F$3:$H$1000,3,0))) -> #N/A | E13: =IF(B13="","",SUMIFS(INDIRECT("'["&Info!$B$5&"]"&Info!$B$6&"'!"&Info!$B$11),INDIRECT("'["&Info!$B$5&"]"&Info!$B$6&"'!"&Info!$B$9),B13,INDIRECT("'["&Info!$B$5&"]"&Info!$B$6&"'!"&Info!$B$15),">="&Info!$B$17,INDIRECT("'["&Info!$B$5&"]"&Info!$B$6&"'!"&Info!$B$15),"<="&Info!$B$18)) -> #REF! | F13: =IF(B13="","",SUMIFS(INDIRECT("'["&Info!$B$5&"]"&Info!$B$6&"'!"&Info!$B$11),INDIRECT("'["&Info!$B$5&"]"&Info!$B$6&"'!"&Info!$B$9),B13,INDIRECT("'["&Info!$B$5&"]"&Info!$B$6&"'!"&Info!$B$15),">="&Info!$B$20,INDIRECT("'["&Info!$B$5&"]"&Info!$B$6&"'!"&Info!$B$15),"<="&Info!$B$21)) -> #REF! | G13: =IF(B13="","",SUMIFS(INDIRECT("'["&Info!$B$5&"]"&Info!$B$6&"'!"&Info!$B$11),INDIRECT("'["&Info!$B$5&"]"&Info!$B$6&"'!"&Info!$B$9),B13,INDIRECT("'["&Info!$B$5&"]"&Info!$B$6&"'!"&Info!$B$15),">="&Info!$B$23,INDIRECT("'["&Info!$B$5&"]"&Info!$B$6&"'!"&Info!$B$15),"<="&Info!$B$24)) -> #REF! | H13: =SUM(E13:G13) -> #REF! | I13: =IF(B13="","",IFERROR(SUMIF(INDIRECT("'["&Info!$B$5&"]"&Info!$B$6&"'!"&Info!$B$9),B13,INDIRECT("'["&Info!$B$5&"]"&Info!$B$6&"'!"&Info!$B$13))/COUNTIF(INDIRECT("'["&Info!$B$5&"]"&Info!$B$6&"'!"&Info!$B$9),B13),D13)) -> #N/A
A14: =IF(B14="","", Info!$B$2) -> DVN-FP3330-180404 | B14: 6G3686010 | C14: =IF(B14="","",IFERROR(VLOOKUP(B14,Reel!$E$3:$F$1013,2,0),VLOOKUP(B14,Ring!$E$3:$F$1000,2,0))) -> #N/A | D14: =IF(C14="","",IFERROR(VLOOKUP(C14,Reel!$F$2:$H$1013,3,0),VLOOKUP(C14,Ring!$F$3:$H$1000,3,0))) -> #N/A | E14: =IF(B14="","",SUMIFS(INDIRECT("'["&Info!$B$5&"]"&Info!$B$6&"'!"&Info!$B$11),INDIRECT("'["&Info!$B$5&"]"&Info!$B$6&"'!"&Info!$B$9),B14,INDIRECT("'["&Info!$B$5&"]"&Info!$B$6&"'!"&Info!$B$15),">="&Info!$B$17,INDIRECT("'["&Info!$B$5&"]"&Info!$B$6&"'!"&Info!$B$15),"<="&Info!$B$18)) -> #REF! | F14: =IF(B14="","",SUMIFS(INDIRECT("'["&Info!$B$5&"]"&Info!$B$6&"'!"&Info!$B$11),INDIRECT("'["&Info!$B$5&"]"&Info!$B$6&"'!"&Info!$B$9),B14,INDIRECT("'["&Info!$B$5&"]"&Info!$B$6&"'!"&Info!$B$15),">="&Info!$B$20,INDIRECT("'["&Info!$B$5&"]"&Info!$B$6&"'!"&Info!$B$15),"<="&Info!$B$21)) -> #REF! | G14: =IF(B14="","",SUMIFS(INDIRECT("'["&Info!$B$5&"]"&Info!$B$6&"'!"&Info!$B$11),INDIRECT("'["&Info!$B$5&"]"&Info!$B$6&"'!"&Info!$B$9),B14,INDIRECT("'["&Info!$B$5&"]"&Info!$B$6&"'!"&Info!$B$15),">="&Info!$B$23,INDIRECT("'["&Info!$B$5&"]"&Info!$B$6&"'!"&Info!$B$15),"<="&Info!$B$24)) -> #REF! | H14: =SUM(E14:G14) -> #REF! | I14: =IF(B14="","",IFERROR(SUMIF(INDIRECT("'["&Info!$B$5&"]"&Info!$B$6&"'!"&Info!$B$9),B14,INDIRECT("'["&Info!$B$5&"]"&Info!$B$6&"'!"&Info!$B$13))/COUNTIF(INDIRECT("'["&Info!$B$5&"]"&Info!$B$6&"'!"&Info!$B$9),B14),D14)) -> #N/A
... A116: =IF(B116="","", Info!$B$2) -> DVN-FP3330-180404 | B116: 6H7265060 | C116: =IF(B116="","",IFERROR(VLOOKUP(B116,Reel!$E$3:$F$1013,2,0),VLOOKUP(B116,Ring!$E$3:$F$1000,2,0))) -> #N/A | D116: =IF(C116="","",IFERROR(VLOOKUP(C116,Reel!$F$2:$H$1013,3,0),VLOOKUP(C116,Ring!$F$3:$H$1000,3,0))) -> #N/A | E116: =IF(B116="","",SUMIFS(INDIRECT("'["&Info!$B$5&"]"&Info!$B$6&"'!"&Info!$B$11),INDIRECT("'["&Info!$B$5&"]"&Info!$B$6&"'!"&Info!$B$9),B116,INDIRECT("'["&Info!$B$5&"]"&Info!$B$6&"'!"&Info!$B$15),">="&Info!$B$17,INDIRECT("'["&Info!$B$5&"]"&Info!$B$6&"'!"&Info!$B$15),"<="&Info!$B$18)) -> #REF! | F116: =IF(B116="","",SUMIFS(INDIRECT("'["&Info!$B$5&"]"&Info!$B$6&"'!"&Info!$B$11),INDIRECT("'["&Info!$B$5&"]"&Info!$B$6&"'!"&Info!$B$9),B116,INDIRECT("'["&Info!$B$5&"]"&Info!$B$6&"'!"&Info!$B$15),">="&Info!$B$20,INDIRECT("'["&Info!$B$5&"]"&Info!$B$6&"'!"&Info!$B$15),"<="&Info!$B$21)) -> #REF! | G116: =IF(B116="","",SUMIFS(INDIRECT("'["&Info!$B$5&"]"&Info!$B$6&"'!"&Info!$B$11),INDIRECT("'["&Info!$B$5&"]"&Info!$B$6&"'!"&Info!$B$9),B116,INDIRECT("'["&Info!$B$5&"]"&Info!$B$6&"'!"&Info!$B$15),">="&Info!$B$23,INDIRECT("'["&Info!$B$5&"]"&Info!$B$6&"'!"&Info!$B$15),"<="&Info!$B$24)) -> #REF! | H116: =SUM(E116:G116) -> #REF! | I116: =IF(B116="","",IFERROR(SUMIF(INDIRECT("'["&Info!$B$5&"]"&Info!$B$6&"'!"&Info!$B$9),B116,INDIRECT("'["&Info!$B$5&"]"&Info!$B$6&"'!"&Info!$B$13))/COUNTIF(INDIRECT("'["&Info!$B$5&"]"&Info!$B$6&"'!"&Info!$B$9),B116),D116)) -> #N/A
A117: =IF(B117="","", Info!$B$2) -> DVN-FP3330-180404 | B117: 6H7265061 | C117: =IF(B117="","",IFERROR(VLOOKUP(B117,Reel!$E$3:$F$1013,2,0),VLOOKUP(B117,Ring!$E$3:$F$1000,2,0))) -> #N/A | D117: =IF(C117="","",IFERROR(VLOOKUP(C117,Reel!$F$2:$H$1013,3,0),VLOOKUP(C117,Ring!$F$3:$H$1000,3,0))) -> #N/A | E117: =IF(B117="","",SUMIFS(INDIRECT("'["&Info!$B$5&"]"&Info!$B$6&"'!"&Info!$B$11),INDIRECT("'["&Info!$B$5&"]"&Info!$B$6&"'!"&Info!$B$9),B117,INDIRECT("'["&Info!$B$5&"]"&Info!$B$6&"'!"&Info!$B$15),">="&Info!$B$17,INDIRECT("'["&Info!$B$5&"]"&Info!$B$6&"'!"&Info!$B$15),"<="&Info!$B$18)) -> #REF! | F117: =IF(B117="","",SUMIFS(INDIRECT("'["&Info!$B$5&"]"&Info!$B$6&"'!"&Info!$B$11),INDIRECT("'["&Info!$B$5&"]"&Info!$B$6&"'!"&Info!$B$9),B117,INDIRECT("'["&Info!$B$5&"]"&Info!$B$6&"'!"&Info!$B$15),">="&Info!$B$20,INDIRECT("'["&Info!$B$5&"]"&Info!$B$6&"'!"&Info!$B$15),"<="&Info!$B$21)) -> #REF! | G117: =IF(B117="","",SUMIFS(INDIRECT("'["&Info!$B$5&"]"&Info!$B$6&"'!"&Info!$B$11),INDIRECT("'["&Info!$B$5&"]"&Info!$B$6&"'!"&Info!$B$9),B117,INDIRECT("'["&Info!$B$5&"]"&Info!$B$6&"'!"&Info!$B$15),">="&Info!$B$23,INDIRECT("'["&Info!$B$5&"]"&Info!$B$6&"'!"&Info!$B$15),"<="&Info!$B$24)) -> #REF! | H117: =SUM(E117:G117) -> #REF! | I117: =IF(B117="","",IFERROR(SUMIF(INDIRECT("'["&Info!$B$5&"]"&Info!$B$6&"'!"&Info!$B$9),B117,INDIRECT("'["&Info!$B$5&"]"&Info!$B$6&"'!"&Info!$B$13))/COUNTIF(INDIRECT("'["&Info!$B$5&"]"&Info!$B$6&"'!"&Info!$B$9),B117),D117)) -> #N/A | M117: =24669+E2 -> #REF!
A118: =IF(B118="","", Info!$B$2) -> DVN-FP3330-180404 | B118: 6H7265071 | C118: =IF(B118="","",IFERROR(VLOOKUP(B118,Reel!$E$3:$F$1013,2,0),VLOOKUP(B118,Ring!$E$3:$F$1000,2,0))) -> #N/A | D118: =IF(C118="","",IFERROR(VLOOKUP(C118,Reel!$F$2:$H$1013,3,0),VLOOKUP(C118,Ring!$F$3:$H$1000,3,0))) -> #N/A | E118: =IF(B118="","",SUMIFS(INDIRECT("'["&Info!$B$5&"]"&Info!$B$6&"'!"&Info!$B$11),INDIRECT("'["&Info!$B$5&"]"&Info!$B$6&"'!"&Info!$B$9),B118,INDIRECT("'["&Info!$B$5&"]"&Info!$B$6&"'!"&Info!$B$15),">="&Info!$B$17,INDIRECT("'["&Info!$B$5&"]"&Info!$B$6&"'!"&Info!$B$15),"<="&Info!$B$18)) -> #REF! | F118: =IF(B118="","",SUMIFS(INDIRECT("'["&Info!$B$5&"]"&Info!$B$6&"'!"&Info!$B$11),INDIRECT("'["&Info!$B$5&"]"&Info!$B$6&"'!"&Info!$B$9),B118,INDIRECT("'["&Info!$B$5&"]"&Info!$B$6&"'!"&Info!$B$15),">="&Info!$B$20,INDIRECT("'["&Info!$B$5&"]"&Info!$B$6&"'!"&Info!$B$15),"<="&Info!$B$21)) -> #REF! | G118: =IF(B118="","",SUMIFS(INDIRECT("'["&Info!$B$5&"]"&Info!$B$6&"'!"&Info!$B$11),INDIRECT("'["&Info!$B$5&"]"&Info!$B$6&"'!"&Info!$B$9),B118,INDIRECT("'["&Info!$B$5&"]"&Info!$B$6&"'!"&Info!$B$15),">="&Info!$B$23,INDIRECT("'["&Info!$B$5&"]"&Info!$B$6&"'!"&Info!$B$15),"<="&Info!$B$24)) -> #REF! | H118: =SUM(E118:G118) -> #REF! | I118: =IF(B118="","",IFERROR(SUMIF(INDIRECT("'["&Info!$B$5&"]"&Info!$B$6&"'!"&Info!$B$9),B118,INDIRECT("'["&Info!$B$5&"]"&Info!$B$6&"'!"&Info!$B$13))/COUNTIF(INDIRECT("'["&Info!$B$5&"]"&Info!$B$6&"'!"&Info!$B$9),B118),D118)) -> #N/A
A119: =IF(B119="","", Info!$B$2) -> DVN-FP3330-180404 | B119: 6H1978020 | C119: =IF(B119="","",IFERROR(VLOOKUP(B119,Reel!$E$3:$F$1013,2,0),VLOOKUP(B119,Ring!$E$3:$F$1000,2,0))) -> #N/A | D119: =IF(C119="","",IFERROR(VLOOKUP(C119,Reel!$F$2:$H$1013,3,0),VLOOKUP(C119,Ring!$F$3:$H$1000,3,0))) -> #N/A | E119: =IF(B119="","",SUMIFS(INDIRECT("'["&Info!$B$5&"]"&Info!$B$6&"'!"&Info!$B$11),INDIRECT("'["&Info!$B$5&"]"&Info!$B$6&"'!"&Info!$B$9),B119,INDIRECT("'["&Info!$B$5&"]"&Info!$B$6&"'!"&Info!$B$15),">="&Info!$B$17,INDIRECT("'["&Info!$B$5&"]"&Info!$B$6&"'!"&Info!$B$15),"<="&Info!$B$18)) -> #REF! | F119: =IF(B119="","",SUMIFS(INDIRECT("'["&Info!$B$5&"]"&Info!$B$6&"'!"&Info!$B$11),INDIRECT("'["&Info!$B$5&"]"&Info!$B$6&"'!"&Info!$B$9),B119,INDIRECT("'["&Info!$B$5&"]"&Info!$B$6&"'!"&Info!$B$15),">="&Info!$B$20,INDIRECT("'["&Info!$B$5&"]"&Info!$B$6&"'!"&Info!$B$15),"<="&Info!$B$21)) -> #REF! | G119: =IF(B119="","",SUMIFS(INDIRECT("'["&Info!$B$5&"]"&Info!$B$6&"'!"&Info!$B$11),INDIRECT("'["&Info!$B$5&"]"&Info!$B$6&"'!"&Info!$B$9),B119,INDIRECT("'["&Info!$B$5&"]"&Info!$B$6&"'!"&Info!$B$15),">="&Info!$B$23,INDIRECT("'["&Info!$B$5&"]"&Info!$B$6&"'!"&Info!$B$15),"<="&Info!$B$24)) -> #REF! | H119: =SUM(E119:G119) -> #REF! | I119: =IF(B119="","",IFERROR(SUMIF(INDIRECT("'["&Info!$B$5&"]"&Info!$B$6&"'!"&Info!$B$9),B119,INDIRECT("'["&Info!$B$5&"]"&Info!$B$6&"'!"&Info!$B$13))/COUNTIF(INDIRECT("'["&Info!$B$5&"]"&Info!$B$6&"'!"&Info!$B$9),B119),D119)) -> #N/A
A120: =IF(B120="","", Info!$B$2) -> DVN-FP3330-180404 | B120: 6H1982020 | C120: =IF(B120="","",IFERROR(VLOOKUP(B120,Reel!$E$3:$F$1013,2,0),VLOOKUP(B120,Ring!$E$3:$F$1000,2,0))) -> #N/A | D120: =IF(C120="","",IFERROR(VLOOKUP(C120,Reel!$F$2:$H$1013,3,0),VLOOKUP(C120,Ring!$F$3:$H$1000,3,0))) -> #N/A | E120: =IF(B120="","",SUMIFS(INDIRECT("'["&Info!$B$5&"]"&Info!$B$6&"'!"&Info!$B$11),INDIRECT("'["&Info!$B$5&"]"&Info!$B$6&"'!"&Info!$B$9),B120,INDIRECT("'["&Info!$B$5&"]"&Info!$B$6&"'!"&Info!$B$15),">="&Info!$B$17,INDIRECT("'["&Info!$B$5&"]"&Info!$B$6&"'!"&Info!$B$15),"<="&Info!$B$18)) -> #REF! | F120: =IF(B120="","",SUMIFS(INDIRECT("'["&Info!$B$5&"]"&Info!$B$6&"'!"&Info!$B$11),INDIRECT("'["&Info!$B$5&"]"&Info!$B$6&"'!"&Info!$B$9),B120,INDIRECT("'["&Info!$B$5&"]"&Info!$B$6&"'!"&Info!$B$15),">="&Info!$B$20,INDIRECT("'["&Info!$B$5&"]"&Info!$B$6&"'!"&Info!$B$15),"<="&Info!$B$21)) -> #REF! | G120: =IF(B120="","",SUMIFS(INDIRECT("'["&Info!$B$5&"]"&Info!$B$6&"'!"&Info!$B$11),INDIRECT("'["&Info!$B$5&"]"&Info!$B$6&"'!"&Info!$B$9),B120,INDIRECT("'["&Info!$B$5&"]"&Info!$B$6&"'!"&Info!$B$15),">="&Info!$B$23,INDIRECT("'["&Info!$B$5&"]"&Info!$B$6&"'!"&Info!$B$15),"<="&Info!$B$24)) -> #REF! | H120: =SUM(E120:G120) -> #REF! | I120: =IF(B120="","",IFERROR(SUMIF(INDIRECT("'["&Info!$B$5&"]"&Info!$B$6&"'!"&Info!$B$9),B120,INDIRECT("'["&Info!$B$5&"]"&Info!$B$6&"'!"&Info!$B$13))/COUNTIF(INDIRECT("'["&Info!$B$5&"]"&Info!$B$6&"'!"&Info!$B$9),B120),D120)) -> #N/A
A121: =IF(B121="","", Info!$B$2) -> DVN-FP3330-180404 | B121: 6H1079021 | C121: =IF(B121="","",IFERROR(VLOOKUP(B121,Reel!$E$3:$F$1013,2,0),VLOOKUP(B121,Ring!$E$3:$F$1000,2,0))) -> #N/A | D121: =IF(C121="","",IFERROR(VLOOKUP(C121,Reel!$F$2:$H$1013,3,0),VLOOKUP(C121,Ring!$F$3:$H$1000,3,0))) -> #N/A | E121: =IF(B121="","",SUMIFS(INDIRECT("'["&Info!$B$5&"]"&Info!$B$6&"'!"&Info!$B$11),INDIRECT("'["&Info!$B$5&"]"&Info!$B$6&"'!"&Info!$B$9),B121,INDIRECT("'["&Info!$B$5&"]"&Info!$B$6&"'!"&Info!$B$15),">="&Info!$B$17,INDIRECT("'["&Info!$B$5&"]"&Info!$B$6&"'!"&Info!$B$15),"<="&Info!$B$18)) -> #REF! | F121: =IF(B121="","",SUMIFS(INDIRECT("'["&Info!$B$5&"]"&Info!$B$6&"'!"&Info!$B$11),INDIRECT("'["&Info!$B$5&"]"&Info!$B$6&"'!"&Info!$B$9),B121,INDIRECT("'["&Info!$B$5&"]"&Info!$B$6&"'!"&Info!$B$15),">="&Info!$B$20,INDIRECT("'["&Info!$B$5&"]"&Info!$B$6&"'!"&Info!$B$15),"<="&Info!$B$21)) -> #REF! | G121: =IF(B121="","",SUMIFS(INDIRECT("'["&Info!$B$5&"]"&Info!$B$6&"'!"&Info!$B$11),INDIRECT("'["&Info!$B$5&"]"&Info!$B$6&"'!"&Info!$B$9),B121,INDIRECT("'["&Info!$B$5&"]"&Info!$B$6&"'!"&Info!$B$15),">="&Info!$B$23,INDIRECT("'["&Info!$B$5&"]"&Info!$B$6&"'!"&Info!$B$15),"<="&Info!$B$24)) -> #REF! | H121: =SUM(E121:G121) -> #REF! | I121: =IF(B121="","",IFERROR(SUMIF(INDIRECT("'["&Info!$B$5&"]"&Info!$B$6&"'!"&Info!$B$9),B121,INDIRECT("'["&Info!$B$5&"]"&Info!$B$6&"'!"&Info!$B$13))/COUNTIF(INDIRECT("'["&Info!$B$5&"]"&Info!$B$6&"'!"&Info!$B$9),B121),D121)) -> #N/A
A122: =IF(B122="","", Info!$B$2) -> DVN-FP3330-180404 | B122: 6H3577011 | C122: =IF(B122="","",IFERROR(VLOOKUP(B122,Reel!$E$3:$F$1013,2,0),VLOOKUP(B122,Ring!$E$3:$F$1000,2,0))) -> #N/A | D122: =IF(C122="","",IFERROR(VLOOKUP(C122,Reel!$F$2:$H$1013,3,0),VLOOKUP(C122,Ring!$F$3:$H$1000,3,0))) -> #N/A | E122: =IF(B122="","",SUMIFS(INDIRECT("'["&Info!$B$5&"]"&Info!$B$6&"'!"&Info!$B$11),INDIRECT("'["&Info!$B$5&"]"&Info!$B$6&"'!"&Info!$B$9),B122,INDIRECT("'["&Info!$B$5&"]"&Info!$B$6&"'!"&Info!$B$15),">="&Info!$B$17,INDIRECT("'["&Info!$B$5&"]"&Info!$B$6&"'!"&Info!$B$15),"<="&Info!$B$18)) -> #REF! | F122: =IF(B122="","",SUMIFS(INDIRECT("'["&Info!$B$5&"]"&Info!$B$6&"'!"&Info!$B$11),INDIRECT("'["&Info!$B$5&"]"&Info!$B$6&"'!"&Info!$B$9),B122,INDIRECT("'["&Info!$B$5&"]"&Info!$B$6&"'!"&Info!$B$15),">="&Info!$B$20,INDIRECT("'["&Info!$B$5&"]"&Info!$B$6&"'!"&Info!$B$15),"<="&Info!$B$21)) -> #REF! | G122: =IF(B122="","",SUMIFS(INDIRECT("'["&Info!$B$5&"]"&Info!$B$6&"'!"&Info!$B$11),INDIRECT("'["&Info!$B$5&"]"&Info!$B$6&"'!"&Info!$B$9),B122,INDIRECT("'["&Info!$B$5&"]"&Info!$B$6&"'!"&Info!$B$15),">="&Info!$B$23,INDIRECT("'["&Info!$B$5&"]"&Info!$B$6&"'!"&Info!$B$15),"<="&Info!$B$24)) -> #REF! | H122: =SUM(E122:G122) -> #REF! | I122: =IF(B122="","",IFERROR(SUMIF(INDIRECT("'["&Info!$B$5&"]"&Info!$B$6&"'!"&Info!$B$9),B122,INDIRECT("'["&Info!$B$5&"]"&Info!$B$6&"'!"&Info!$B$13))/COUNTIF(INDIRECT("'["&Info!$B$5&"]"&Info!$B$6&"'!"&Info!$B$9),B122),D122)) -> #N/A
A123: =IF(B123="","", Info!$B$2) -> DVN-FP3330-180404 | B123: 6H7263030 | C123: =IF(B123="","",IFERROR(VLOOKUP(B123,Reel!$E$3:$F$1013,2,0),VLOOKUP(B123,Ring!$E$3:$F$1000,2,0))) -> #N/A | D123: =IF(C123="","",IFERROR(VLOOKUP(C123,Reel!$F$2:$H$1013,3,0),VLOOKUP(C123,Ring!$F$3:$H$1000,3,0))) -> #N/A | E123: =IF(B123="","",SUMIFS(INDIRECT("'["&Info!$B$5&"]"&Info!$B$6&"'!"&Info!$B$11),INDIRECT("'["&Info!$B$5&"]"&Info!$B$6&"'!"&Info!$B$9),B123,INDIRECT("'["&Info!$B$5&"]"&Info!$B$6&"'!"&Info!$B$15),">="&Info!$B$17,INDIRECT("'["&Info!$B$5&"]"&Info!$B$6&"'!"&Info!$B$15),"<="&Info!$B$18)) -> #REF! | F123: =IF(B123="","",SUMIFS(INDIRECT("'["&Info!$B$5&"]"&Info!$B$6&"'!"&Info!$B$11),INDIRECT("'["&Info!$B$5&"]"&Info!$B$6&"'!"&Info!$B$9),B123,INDIRECT("'["&Info!$B$5&"]"&Info!$B$6&"'!"&Info!$B$15),">="&Info!$B$20,INDIRECT("'["&Info!$B$5&"]"&Info!$B$6&"'!"&Info!$B$15),"<="&Info!$B$21)) -> #REF! | G123: =IF(B123="","",SUMIFS(INDIRECT("'["&Info!$B$5&"]"&Info!$B$6&"'!"&Info!$B$11),INDIRECT("'["&Info!$B$5&"]"&Info!$B$6&"'!"&Info!$B$9),B123,INDIRECT("'["&Info!$B$5&"]"&Info!$B$6&"'!"&Info!$B$15),">="&Info!$B$23,INDIRECT("'["&Info!$B$5&"]"&Info!$B$6&"'!"&Info!$B$15),"<="&Info!$B$24)) -> #REF! | H123: =SUM(E123:G123) -> #REF! | I123: =IF(B123="","",IFERROR(SUMIF(INDIRECT("'["&Info!$B$5&"]"&Info!$B$6&"'!"&Info!$B$9),B123,INDIRECT("'["&Info!$B$5&"]"&Info!$B$6&"'!"&Info!$B$13))/COUNTIF(INDIRECT("'["&Info!$B$5&"]"&Info!$B$6&"'!"&Info!$B$9),B123),D123)) -> #N/A
A124: =IF(B124="","", Info!$B$2) -> DVN-FP3330-180404 | B124: 6H7263070 | C124: =IF(B124="","",IFERROR(VLOOKUP(B124,Reel!$E$3:$F$1013,2,0),VLOOKUP(B124,Ring!$E$3:$F$1000,2,0))) -> #N/A | D124: =IF(C124="","",IFERROR(VLOOKUP(C124,Reel!$F$2:$H$1013,3,0),VLOOKUP(C124,Ring!$F$3:$H$1000,3,0))) -> #N/A | E124: =IF(B124="","",SUMIFS(INDIRECT("'["&Info!$B$5&"]"&Info!$B$6&"'!"&Info!$B$11),INDIRECT("'["&Info!$B$5&"]"&Info!$B$6&"'!"&Info!$B$9),B124,INDIRECT("'["&Info!$B$5&"]"&Info!$B$6&"'!"&Info!$B$15),">="&Info!$B$17,INDIRECT("'["&Info!$B$5&"]"&Info!$B$6&"'!"&Info!$B$15),"<="&Info!$B$18)) -> #REF! | F124: =IF(B124="","",SUMIFS(INDIRECT("'["&Info!$B$5&"]"&Info!$B$6&"'!"&Info!$B$11),INDIRECT("'["&Info!$B$5&"]"&Info!$B$6&"'!"&Info!$B$9),B124,INDIRECT("'["&Info!$B$5&"]"&Info!$B$6&"'!"&Info!$B$15),">="&Info!$B$20,INDIRECT("'["&Info!$B$5&"]"&Info!$B$6&"'!"&Info!$B$15),"<="&Info!$B$21)) -> #REF! | G124: =IF(B124="","",SUMIFS(INDIRECT("'["&Info!$B$5&"]"&Info!$B$6&"'!"&Info!$B$11),INDIRECT("'["&Info!$B$5&"]"&Info!$B$6&"'!"&Info!$B$9),B124,INDIRECT("'["&Info!$B$5&"]"&Info!$B$6&"'!"&Info!$B$15),">="&Info!$B$23,INDIRECT("'["&Info!$B$5&"]"&Info!$B$6&"'!"&Info!$B$15),"<="&Info!$B$24)) -> #REF! | H124: =SUM(E124:G124) -> #REF! | I124: =IF(B124="","",IFERROR(SUMIF(INDIRECT("'["&Info!$B$5&"]"&Info!$B$6&"'!"&Info!$B$9),B124,INDIRECT("'["&Info!$B$5&"]"&Info!$B$6&"'!"&Info!$B$13))/COUNTIF(INDIRECT("'["&Info!$B$5&"]"&Info!$B$6&"'!"&Info!$B$9),B124),D124)) -> #N/A
A125: =IF(B125="","", Info!$B$2) -> DVN-FP3330-180404 | B125: 6H7264050 | C125: =IF(B125="","",IFERROR(VLOOKUP(B125,Reel!$E$3:$F$1013,2,0),VLOOKUP(B125,Ring!$E$3:$F$1000,2,0))) -> #N/A | D125: =IF(C125="","",IFERROR(VLOOKUP(C125,Reel!$F$2:$H$1013,3,0),VLOOKUP(C125,Ring!$F$3:$H$1000,3,0))) -> #N/A | E125: =IF(B125="","",SUMIFS(INDIRECT("'["&Info!$B$5&"]"&Info!$B$6&"'!"&Info!$B$11),INDIRECT("'["&Info!$B$5&"]"&Info!$B$6&"'!"&Info!$B$9),B125,INDIRECT("'["&Info!$B$5&"]"&Info!$B$6&"'!"&Info!$B$15),">="&Info!$B$17,INDIRECT("'["&Info!$B$5&"]"&Info!$B$6&"'!"&Info!$B$15),"<="&Info!$B$18)) -> #REF! | F125: =IF(B125="","",SUMIFS(INDIRECT("'["&Info!$B$5&"]"&Info!$B$6&"'!"&Info!$B$11),INDIRECT("'["&Info!$B$5&"]"&Info!$B$6&"'!"&Info!$B$9),B125,INDIRECT("'["&Info!$B$5&"]"&Info!$B$6&"'!"&Info!$B$15),">="&Info!$B$20,INDIRECT("'["&Info!$B$5&"]"&Info!$B$6&"'!"&Info!$B$15),"<="&Info!$B$21)) -> #REF! | G125: =IF(B125="","",SUMIFS(INDIRECT("'["&Info!$B$5&"]"&Info!$B$6&"'!"&Info!$B$11),INDIRECT("'["&Info!$B$5&"]"&Info!$B$6&"'!"&Info!$B$9),B125,INDIRECT("'["&Info!$B$5&"]"&Info!$B$6&"'!"&Info!$B$15),">="&Info!$B$23,INDIRECT("'["&Info!$B$5&"]"&Info!$B$6&"'!"&Info!$B$15),"<="&Info!$B$24)) -> #REF! | H125: =SUM(E125:G125) -> #REF! | I125: =IF(B125="","",IFERROR(SUMIF(INDIRECT("'["&Info!$B$5&"]"&Info!$B$6&"'!"&Info!$B$9),B125,INDIRECT("'["&Info!$B$5&"]"&Info!$B$6&"'!"&Info!$B$13))/COUNTIF(INDIRECT("'["&Info!$B$5&"]"&Info!$B$6&"'!"&Info!$B$9),B125),D125)) -> #N/A
A126: =IF(B126="","", Info!$B$2) -> DVN-FP3330-180404 | B126: 6H7264060 | C126: =IF(B126="","",IFERROR(VLOOKUP(B126,Reel!$E$3:$F$1013,2,0),VLOOKUP(B126,Ring!$E$3:$F$1000,2,0))) -> #N/A | D126: =IF(C126="","",IFERROR(VLOOKUP(C126,Reel!$F$2:$H$1013,3,0),VLOOKUP(C126,Ring!$F$3:$H$1000,3,0))) -> #N/A | E126: =IF(B126="","",SUMIFS(INDIRECT("'["&Info!$B$5&"]"&Info!$B$6&"'!"&Info!$B$11),INDIRECT("'["&Info!$B$5&"]"&Info!$B$6&"'!"&Info!$B$9),B126,INDIRECT("'["&Info!$B$5&"]"&Info!$B$6&"'!"&Info!$B$15),">="&Info!$B$17,INDIRECT("'["&Info!$B$5&"]"&Info!$B$6&"'!"&Info!$B$15),"<="&Info!$B$18)) -> #REF! | F126: =IF(B126="","",SUMIFS(INDIRECT("'["&Info!$B$5&"]"&Info!$B$6&"'!"&Info!$B$11),INDIRECT("'["&Info!$B$5&"]"&Info!$B$6&"'!"&Info!$B$9),B126,INDIRECT("'["&Info!$B$5&"]"&Info!$B$6&"'!"&Info!$B$15),">="&Info!$B$20,INDIRECT("'["&Info!$B$5&"]"&Info!$B$6&"'!"&Info!$B$15),"<="&Info!$B$21)) -> #REF! | G126: =IF(B126="","",SUMIFS(INDIRECT("'["&Info!$B$5&"]"&Info!$B$6&"'!"&Info!$B$11),INDIRECT("'["&Info!$B$5&"]"&Info!$B$6&"'!"&Info!$B$9),B126,INDIRECT("'["&Info!$B$5&"]"&Info!$B$6&"'!"&Info!$B$15),">="&Info!$B$23,INDIRECT("'["&Info!$B$5&"]"&Info!$B$6&"'!"&Info!$B$15),"<="&Info!$B$24)) -> #REF! | H126: =SUM(E126:G126) -> #REF! | I126: =IF(B126="","",IFERROR(SUMIF(INDIRECT("'["&Info!$B$5&"]"&Info!$B$6&"'!"&Info!$B$9),B126,INDIRECT("'["&Info!$B$5&"]"&Info!$B$6&"'!"&Info!$B$13))/COUNTIF(INDIRECT("'["&Info!$B$5&"]"&Info!$B$6&"'!"&Info!$B$9),B126),D126)) -> #N/A
A127: =IF(B127="","", Info!$B$2) -> DVN-FP3330-180404 | B127: 6H7264030 | C127: =IF(B127="","",IFERROR(VLOOKUP(B127,Reel!$E$3:$F$1013,2,0),VLOOKUP(B127,Ring!$E$3:$F$1000,2,0))) -> #N/A | D127: =IF(C127="","",IFERROR(VLOOKUP(C127,Reel!$F$2:$H$1013,3,0),VLOOKUP(C127,Ring!$F$3:$H$1000,3,0))) -> #N/A | E127: =IF(B127="","",SUMIFS(INDIRECT("'["&Info!$B$5&"]"&Info!$B$6&"'!"&Info!$B$11),INDIRECT("'["&Info!$B$5&"]"&Info!$B$6&"'!"&Info!$B$9),B127,INDIRECT("'["&Info!$B$5&"]"&Info!$B$6&"'!"&Info!$B$15),">="&Info!$B$17,INDIRECT("'["&Info!$B$5&"]"&Info!$B$6&"'!"&Info!$B$15),"<="&Info!$B$18)) -> #REF! | F127: =IF(B127="","",SUMIFS(INDIRECT("'["&Info!$B$5&"]"&Info!$B$6&"'!"&Info!$B$11),INDIRECT("'["&Info!$B$5&"]"&Info!$B$6&"'!"&Info!$B$9),B127,INDIRECT("'["&Info!$B$5&"]"&Info!$B$6&"'!"&Info!$B$15),">="&Info!$B$20,INDIRECT("'["&Info!$B$5&"]"&Info!$B$6&"'!"&Info!$B$15),"<="&Info!$B$21)) -> #REF! | G127: =IF(B127="","",SUMIFS(INDIRECT("'["&Info!$B$5&"]"&Info!$B$6&"'!"&Info!$B$11),INDIRECT("'["&Info!$B$5&"]"&Info!$B$6&"'!"&Info!$B$9),B127,INDIRECT("'["&Info!$B$5&"]"&Info!$B$6&"'!"&Info!$B$15),">="&Info!$B$23,INDIRECT("'["&Info!$B$5&"]"&Info!$B$6&"'!"&Info!$B$15),"<="&Info!$B$24)) -> #REF! | H127: =SUM(E127:G127) -> #REF! | I127: =IF(B127="","",IFERROR(SUMIF(INDIRECT("'["&Info!$B$5&"]"&Info!$B$6&"'!"&Info!$B$9),B127,INDIRECT("'["&Info!$B$5&"]"&Info!$B$6&"'!"&Info!$B$13))/COUNTIF(INDIRECT("'["&Info!$B$5&"]"&Info!$B$6&"'!"&Info!$B$9),B127),D127)) -> #N/A
A128: =IF(B128="","", Info!$B$2) -> DVN-FP3330-180404 | B128: 6H4952053 | C128: =IF(B128="","",IFERROR(VLOOKUP(B128,Reel!$E$3:$F$1013,2,0),VLOOKUP(B128,Ring!$E$3:$F$1000,2,0))) -> #N/A | D128: =IF(C128="","",IFERROR(VLOOKUP(C128,Reel!$F$2:$H$1013,3,0),VLOOKUP(C128,Ring!$F$3:$H$1000,3,0))) -> #N/A | E128: =IF(B128="","",SUMIFS(INDIRECT("'["&Info!$B$5&"]"&Info!$B$6&"'!"&Info!$B$11),INDIRECT("'["&Info!$B$5&"]"&Info!$B$6&"'!"&Info!$B$9),B128,INDIRECT("'["&Info!$B$5&"]"&Info!$B$6&"'!"&Info!$B$15),">="&Info!$B$17,INDIRECT("'["&Info!$B$5&"]"&Info!$B$6&"'!"&Info!$B$15),"<="&Info!$B$18)) -> #REF! | F128: =IF(B128="","",SUMIFS(INDIRECT("'["&Info!$B$5&"]"&Info!$B$6&"'!"&Info!$B$11),INDIRECT("'["&Info!$B$5&"]"&Info!$B$6&"'!"&Info!$B$9),B128,INDIRECT("'["&Info!$B$5&"]"&Info!$B$6&"'!"&Info!$B$15),">="&Info!$B$20,INDIRECT("'["&Info!$B$5&"]"&Info!$B$6&"'!"&Info!$B$15),"<="&Info!$B$21)) -> #REF! | G128: =IF(B128="","",SUMIFS(INDIRECT("'["&Info!$B$5&"]"&Info!$B$6&"'!"&Info!$B$11),INDIRECT("'["&Info!$B$5&"]"&Info!$B$6&"'!"&Info!$B$9),B128,INDIRECT("'["&Info!$B$5&"]"&Info!$B$6&"'!"&Info!$B$15),">="&Info!$B$23,INDIRECT("'["&Info!$B$5&"]"&Info!$B$6&"'!"&Info!$B$15),"<="&Info!$B$24)) -> #REF! | H128: =SUM(E128:G128) -> #REF! | I128: =IF(B128="","",IFERROR(SUMIF(INDIRECT("'["&Info!$B$5&"]"&Info!$B$6&"'!"&Info!$B$9),B128,INDIRECT("'["&Info!$B$5&"]"&Info!$B$6&"'!"&Info!$B$13))/COUNTIF(INDIRECT("'["&Info!$B$5&"]"&Info!$B$6&"'!"&Info!$B$9),B128),D128)) -> #N/A

Sheet Reel
A1: STT (SP) | B1: Khách hàng | C1: Mã Khách hàng | D1: Tên sản phẩm | E1: Mã sản phẩm | F1: Mã VF mới | G1: Giá sản phẩm | J1: Nguyên liệu | K1: Đường kính | L1: Chiều dài | M1: Giá nguyên liệu sản phẩm | T1: Giá gia công | Z1: Giá xi mạ | AC1: Tình trạng đặt hàng
G2: VND | H2: USD | M2: Chiều dài tổng | N2: Đường kính sử dụng | O2: Hệ số tương ứng với đường kính | P2: Trọng lượng sản phẩm đầu vào (gam ) | Q2: Giá nguyên liệu | R2: Giá nguyên liệu của sản phẩm | S2: Tỉ lệ nguyên liệu so với giá bán | T2: Gia công 1 | U2: năng suất | V2: Thành tiền | W2: Gia công 2 | X2: Thành tiền | Y2: Tổng giá gia công | Z2: Y/c xi mạ | AA2: giá xi mạ ( VNd/kg) | AB2: Giá xi mạ từng sản phẩm
A3: 1 | B3: D2 - DAI WA ĐÀ NẴNG | C3: D2A | D3: RING | E3: 741646600 | F3: 741646600 | H3: 0.49 | J3: C3604BD | K3: ø 5.4 | L3: 3 | M3: =(L3+(IF(K3<=4,1.5,IF(K3<=7,2,IF(K3<=11,2.5,IF(K3<=19,3,IF(K3<=25,3.5,4)))))))*1.1 -> 7.7 | N3: 5.5 | O3: 0.19 | P3: =M3*O3 -> 1.463 | R3: =Q3/1000*P3 -> 0 | S3: =IF(G3<>0,R3/G3*100,R3/(H3*21000)*100) -> 0
A4: 2 | C4: D2A | D4: RING | E4: 741646700 | F4: 741646700 | H4: 0.59 | J4: C3604BD | K4: ø 6 | L4: 6 | M4: =(L4+(IF(K4<=4,1.5,IF(K4<=7,2,IF(K4<=11,2.5,IF(K4<=19,3,IF(K4<=25,3.5,4)))))))*1.1 -> 11 | N4: 6 | O4: 0.24 | P4: =M4*O4 -> 2.64 | R4: =Q4/1000*P4 -> 0 | S4: =IF(G4<>0,R4/G4*100,R4/(H4*21000)*100) -> 0
A5: 3 | C5: D2A | D5: RING | E5: 741810300 | F5: 7418-25.3-24 | H5: 0.5 | J5: C3604BD | K5: ø 6 | L5: 7.4 | M5: =(L5+(IF(K5<=4,1.5,IF(K5<=7,2,IF(K5<=11,2.5,IF(K5<=19,3,IF(K5<=25,3.5,4)))))))*1.1 -> 12.54 | N5: 6 | O5: 0.24 | P5: =M5*O5 -> 3.0096 | R5: =Q5/1000*P5 -> 0 | S5: =IF(G5<>0,R5/G5*100,R5/(H5*21000)*100) -> 0
A6: 4 | C6: D2A | D6: RING | E6: 741879700 | F6: 7418-23.5-20.5 | H6: 0.58 | J6: C3604BD | K6: ø 7 | L6: 3.2 | M6: =(L6+(IF(K6<=4,1.5,IF(K6<=7,2,IF(K6<=11,2.5,IF(K6<=19,3,IF(K6<=25,3.5,4)))))))*1.1 -> 7.92 | N6: 7 | O6: 0.33 | P6: =M6*O6 -> 2.6136 | R6: =Q6/1000*P6 -> 0 | S6: =IF(G6<>0,R6/G6*100,R6/(H6*21000)*100) -> 0
A7: 5 | C7: D2A | D7: RING | E7: 742513200 | F7: 7425-17-14.95 | H7: 0.483 | J7: C3604BD | K7: ø 7.2 | L7: 1.1 | M7: =(L7+(IF(K7<=4,1.5,IF(K7<=7,2,IF(K7<=11,2.5,IF(K7<=19,3,IF(K7<=25,3.5,4)))))))*1.1 -> 5.61 | O7: 0.38 | P7: =M7*O7 -> 2.1318 | R7: =Q7/1000*P7 -> 0 | S7: =IF(G7<>0,R7/G7*100,R7/(H7*21000)*100) -> 0
A8: 6 | C8: D2A | D8: RING | E8: 742513300 | F8: 7425-26.8-24.8 | H8: 0.5635 | J8: C3604BD | K8: ø 12 | L8: 1 | M8: =(L8+(IF(K8<=4,1.5,IF(K8<=7,2,IF(K8<=11,2.5,IF(K8<=19,3,IF(K8<=25,3.5,4)))))))*1.1 -> 5.5 | N8: 12 | O8: =1.2*1.2*0.66 -> 0.9504 | P8: =M8*O8 -> 5.2272 | R8: =Q8/1000*P8 -> 0 | S8: =IF(G8<>0,R8/G8*100,R8/(H8*21000)*100) -> 0
A9: 7 | C9: D2A | D9: RING | E9: 742513400 | F9: 7425-26-17.1 | H9: 0.5 | J9: C3604BD | K9: ø 21.8 | L9: 3.9 | M9: =(L9+(IF(K9<=4,1.5,IF(K9<=7,2,IF(K9<=11,2.5,IF(K9<=19,3,IF(K9<=25,3.5,4)))))))*1.1 -> 8.69 | O9: =2.2*2.2*0.66 -> 3.1944 | P9: =M9*O9 -> 27.759336 | R9: =Q9/1000*P9 -> 0 | S9: =IF(G9<>0,R9/G9*100,R9/(H9*21000)*100) -> 0
A10: 8 | C10: D2A | D10: RING | E10: 742513500 | F10: 7425-17.5-14.95 | H10: 0.33 | J10: C3604BD | K10: ø 12 | L10: 2.3 | M10: =(L10+(IF(K10<=4,1.5,IF(K10<=7,2,IF(K10<=11,2.5,IF(K10<=19,3,IF(K10<=25,3.5,4)))))))*1.1 -> 6.93 | N10: 12 | O10: =1.2*1.2*0.66 -> 0.9504 | P10: =M10*O10 -> 6.586272 | R10: =Q10/1000*P10 -> 0 | S10: =IF(G10<>0,R10/G10*100,R10/(H10*21000)*100) -> 0
A11: 9 | C11: D2A | D11: RING | E11: 742514400 | F11: 7425-16.5-12 | H11: 0.45 | J11: C3604BD | K11: ø 6 | L11: 32.4 | M11: =(L11+(IF(K11<=4,1.5,IF(K11<=7,2,IF(K11<=11,2.5,IF(K11<=19,3,IF(K11<=25,3.5,4)))))))*1.1 -> 40.04 | N11: 6 | O11: 0.24 | P11: =M11*O11 -> 9.6096 | R11: =Q11/1000*P11 -> 0 | S11: =IF(G11<>0,R11/G11*100,R11/(H11*21000)*100) -> 0
A12: 10 | C12: D2A | D12: RING | E12: 742514500 | F12: 7425-22-20.6 | H12: 0.4 | J12: C3604BD | K12: ø 6 | L12: 33.8 | M12: =(L12+(IF(K12<=4,1.5,IF(K12<=7,2,IF(K12<=11,2.5,IF(K12<=19,3,IF(K12<=25,3.5,4)))))))*1.1 -> 41.58 | N12: 6 | O12: 0.24 | P12: =M12*O12 -> 9.9792 | R12: =Q12/1000*P12 -> 0 | S12: =IF(G12<>0,R12/G12*100,R12/(H12*21000)*100) -> 0
A13: 11 | C13: D2A | D13: RING | E13: 742517000 | F13: 7425-19.5-17.05 | H13: 0.49 | J13: C3604BD | K13: ø 6 | L13: 33.9 | M13: =(L13+(IF(K13<=4,1.5,IF(K13<=7,2,IF(K13<=11,2.5,IF(K13<=19,3,IF(K13<=25,3.5,4)))))))*1.1 -> 41.69 | N13: 6 | O13: 0.24 | P13: =M13*O13 -> 10.0056 | R13: =Q13/1000*P13 -> 0 | S13: =IF(G13<>0,R13/G13*100,R13/(H13*21000)*100) -> 0
A14: 12 | C14: D2A | D14: RING | E14: 742517010 | F14: 7425-19.5-16.95 | H14: 0.49 | J14: C3604BD | K14: ø 6 | L14: 34.4 | M14: =(L14+(IF(K14<=4,1.5,IF(K14<=7,2,IF(K14<=11,2.5,IF(K14<=19,3,IF(K14<=25,3.5,4)))))))*1.1 -> 42.24 | N14: 6 | O14: 0.24 | P14: =M14*O14 -> 10.1376 | R14: =Q14/1000*P14 -> 0 | S14: =IF(G14<>0,R14/G14*100,R14/(H14*21000)*100) -> 0
A15: 13 | C15: D2A | D15: RING | E15: 742517200 | F15: 7425-19.4-17.05 | H15: 0.52 | J15: C3604BD | K15: ø 6 | L15: 34.4 | M15: =(L15+(IF(K15<=4,1.5,IF(K15<=7,2,IF(K15<=11,2.5,IF(K15<=19,3,IF(K15<=25,3.5,4)))))))*1.1 -> 42.24 | N15: 6 | O15: 0.24 | P15: =M15*O15 -> 10.1376 | R15: =Q15/1000*P15 -> 0 | S15: =IF(G15<>0,R15/G15*100,R15/(H15*21000)*100) -> 0
A16: 14 | C16: D2A | D16: RING | E16: 742517300 | F16: 7425-26.5-21.95 | H16: 0.5 | J16: C3604BD | K16: ø 7.5 | L16: 44.9 | M16: =(L16+(IF(K16<=4,1.5,IF(K16<=7,2,IF(K16<=11,2.5,IF(K16<=19,3,IF(K16<=25,3.5,4)))))))*1.1 -> 53.79 | N16: 7.5 | O16: 0.38 | P16: =M16*O16 -> 20.4402 | R16: =Q16/1000*P16 -> 0 | S16: =IF(G16<>0,R16/G16*100,R16/(H16*21000)*100) -> 0
A17: 15 | C17: D2A | D17: RING | E17: 742517400 | F17: 7425-20.4-17.95 | H17: 0.49 | J17: C3604BD | K17: ø 7.5 | L17: 44.9 | M17: =(L17+(IF(K17<=4,1.5,IF(K17<=7,2,IF(K17<=11,2.5,IF(K17<=19,3,IF(K17<=25,3.5,4)))))))*1.1 -> 53.79 | N17: 7.5 | O17: 0.38 | P17: =M17*O17 -> 20.4402 | R17: =Q17/1000*P17 -> 0 | S17: =IF(G17<>0,R17/G17*100,R17/(H17*21000)*100) -> 0
A18: 16 | C18: D2A | D18: RING | E18: 742521100 | F18: 7425-19.5-15.55 | H18: 0.4 | J18: SUS303 | K18: ø 6 | L18: 34.9 | M18: =(L18+(IF(K18<=4,1.5,IF(K18<=7,2,IF(K18<=11,2.5,IF(K18<=19,3,IF(K18<=25,3.5,4)))))))*1.1 -> 42.79 | N18: 6 | O18: 0.24 | P18: =M18*O18 -> 10.2696 | Q18: 120000 | R18: =Q18/1000*P18 -> 1232.352 | S18: =IF(G18<>0,R18/G18*100,R18/(H18*21000)*100) -> 14.670857
A19: 17 | C19: D2A | D19: RING | E19: 742521200 | F19: 7425-19.5-16.55 | H19: 0.4 | J19: SUS303 | K19: ø 7 | L19: 34.9 | M19: =(L19+(IF(K19<=4,1.5,IF(K19<=7,2,IF(K19<=11,2.5,IF(K19<=19,3,IF(K19<=25,3.5,4)))))))*1.1 -> 42.79 | N19: 7 | O19: 0.33 | P19: =M19*O19 -> 14.1207 | Q19: 120000 | R19: =Q19/1000*P19 -> 1694.484 | S19: =IF(G19<>0,R19/G19*100,R19/(H19*21000)*100) -> 20.172429
A20: 18 | C20: D2A | D20: RING | E20: 752506000 | F20: 7525-23-19.7 | H20: 0.647 | J20: C3604BD | K20: ø 6 | L20: 36.9 | M20: =(L20+(IF(K20<=4,1.5,IF(K20<=7,2,IF(K20<=11,2.5,IF(K20<=19,3,IF(K20<=25,3.5,4)))))))*1.1 -> 44.99 | N20: 6 | O20: 0.24 | P20: =M20*O20 -> 10.7976 | R20: =Q20/1000*P20 -> 0 | S20: =IF(G20<>0,R20/G20*100,R20/(H20*21000)*100) -> 0
A21: 19 | C21: D2A | D21: RING | E21: 3V0047020 | F21: 3V00-15.5-8.05 | H21: 0.2871 | J21: C3604BD | K21: ø 6 | L21: 45.4 | M21: =(L21+(IF(K21<=4,1.5,IF(K21<=7,2,IF(K21<=11,2.5,IF(K21<=19,3,IF(K21<=25,3.5,4)))))))*1.1 -> 54.34 | N21: 6 | O21: 0.24 | P21: =M21*O21 -> 13.0416 | R21: =Q21/1000*P21 -> 0 | S21: =IF(G21<>0,R21/G21*100,R21/(H21*21000)*100) -> 0
A22: 20 | C22: D2A | D22: RING | E22: 3V0047030 | F22: 3V00-15.5-8.55 | H22: 0.2871 | J22: C3604BD | K22: ø 8 | L22: 46.2 | M22: =(L22+(IF(K22<=4,1.5,IF(K22<=7,2,IF(K22<=11,2.5,IF(K22<=19,3,IF(K22<=25,3.5,4)))))))*1.1 -> 55.22 | N22: 8 | O22: 0.42 | P22: =M22*O22 -> 23.1924 | R22: =Q22/1000*P22 -> 0 | S22: =IF(G22<>0,R22/G22*100,R22/(H22*21000)*100) -> 0
A23: 21 | C23: D2A | D23: RING | E23: 3V0047040 | F23: 3V00-15.5-9.55 | H23: 0.2871 | J23: C3604BD | K23: ø 7 | L23: 34.4 | M23: =(L23+(IF(K23<=4,1.5,IF(K23<=7,2,IF(K23<=11,2.5,IF(K23<=19,3,IF(K23<=25,3.5,4)))))))*1.1 -> 42.24 | N23: 7 | O23: 0.33 | P23: =M23*O23 -> 13.9392 | R23: =Q23/1000*P23 -> 0 | S23: =IF(G23<>0,R23/G23*100,R23/(H23*21000)*100) -> 0
A24: 22 | C24: D2A | D24: RING | E24: 3V0047050 | F24: 3V00-15.5-10.55 | H24: 0.2871 | J24: Aisi 12L14 | K24: ø 8 | L24: 23.5 | M24: =(L24+(IF(K24<=4,1.5,IF(K24<=7,2,IF(K24<=11,2.5,IF(K24<=19,3,IF(K24<=25,3.5,4)))))))*1.1 -> 30.25 | N24: 8 | O24: 0.42 | P24: =M24*O24 -> 12.705 | Q24: 35000 | R24: =Q24/1000*P24 -> 444.675 | S24: =IF(G24<>0,R24/G24*100,R24/(H24*21000)*100) -> 7.3754789
A25: 23 | C25: D2A | D25: RING | E25: 3V0047060 | F25: 3V00-15.5-7.65 | H25: 0.2871 | J25: Aisi 12L14 | K25: ø 8 | L25: 27.5 | M25: =(L25+(IF(K25<=4,1.5,IF(K25<=7,2,IF(K25<=11,2.5,IF(K25<=19,3,IF(K25<=25,3.5,4)))))))*1.1 -> 34.65 | N25: 8 | O25: 0.42 | P25: =M25*O25 -> 14.553 | Q25: 35000 | R25: =Q25/1000*P25 -> 509.355 | S25: =IF(G25<>0,R25/G25*100,R25/(H25*21000)*100) -> 8.4482759
A26: 24 | C26: D2A | D26: RING | E26: 3V0047070 | F26: 3V00-15.5-8.15 | H26: 0.2871 | J26: C3604BD | K26: ø 7 | L26: 9.6 | M26: =(L26+(IF(K26<=4,1.5,IF(K26<=7,2,IF(K26<=11,2.5,IF(K26<=19,3,IF(K26<=25,3.5,4)))))))*1.1 -> 14.96 | N26: 7 | O26: 0.33 | P26: =M26*O26 -> 4.9368 | R26: =Q26/1000*P26 -> 0 | S26: =IF(G26<>0,R26/G26*100,R26/(H26*21000)*100) -> 0
A27: 25 | C27: D2A | D27: RING | E27: 3V00470E0 | F27: 3V00-15.5-8.35 | H27: 0.2871 | J27: A6061 | K27: ø 14.5+ | L27: 42.1 | M27: =(L27+(IF(K27<=4,1.5,IF(K27<=7,2,IF(K27<=11,2.5,IF(K27<=19,3,IF(K27<=25,3.5,4)))))))*1.1 -> 50.71 | O27: =1.45*1.45*0.66 -> 1.38765 | P27: =M27*O27 -> 70.367732 | Q27: 120000 | R27: =Q27/1000*P27 -> 8444.1278 | S27: =IF(G27<>0,R27/G27*100,R27/(H27*21000)*100) -> 140.05619
A28: 26 | C28: D2A | D28: RING | E28: 3V00470F0 | F28: 3V00-15.5-9.65 | H28: 0.2871 | J28: A6061 | K28: ø 15.7 | L28: 35.8 | M28: =(L28+(IF(K28<=4,1.5,IF(K28<=7,2,IF(K28<=11,2.5,IF(K28<=19,3,IF(K28<=25,3.5,4)))))))*1.1 -> 43.78 | O28: =1.6*1.6*0.66 -> 1.6896 | P28: =M28*O28 -> 73.970688 | Q28: 120000 | R28: =Q28/1000*P28 -> 8876.4826 | S28: =IF(G28<>0,R28/G28*100,R28/(H28*21000)*100) -> 147.22732
A29: 27 | C29: D2A | D29: RING | E29: 3V00470G0 | F29: 3V00-15.5-10.9 | H29: 0.2871 | J29: A6061 | K29: ø 14.5+ | L29: 39.1 | M29: =(L29+(IF(K29<=4,1.5,IF(K29<=7,2,IF(K29<=11,2.5,IF(K29<=19,3,IF(K29<=25,3.5,4)))))))*1.1 -> 47.41 | O29: =1.45*1.45*0.66 -> 1.38765 | P29: =M29*O29 -> 65.788487 | Q29: 120000 | R29: =Q29/1000*P29 -> 7894.6184 | S29: =IF(G29<>0,R29/G29*100,R29/(H29*21000)*100) -> 130.9419
A30: 28 | C30: D2A | D30: RING | E30: 3V00470H0 | F30: 3V00-15.5-11.65 | H30: 0.2871 | J30: A6061 | K30: ø 14.5+ | L30: 39.1 | M30: =(L30+(IF(K30<=4,1.5,IF(K30<=7,2,IF(K30<=11,2.5,IF(K30<=19,3,IF(K30<=25,3.5,4)))))))*1.1 -> 47.41 | O30: =1.45*1.45*0.66 -> 1.38765 | P30: =M30*O30 -> 65.788487 | Q30: 120000 | R30: =Q30/1000*P30 -> 7894.6184 | S30: =IF(G30<>0,R30/G30*100,R30/(H30*21000)*100) -> 130.9419
A31: 29 | C31: D2A | D31: RING | E31: 3V00470K0 | F31: 3V00-15.5-12.65 | H31: 0.2871 | J31: C3604BD | K31: ø 10.2 | L31: 7.3 | M31: =(L31+(IF(K31<=4,1.5,IF(K31<=7,2,IF(K31<=11,2.5,IF(K31<=19,3,IF(K31<=25,3.5,4)))))))*1.1 -> 12.43 | O31: =1.05*1.05*0.66 -> 0.72765 | P31: =M31*O31 -> 9.0446895 | R31: =Q31/1000*P31 -> 0 | S31: =IF(G31<>0,R31/G31*100,R31/(H31*21000)*100) -> 0
A32: 30 | C32: D2A | D32: RING | E32: 3V00470L0 | F32: 3V00-15.5-10.5 | H32: 0.2871
A33: 31 | C33: D2A | D33: RING | E33: 3V00470M0 | F33: 3V00-15.5-8 | H33: 0.2871 | J33: C3604BD | K33: ø 9 | L33: 8.2 | M33: =(L33+(IF(K33<=4,1.5,IF(K33<=7,2,IF(K33<=11,2.5,IF(K33<=19,3,IF(K33<=25,3.5,4)))))))*1.1 -> 13.42 | N33: 9 | O33: 0.54 | P33: =M33*O33 -> 7.2468 | R33: =Q33/1000*P33 -> 0 | S33: =IF(G33<>0,R33/G33*100,R33/(H33*21000)*100) -> 0
A34: 32 | C34: D2A | D34: RING | E34: 3V00470N0 | F34: 3V00-15.5-10 | H34: 0.2871 | J34: A6061 | K34: ø 9 | L34: 8.2 | M34: =(L34+(IF(K34<=4,1.5,IF(K34<=7,2,IF(K34<=11,2.5,IF(K34<=19,3,IF(K34<=25,3.5,4)))))))*1.1 -> 13.42 | N34: 9 | O34: 0.54 | P34: =M34*O34 -> 7.2468 | R34: =Q34/1000*P34 -> 0 | S34: =IF(G34<>0,R34/G34*100,R34/(H34*21000)*100) -> 0
A35: 33 | C35: D2A | D35: RING | E35: 3V00470P0 | F35: 3V00-15.5-9 | H35: 0.2871
A36: 34 | C36: D2A | D36: RING | E36: 3V00470Q0 | F36: 3V00-15.5-11 | H36: 0.2871
A37: 35 | C37: D2A | D37: RING | E37: 3V00470R0 | F37: 3V00-15.5-11.15 | H37: 0.2871 | J37: SUS 420J2 | K37: ø 3.44 | L37: 5.7 | M37: =(L37+(IF(K37<=4,1.5,IF(K37<=7,2,IF(K37<=11,2.5,IF(K37<=19,3,IF(K37<=25,3.5,4)))))))*1.1 -> 10.67 | N37: 3.44 | O37: 0.082 | P37: =M37*O37 -> 0.87494 | Q37: 120000 | R37: =Q37/1000*P37 -> 104.9928 | S37: =IF(G37<>0,R37/G37*100,R37/(H37*21000)*100) -> 1.741434
A38: 36 | C38: D2A | D38: RING | E38: 3V00470S0 | F38: 3V00-15.5-11.65-S | H38: 0.2871 | J38: Aisi 12L14 | K38: ø 5 | L38: 119.4 | M38: =(L38+(IF(K38<=4,1.5,IF(K38<=7,2,IF(K38<=11,2.5,IF(K38<=19,3,IF(K38<=25,3.5,4)))))))*1.1 -> 135.74 | N38: 5 | O38: 0.16 | P38: =M38*O38 -> 21.7184 | Q38: 35000 | R38: =Q38/1000*P38 -> 760.144 | S38: =IF(G38<>0,R38/G38*100,R38/(H38*21000)*100) -> 12.607918
A39: 37 | C39: D2A | D39: RING | E39: 3V00470T0 | F39: 3V00-15.5-12.15 | H39: 0.2871 | J39: Aisi 12L14 | K39: ø 6 | L39: 138.8 | M39: =(L39+(IF(K39<=4,1.5,IF(K39<=7,2,IF(K39<=11,2.5,IF(K39<=19,3,IF(K39<=25,3.5,4)))))))*1.1 -> 157.08 | N39: 6 | O39: 0.24 | P39: =M39*O39 -> 37.6992 | Q39: 35000 | R39: =Q39/1000*P39 -> 1319.472 | S39: =IF(G39<>0,R39/G39*100,R39/(H39*21000)*100) -> 21.885057
A40: 38 | C40: D2A | D40: RING | E40: 3V00470U0 | F40: 3V00-15.5-11.55 | H40: 0.2871 | J40: Aisi 12L14 | K40: ø 6 | L40: 146.1 | M40: =(L40+(IF(K40<=4,1.5,IF(K40<=7,2,IF(K40<=11,2.5,IF(K40<=19,3,IF(K40<=25,3.5,4)))))))*1.1 -> 165.11 | N40: 6 | O40: 0.24 | P40: =M40*O40 -> 39.6264 | Q40: 35000 | R40: =Q40/1000*P40 -> 1386.924 | S40: =IF(G40<>0,R40/G40*100,R40/(H40*21000)*100) -> 23.003831
A41: 39 | C41: D2A | D41: RING | E41: 3V00470W0 | F41: 3V00-15.5-10.55-W | H41: 0.2871 | J41: SUS303 | K41: ø 4 | L41: 84.6 | M41: =(L41+(IF(K41<=4,1.5,IF(K41<=7,2,IF(K41<=11,2.5,IF(K41<=19,3,IF(K41<=25,3.5,4)))))))*1.1 -> 97.46 | N41: 4 | O41: 0.1 | P41: =M41*O41 -> 9.746 | Q41: 120000 | R41: =Q41/1000*P41 -> 1169.52 | S41: =IF(G41<>0,R41/G41*100,R41/(H41*21000)*100) -> 19.39792
A42: 40 | C42: D2A | D42: RING | E42: 3V00470V0 | F42: 3V00-15.5-9.55-V | H42: 0.2871 | J42: SUS303 | K42: ø 4 | L42: 88 | M42: =(L42+(IF(K42<=4,1.5,IF(K42<=7,2,IF(K42<=11,2.5,IF(K42<=19,3,IF(K42<=25,3.5,4)))))))*1.1 -> 101.2 | N42: 4 | O42: 0.1 | P42: =M42*O42 -> 10.12 | Q42: 120000 | R42: =Q42/1000*P42 -> 1214.4 | S42: =IF(G42<>0,R42/G42*100,R42/(H42*21000)*100) -> 20.14231
A43: 41 | C43: D2A | D43: RING | E43: 3V0117910 | F43: 3V01-16.5-10.05-1 | H43: 0.2475 | J43: SUS303 | K43: ø 5 | L43: 104 | M43: =(L43+(IF(K43<=4,1.5,IF(K43<=7,2,IF(K43<=11,2.5,IF(K43<=19,3,IF(K43<=25,3.5,4)))))))*1.1 -> 118.8 | N43: 5 | O43: 0.16 | P43: =M43*O43 -> 19.008 | Q43: 120000 | R43: =Q43/1000*P43 -> 2280.96 | S43: =IF(G43<>0,R43/G43*100,R43/(H43*21000)*100) -> 43.885714
A44: 42 | C44: D2A | D44: RING | E44: 3V0117980 | F44: 3V01-16.5-9.05 | H44: 0.2475 | J44: SUS303 | K44: ø 5 | L44: 104 | M44: =(L44+(IF(K44<=4,1.5,IF(K44<=7,2,IF(K44<=11,2.5,IF(K44<=19,3,IF(K44<=25,3.5,4)))))))*1.1 -> 118.8 | N44: 5 | O44: 0.16 | P44: =M44*O44 -> 19.008 | Q44: 120000 | R44: =Q44/1000*P44 -> 2280.96 | S44: =IF(G44<>0,R44/G44*100,R44/(H44*21000)*100) -> 43.885714
A45: 43 | C45: D2A | D45: RING | E45: 3V0117990 | F45: 3V01-16.5-9.55 | H45: 0.2475 | J45: SUS303 | K45: ø 6 | L45: 138.8 | M45: =(L45+(IF(K45<=4,1.5,IF(K45<=7,2,IF(K45<=11,2.5,IF(K45<=19,3,IF(K45<=25,3.5,4)))))))*1.1 -> 157.08 | N45: 6 | O45: 0.24 | P45: =M45*O45 -> 37.6992 | Q45: 120000 | R45: =Q45/1000*P45 -> 4523.904 | S45: =IF(G45<>0,R45/G45*100,R45/(H45*21000)*100) -> 87.04
A46: 44 | C46: D2A | D46: RING | E46: 3V01179A0 | F46: 3V01-16.5-10.05-A | H46: 0.2475 | J46: SUS303 | K46: ø 6 | L46: 138.8 | M46: =(L46+(IF(K46<=4,1.5,IF(K46<=7,2,IF(K46<=11,2.5,IF(K46<=19,3,IF(K46<=25,3.5,4)))))))*1.1 -> 157.08 | N46: 6 | O46: 0.24 | P46: =M46*O46 -> 37.6992 | Q46: 120000 | R46: =Q46/1000*P46 -> 4523.904 | S46: =IF(G46<>0,R46/G46*100,R46/(H46*21000)*100) -> 87.04
A47: 45 | C47: D2A | D47: RING | E47: 3V01179B0 | F47: 3V01-16.5-10.55 | H47: 0.2475 | J47: SUS303 Cu | K47: ø 5 | L47: 100.4 | M47: =(L47+(IF(K47<=4,1.5,IF(K47<=7,2,IF(K47<=11,2.5,IF(K47<=19,3,IF(K47<=25,3.5,4)))))))*1.1 -> 114.84 | N47: 5 | O47: 0.16 | P47: =M47*O47 -> 18.3744 | Q47: 120000 | R47: =Q47/1000*P47 -> 2204.928 | S47: =IF(G47<>0,R47/G47*100,R47/(H47*21000)*100) -> 42.422857
A48: 46 | C48: D2A | D48: RING | E48: 3V01179E0 | F48: 3V01-16.5-8.55 | H48: 0.2475 | J48: Aisi 12L14 | K48: Hex 7 | L48: 7.5 | M48: =(L48+(IF(K48<=4,1.5,IF(K48<=7,2,IF(K48<=11,2.5,IF(K48<=19,3,IF(K48<=25,3.5,4)))))))*1.1 -> 12.65 | N48: 7 | O48: =0.33*1.5 -> 0.495 | P48: =M48*O48 -> 6.26175 | Q48: 35000 | R48: =Q48/1000*P48 -> 219.16125 | S48: =IF(G48<>0,R48/G48*100,R48/(H48*21000)*100) -> 4.2166667
A49: 47 | C49: D2A | D49: RING | E49: 3V01179F0 | F49: 3V01-16.5-14.05 | H49: 0.2475 | J49: Aisi 12L14 | K49: Hex 7 | L49: 7.5 | M49: =(L49+(IF(K49<=4,1.5,IF(K49<=7,2,IF(K49<=11,2.5,IF(K49<=19,3,IF(K49<=25,3.5,4)))))))*1.1 -> 12.65 | N49: 7 | O49: =0.33*1.5 -> 0.495 | P49: =M49*O49 -> 6.26175 | Q49: 35000 | R49: =Q49/1000*P49 -> 219.16125 | S49: =IF(G49<>0,R49/G49*100,R49/(H49*21000)*100) -> 4.2166667
A50: 48 | C50: D2A | D50: RING | E50: 3V01179G0 | F50: 3V01-16.5-13.05 | H50: 0.2475 | J50: Aisi 12L14 | K50: Hex 13 | L50: 4.5 | M50: =(L50+(IF(K50<=4,1.5,IF(K50<=7,2,IF(K50<=11,2.5,IF(K50<=19,3,IF(K50<=25,3.5,4)))))))*1.1 -> 9.35 | N50: 13 | O50: =1.3*1.3*0.66*1.5 -> 1.6731 | P50: =M50*O50 -> 15.643485 | Q50: 35000 | R50: =Q50/1000*P50 -> 547.52198 | S50: =IF(G50<>0,R50/G50*100,R50/(H50*21000)*100) -> 10.534333
A51: 49 | C51: D2A | D51: RING | E51: 3V01179H0 | F51: 3V01-16.5-11.05-H | H51: 0.2475 | J51: Aisi 12L14 | K51: Hex 13 | L51: 4.5 | M51: =(L51+(IF(K51<=4,1.5,IF(K51<=7,2,IF(K51<=11,2.5,IF(K51<=19,3,IF(K51<=25,3.5,4)))))))*1.1 -> 9.35 | N51: 13 | O51: =1.3*1.3*0.66*1.5 -> 1.6731 | P51: =M51*O51 -> 15.643485 | Q51: 35000 | R51: =Q51/1000*P51 -> 547.52198 | S51: =IF(G51<>0,R51/G51*100,R51/(H51*21000)*100) -> 10.534333
A52: 50 | C52: D2A | D52: RING | E52: 3V01179J0 | F52: 3V01-16.5-8.05 | H52: 0.2475 | J52: C3604BD | K52: ø 6 | L52: 7.5 | M52: =(L52+(IF(K52<=4,1.5,IF(K52<=7,2,IF(K52<=11,2.5,IF(K52<=19,3,IF(K52<=25,3.5,4)))))))*1.1 -> 12.65 | N52: 6 | O52: 0.24 | P52: =M52*O52 -> 3.036 | R52: =Q52/1000*P52 -> 0 | S52: =IF(G52<>0,R52/G52*100,R52/(H52*21000)*100) -> 0
A53: 51 | C53: D2A | D53: RING | E53: 3V01179K0 | F53: 3V01-16.5-12.05-K | H53: 0.2475 | J53: C3604BD | K53: Hex 12 | L53: 3 | M53: =(L53+(IF(K53<=4,1.5,IF(K53<=7,2,IF(K53<=11,2.5,IF(K53<=19,3,IF(K53<=25,3.5,4)))))))*1.1 -> 7.7 | N53: 12 | O53: =1.2*1.2*0.66*1.5 -> 1.4256 | P53: =M53*O53 -> 10.97712 | R53: =Q53/1000*P53 -> 0 | S53: =IF(G53<>0,R53/G53*100,R53/(H53*21000)*100) -> 0
A54: 52 | C54: D2A | D54: RING | E54: 3V01179L0 | F54: 3V01-16.5-10.05-L | H54: 0.2475 | J54: C3604BD | K54: Hex 12 | L54: 3 | M54: =(L54+(IF(K54<=4,1.5,IF(K54<=7,2,IF(K54<=11,2.5,IF(K54<=19,3,IF(K54<=25,3.5,4)))))))*1.1 -> 7.7 | N54: 12 | O54: =1.2*1.2*0.66*1.5 -> 1.4256 | P54: =M54*O54 -> 10.97712 | R54: =Q54/1000*P54 -> 0 | S54: =IF(G54<>0,R54/G54*100,R54/(H54*21000)*100) -> 0
A55: 53 | C55: D2B | D55: RING | E55: 3V01179Q0 | F55: 3V01-16.5-11.05 | H55: 0.2475 | J55: Aisi 12L14 | K55: Hex 13 | L55: 8.9 | M55: =(L55+(IF(K55<=4,1.5,IF(K55<=7,2,IF(K55<=11,2.5,IF(K55<=19,3,IF(K55<=25,3.5,4)))))))*1.1 -> 14.19 | N55: 13 | O55: =1.3*1.3*0.66*1.5 -> 1.6731 | P55: =M55*O55 -> 23.741289 | Q55: 35000 | R55: =Q55/1000*P55 -> 830.94512 | S55: =IF(G55<>0,R55/G55*100,R55/(H55*21000)*100) -> 15.9874
A56: 54 | C56: D2B | D56: RING | E56: 3V01179T0 | F56: 3V01-16.5-10.05-T | H56: 0.2475 | J56: C3604BD | K56: Hex 14 | L56: 3.6 | M56: =(L56+(IF(K56<=4,1.5,IF(K56<=7,2,IF(K56<=11,2.5,IF(K56<=19,3,IF(K56<=25,3.5,4)))))))*1.1 -> 8.36 | N56: 14 | O56: =1.4*1.4*0.66*1.5 -> 1.9404 | P56: =M56*O56 -> 16.221744 | R56: =Q56/1000*P56 -> 0 | S56: =IF(G56<>0,R56/G56*100,R56/(H56*21000)*100) -> 0
A57: 55 | C57: D2B | D57: RING | E57: 3V0157710 | F57: 3V01-32-24.05 | H57: 2.81 | J57: C3604BD | K57: Hex 14 | L57: 6.3 | M57: =(L57+(IF(K57<=4,1.5,IF(K57<=7,2,IF(K57<=11,2.5,IF(K57<=19,3,IF(K57<=25,3.5,4)))))))*1.1 -> 11.33 | N57: 14 | O57: =1.4*1.4*0.66*1.5 -> 1.9404 | P57: =M57*O57 -> 21.984732 | R57: =Q57/1000*P57 -> 0 | S57: =IF(G57<>0,R57/G57*100,R57/(H57*21000)*100) -> 0
A58: 56 | C58: D2B | D58: RING | E58: 3V0168610 | F58: 3V01-26.5-22.8 | H58: 0.59 | J58: C3604BD | K58: ø 6 | L58: 7.5 | M58: =(L58+(IF(K58<=4,1.5,IF(K58<=7,2,IF(K58<=11,2.5,IF(K58<=19,3,IF(K58<=25,3.5,4)))))))*1.1 -> 12.65 | N58: 6 | O58: 0.24 | P58: =M58*O58 -> 3.036 | R58: =Q58/1000*P58 -> 0 | S58: =IF(G58<>0,R58/G58*100,R58/(H58*21000)*100) -> 0
A59: 57 | C59: D2B | D59: RING | E59: 3V0179600 | F59: 3V02-27.6-24 | H59: 0.49 | J59: SUS 420J2 | K59: ø 2 | L59: 9.1 | M59: =(L59+(IF(K59<=4,1.5,IF(K59<=7,2,IF(K59<=11,2.5,IF(K59<=19,3,IF(K59<=25,3.5,4)))))))*1.1 -> 14.41 | N59: 2 | O59: 0.03 | P59: =M59*O59 -> 0.4323 | Q59: 120000 | R59: =Q59/1000*P59 -> 51.876 | S59: =IF(G59<>0,R59/G59*100,R59/(H59*21000)*100) -> 0.50413994
A60: 58 | C60: D2B | D60: RING | E60: 3V0185610 | F60: 3V01-19-11.5 | H60: 1.067 | J60: SUS303 | K60: ø 2.6 | L60: 4.2 | M60: =(L60+(IF(K60<=4,1.5,IF(K60<=7,2,IF(K60<=11,2.5,IF(K60<=19,3,IF(K60<=25,3.5,4)))))))*1.1 -> 9.02 | O60: 0.06 | P60: =M60*O60 -> 0.5412 | Q60: 120000 | R60: =Q60/1000*P60 -> 64.944 | S60: =IF(G60<>0,R60/G60*100,R60/(H60*21000)*100) -> 0.289838
A61: 59 | C61: D2B | D61: RING | E61: 3V0185630 | F61: 3V01-19-10.55 | H61: 1.067 | J61: SUS303 | K61: ø 3 | L61: 4.5 | M61: =(L61+(IF(K61<=4,1.5,IF(K61<=7,2,IF(K61<=11,2.5,IF(K61<=19,3,IF(K61<=25,3.5,4)))))))*1.1 -> 9.35 | N61: 3 | O61: 0.06 | P61: =M61*O61 -> 0.561 | Q61: 120000 | R61: =Q61/1000*P61 -> 67.32 | S61: =IF(G61<>0,R61/G61*100,R61/(H61*21000)*100) -> 0.30044183
A62: 60 | C62: D2B | D62: RING | E62: 3V0185640 | F62: 3V01-19-12 | H62: 1.067 | J62: SUS303 | K62: ø 2.6 | L62: 7.7 | M62: =(L62+(IF(K62<=4,1.5,IF(K62<=7,2,IF(K62<=11,2.5,IF(K62<=19,3,IF(K62<=25,3.5,4)))))))*1.1 -> 12.87 | O62: 0.06 | P62: =M62*O62 -> 0.7722 | Q62: 120000 | R62: =Q62/1000*P62 -> 92.664 | S62: =IF(G62<>0,R62/G62*100,R62/(H62*21000)*100) -> 0.41354934
A63: 61 | C63: D2B | D63: RING | E63: 3V0185650 | F63: 3V01-19-12.5 | H63: 1.067 | J63: SUS303 | K63: ø 3 | L63: 15.3 | M63: =(L63+(IF(K63<=4,1.5,IF(K63<=7,2,IF(K63<=11,2.5,IF(K63<=19,3,IF(K63<=25,3.5,4)))))))*1.1 -> 21.23 | N63: 3 | O63: 0.06 | P63: =M63*O63 -> 1.2738 | Q63: 120000 | R63: =Q63/1000*P63 -> 152.856 | S63: =IF(G63<>0,R63/G63*100,R63/(H63*21000)*100) -> 0.68217968
A64: 62 | C64: D2B | D64: RING | E64: 3V0185660 | F64: 3V01-19-13 | H64: 1.067 | J64: SUS303 | K64: ø 3.2 | L64: 13.5 | M64: =(L64+(IF(K64<=4,1.5,IF(K64<=7,2,IF(K64<=11,2.5,IF(K64<=19,3,IF(K64<=25,3.5,4)))))))*1.1 -> 19.25 | O64: 0.082 | P64: =M64*O64 -> 1.5785 | Q64: 120000 | R64: =Q64/1000*P64 -> 189.42 | S64: =IF(G64<>0,R64/G64*100,R64/(H64*21000)*100) -> 0.84536082
A65: 63 | C65: D2B | D65: RING | E65: 3V0185800 | F65: 3V01-19-17.6 | H65: 0.3395 | J65: SUS303 | K65: ø 4 | L65: 15 | M65: =(L65+(IF(K65<=4,1.5,IF(K65<=7,2,IF(K65<=11,2.5,IF(K65<=19,3,IF(K65<=25,3.5,4)))))))*1.1 -> 20.9 | N65: 4 | O65: 0.1 | P65: =M65*O65 -> 2.09 | Q65: 120000 | R65: =Q65/1000*P65 -> 250.8 | S65: =IF(G65<>0,R65/G65*100,R65/(H65*21000)*100) -> 3.5177782
A66: 64 | C66: D2B | D66: RING | E66: 3V0189810 | F66: 3V01-23-14.55 | H66: 0.5346 | J66: SUS303 | K66: ø 4 | L66: 18.3 | M66: =(L66+(IF(K66<=4,1.5,IF(K66<=7,2,IF(K66<=11,2.5,IF(K66<=19,3,IF(K66<=25,3.5,4)))))))*1.1 -> 24.53 | N66: 4 | O66: 0.1 | P66: =M66*O66 -> 2.453 | Q66: 120000 | R66: =Q66/1000*P66 -> 294.36 | S66: =IF(G66<>0,R66/G66*100,R66/(H66*21000)*100) -> 2.6219871
A67: 65 | C67: D2B | D67: RING | E67: 3V0189840 | F67: 3V01-23-17.55 | H67: 0.5346 | J67: C3604BD | K67: ø 3.8 | L67: 7 | M67: =(L67+(IF(K67<=4,1.5,IF(K67<=7,2,IF(K67<=11,2.5,IF(K67<=19,3,IF(K67<=25,3.5,4)))))))*1.1 -> 12.1 | O67: 0.1 | P67: =M67*O67 -> 1.21 | R67: =Q67/1000*P67 -> 0 | S67: =IF(G67<>0,R67/G67*100,R67/(H67*21000)*100) -> 0
A68: 66 | C68: D2B | D68: RING | E68: 3V0190510 | F68: 3V019-23-14.55 | H68: 0.495 | J68: SUS303 | K68: ø 2.5 | L68: 24.3 | M68: =(L68+(IF(K68<=4,1.5,IF(K68<=7,2,IF(K68<=11,2.5,IF(K68<=19,3,IF(K68<=25,3.5,4)))))))*1.1 -> 31.13 | N68: 2.5 | O68: 0.047 | P68: =M68*O68 -> 1.46311 | Q68: 120000 | R68: =Q68/1000*P68 -> 175.5732 | S68: =IF(G68<>0,R68/G68*100,R68/(H68*21000)*100) -> 1.6890159
A69: 67 | C69: D2B | D69: RING | E69: 3V0190520 | F69: 3V01-23-12.55 | H69: 0.495 | J69: SUS303 | K69: ø 2.5 | L69: 26.3 | M69: =(L69+(IF(K69<=4,1.5,IF(K69<=7,2,IF(K69<=11,2.5,IF(K69<=19,3,IF(K69<=25,3.5,4)))))))*1.1 -> 33.33 | N69: 2.5 | O69: 0.047 | P69: =M69*O69 -> 1.56651 | Q69: 120000 | R69: =Q69/1000*P69 -> 187.9812 | S69: =IF(G69<>0,R69/G69*100,R69/(H69*21000)*100) -> 1.808381
A70: 68 | C70: D2B | D70: RING | E70: 3V0191100 | F70: 3V01-23-20.05 | H70: 0.5346 | J70: SUS303 | K70: ø 2.5 | L70: 26.6 | M70: =(L70+(IF(K70<=4,1.5,IF(K70<=7,2,IF(K70<=11,2.5,IF(K70<=19,3,IF(K70<=25,3.5,4)))))))*1.1 -> 33.66 | N70: 2.5 | O70: 0.047 | P70: =M70*O70 -> 1.58202 | Q70: 120000 | R70: =Q70/1000*P70 -> 189.8424 | S70: =IF(G70<>0,R70/G70*100,R70/(H70*21000)*100) -> 1.6910053
A71: 69 | C71: D2B | D71: RING | E71: 3V0192410 | F71: 3V01-22.8-19.7 | H71: 0.49 | J71: SUS304 | K71: ø 3 | L71: 53.8 | M71: =(L71+(IF(K71<=4,1.5,IF(K71<=7,2,IF(K71<=11,2.5,IF(K71<=19,3,IF(K71<=25,3.5,4)))))))*1.1 -> 63.58 | N71: 3 | O71: 0.06 | P71: =M71*O71 -> 3.8148 | Q71: 120000 | R71: =Q71/1000*P71 -> 457.776 | S71: =IF(G71<>0,R71/G71*100,R71/(H71*21000)*100) -> 4.4487464
A72: 70 | C72: D2B | D72: RING | E72: 3V0192420 | F72: 3V01-22.8-13 | H72: 0.49 | J72: SUS303 | K72: ø 3 | L72: 53.8 | M72: =(L72+(IF(K72<=4,1.5,IF(K72<=7,2,IF(K72<=11,2.5,IF(K72<=19,3,IF(K72<=25,3.5,4)))))))*1.1 -> 63.58 | N72: 3 | O72: 0.06 | P72: =M72*O72 -> 3.8148 | Q72: 120000 | R72: =Q72/1000*P72 -> 457.776 | S72: =IF(G72<>0,R72/G72*100,R72/(H72*21000)*100) -> 4.4487464
A73: 71 | C73: D2B | D73: RING | E73: 3V0193110 | F73: 3V01-23.5-20.6 | H73: 0.42 | J73: SUS303 | K73: ø 2 | L73: 25.9 | M73: =(L73+(IF(K73<=4,1.5,IF(K73<=7,2,IF(K73<=11,2.5,IF(K73<=19,3,IF(K73<=25,3.5,4)))))))*1.1 -> 32.89 | P73: =M73*O73 -> 0 | R73: =Q73/1000*P73 -> 0 | S73: =IF(G73<>0,R73/G73*100,R73/(H73*21000)*100) -> 0
A74: 72 | C74: D2B | D74: RING | E74: 3V0201200 | F74: 3V02-18-11.05 | H74: 0.252
A75: 73 | C75: D2B | D75: RING | E75: 3V0201210 | F75: 3V02-18-12.05 | H75: 0.252
A76: 74 | C76: D2B | D76: RING | E76: 3V0201220 | F76: 3V02-18-12.55 | H76: 0.252 | J76: SUS303 | K76: ø 2.5 | L76: 38.9 | M76: =(L76+(IF(K76<=4,1.5,IF(K76<=7,2,IF(K76<=11,2.5,IF(K76<=19,3,IF(K76<=25,3.5,4)))))))*1.1 -> 47.19 | P76: =M76*O76 -> 0 | R76: =Q76/1000*P76 -> 0 | S76: =IF(G76<>0,R76/G76*100,R76/(H76*21000)*100) -> 0
A77: 75 | C77: D2B | D77: RING | E77: 3V0201230 | F77: 3V02-18-13.05 | H77: 0.252
A78: 76 | C78: D2B | D78: RING | E78: 3V0201240 | F78: 3V02-18-13.55 | H78: 0.252
A79: 77 | C79: D2B | D79: RING | E79: 3V0201250 | F79: 3V02-18-11.55 | H79: 0.252 | J79: SUS303 | K79: ø 5 | L79: 12.5 | M79: =(L79+(IF(K79<=4,1.5,IF(K79<=7,2,IF(K79<=11,2.5,IF(K79<=19,3,IF(K79<=25,3.5,4)))))))*1.1 -> 18.15 | N79: 5 | O79: 0.16 | P79: =M79*O79 -> 2.904 | Q79: 120000 | R79: =Q79/1000*P79 -> 348.48 | S79: =IF(G79<>0,R79/G79*100,R79/(H79*21000)*100) -> 6.585034
A80: 78 | C80: D2B | D80: RING | E80: 3V0201260 | F80: 3V02-18-14.05 | H80: 0.252 | J80: SUS303 | K80: ø 5 | L80: 12.5 | M80: =(L80+(IF(K80<=4,1.5,IF(K80<=7,2,IF(K80<=11,2.5,IF(K80<=19,3,IF(K80<=25,3.5,4)))))))*1.1 -> 18.15 | N80: 5 | O80: 0.16 | P80: =M80*O80 -> 2.904 | Q80: 120000 | R80: =Q80/1000*P80 -> 348.48 | S80: =IF(G80<>0,R80/G80*100,R80/(H80*21000)*100) -> 6.585034
A81: 79 | C81: D2B | D81: RING | E81: 3V0201270 | F81: 3V02-18-15.05 | H81: 0.252 | J81: SUS303 | K81: ø 5 | L81: 12.5 | M81: =(L81+(IF(K81<=4,1.5,IF(K81<=7,2,IF(K81<=11,2.5,IF(K81<=19,3,IF(K81<=25,3.5,4)))))))*1.1 -> 18.15 | N81: 5 | O81: 0.16 | P81: =M81*O81 -> 2.904 | Q81: 120000 | R81: =Q81/1000*P81 -> 348.48 | S81: =IF(G81<>0,R81/G81*100,R81/(H81*21000)*100) -> 6.585034
A82: 80 | C82: D2B | D82: RING | E82: 3V0201280 | F82: 3V02-18-10.55 | H82: 0.252 | J82: SUS303 | K82: ø 5 | L82: 12.5 | M82: =(L82+(IF(K82<=4,1.5,IF(K82<=7,2,IF(K82<=11,2.5,IF(K82<=19,3,IF(K82<=25,3.5,4)))))))*1.1 -> 18.15 | N82: 5 | O82: 0.16 | P82: =M82*O82 -> 2.904 | Q82: 120000 | R82: =Q82/1000*P82 -> 348.48 | S82: =IF(G82<>0,R82/G82*100,R82/(H82*21000)*100) -> 6.585034
A83: 81 | C83: D2B | D83: RING | E83: 3V0201710 | F83: 3V02-16.5-11.55 | H83: 0.37 | J83: SUS303 | K83: ø 5 | L83: 13.5 | M83: =(L83+(IF(K83<=4,1.5,IF(K83<=7,2,IF(K83<=11,2.5,IF(K83<=19,3,IF(K83<=25,3.5,4)))))))*1.1 -> 19.25 | N83: 5 | O83: 0.16 | P83: =M83*O83 -> 3.08 | Q83: 120000 | R83: =Q83/1000*P83 -> 369.6 | S83: =IF(G83<>0,R83/G83*100,R83/(H83*21000)*100) -> 4.7567568
A84: 82 | C84: D2B | D84: RING | E84: 3V0201720 | F84: 3V02-16.5-12.05 | H84: 0.37 | J84: Aisi 12L14 | K84: Hex 4.5 | L84: 54.2 | M84: =(L84+(IF(K84<=4,1.5,IF(K84<=7,2,IF(K84<=11,2.5,IF(K84<=19,3,IF(K84<=25,3.5,4)))))))*1.1 -> 64.02 | N84: 4.5 | O84: =0.15*1.5 -> 0.225 | P84: =M84*O84 -> 14.4045 | Q84: 35000 | R84: =Q84/1000*P84 -> 504.1575 | S84: =IF(G84<>0,R84/G84*100,R84/(H84*21000)*100) -> 6.4885135
A85: 83 | C85: D2B | D85: RING | E85: 3V0201750 | F85: 3V02-16.5-9.55-8 | H85: 0.37 | J85: Aisi 12L14 | K85: Hex 5 | L85: 20.1 | M85: =(L85+(IF(K85<=4,1.5,IF(K85<=7,2,IF(K85<=11,2.5,IF(K85<=19,3,IF(K85<=25,3.5,4)))))))*1.1 -> 26.51 | N85: 5 | O85: =0.16*1.5 -> 0.24 | P85: =M85*O85 -> 6.3624 | Q85: 35000 | R85: =Q85/1000*P85 -> 222.684 | S85: =IF(G85<>0,R85/G85*100,R85/(H85*21000)*100) -> 2.8659459
A86: 84 | C86: D2B | D86: RING | E86: 3V0201760 | F86: 3V02-16.5-10.05-6 | H86: 0.37 | J86: Aisi 12L14 | K86: Hex 5 | L86: 63 | M86: =(L86+(IF(K86<=4,1.5,IF(K86<=7,2,IF(K86<=11,2.5,IF(K86<=19,3,IF(K86<=25,3.5,4)))))))*1.1 -> 73.7 | N86: 5 | O86: =1.5*0.16 -> 0.24 | P86: =M86*O86 -> 17.688 | Q86: 35000 | R86: =Q86/1000*P86 -> 619.08 | S86: =IF(G86<>0,R86/G86*100,R86/(H86*21000)*100) -> 7.9675676
A87: 85 | C87: D2B | D87: RING | E87: 3V0201770 | F87: 3V02-16.5-8.55 | H87: 0.37 | J87: Aisi 12L14 | K87: Hex 6 | L87: 67.5 | M87: =(L87+(IF(K87<=4,1.5,IF(K87<=7,2,IF(K87<=11,2.5,IF(K87<=19,3,IF(K87<=25,3.5,4)))))))*1.1 -> 78.65 | N87: 6 | O87: =0.24*1.5 -> 0.36 | P87: =M87*O87 -> 28.314 | Q87: 35000 | R87: =Q87/1000*P87 -> 990.99 | S87: =IF(G87<>0,R87/G87*100,R87/(H87*21000)*100) -> 12.754054
A88: 86 | C88: D2B | D88: RING | E88: 3V0201780 | F88: 3V02-16.5-9.55 | H88: 0.37 | J88: Aisi 12L14 | K88: Hex 6 | L88: 74.2 | M88: =(L88+(IF(K88<=4,1.5,IF(K88<=7,2,IF(K88<=11,2.5,IF(K88<=19,3,IF(K88<=25,3.5,4)))))))*1.1 -> 86.02 | N88: 6 | O88: =0.24*1.5 -> 0.36 | P88: =M88*O88 -> 30.9672 | Q88: 35000 | R88: =Q88/1000*P88 -> 1083.852 | S88: =IF(G88<>0,R88/G88*100,R88/(H88*21000)*100) -> 13.949189
A89: 87 | C89: D2B | D89: RING | E89: 3V0201790 | F89: 3V02-16.5-10.05 | H89: 0.37 | J89: Aisi 12L14 | K89: Hex 6 | L89: 76.2 | M89: =(L89+(IF(K89<=4,1.5,IF(K89<=7,2,IF(K89<=11,2.5,IF(K89<=19,3,IF(K89<=25,3.5,4)))))))*1.1 -> 88.22 | N89: 6 | O89: =0.24*1.5 -> 0.36 | P89: =M89*O89 -> 31.7592 | Q89: 35000 | R89: =Q89/1000*P89 -> 1111.572 | S89: =IF(G89<>0,R89/G89*100,R89/(H89*21000)*100) -> 14.305946
A90: 88 | C90: D2B | D90: RING | E90: 3V0207400 | F90: 3V02-30.8-22.65 | H90: 0.8415
A91: 89 | C91: D2B | D91: RING | E91: 3V0207410 | F91: 3V02-30.8-23.6 | H91: 0.8415
A92: 90 | C92: D2B | D92: RING | E92: 3V0207420 | F92: 3V02-30.8-24 | H92: 0.8415 | J92: Aisi 12L14 | K92: ø 6.1 | L92: 16.7 | M92: =(L92+(IF(K92<=4,1.5,IF(K92<=7,2,IF(K92<=11,2.5,IF(K92<=19,3,IF(K92<=25,3.5,4)))))))*1.1 -> 22.77 | O92: =0.25 -> 0.25 | P92: =M92*O92 -> 5.6925 | Q92: 35000 | R92: =Q92/1000*P92 -> 199.2375 | S92: =IF(G92<>0,R92/G92*100,R92/(H92*21000)*100) -> 1.127451
A93: 91 | C93: D2B | D93: RING | E93: 3V0207430 | F93: 3V02-30.8-23 | H93: 0.8415 | J93: Aisi 12L14 | K93: ø 6.1 | L93: 16.7 | M93: =(L93+(IF(K93<=4,1.5,IF(K93<=7,2,IF(K93<=11,2.5,IF(K93<=19,3,IF(K93<=25,3.5,4)))))))*1.1 -> 22.77 | O93: 0.25 | P93: =M93*O93 -> 5.6925 | Q93: 35000 | R93: =Q93/1000*P93 -> 199.2375 | S93: =IF(G93<>0,R93/G93*100,R93/(H93*21000)*100) -> 1.127451
A94: 92 | C94: D2B | D94: RING | E94: 3V0207440 | F94: 3V02-30.8-22.65-4 | H94: 0.8415 | J94: Aisi 12L14 | K94: ø 6.1 | L94: 22.7 | M94: =(L94+(IF(K94<=4,1.5,IF(K94<=7,2,IF(K94<=11,2.5,IF(K94<=19,3,IF(K94<=25,3.5,4)))))))*1.1 -> 29.37 | O94: 0.25 | P94: =M94*O94 -> 7.3425 | Q94: 35000 | R94: =Q94/1000*P94 -> 256.9875 | S94: =IF(G94<>0,R94/G94*100,R94/(H94*21000)*100) -> 1.4542484
A95: 93 | C95: D2B | D95: RING | E95: 3V0207500 | F95: 3V02-25.4-22.65 | H95: 0.7425 | J95: Aisi 12L14 | K95: ø 6.1 | L95: 49.6 | M95: =(L95+(IF(K95<=4,1.5,IF(K95<=7,2,IF(K95<=11,2.5,IF(K95<=19,3,IF(K95<=25,3.5,4)))))))*1.1 -> 58.96 | O95: 0.25 | P95: =M95*O95 -> 14.74 | Q95: 35000 | R95: =Q95/1000*P95 -> 515.9 | S95: =IF(G95<>0,R95/G95*100,R95/(H95*21000)*100) -> 3.308642
A96: 94 | C96: D2B | D96: RING | E96: 3V0207510 | F96: 3V02-25.4-23.6 | H96: 0.7425 | J96: Aisi 12L14 | K96: ø 6.1 | L96: 56.4 | M96: =(L96+(IF(K96<=4,1.5,IF(K96<=7,2,IF(K96<=11,2.5,IF(K96<=19,3,IF(K96<=25,3.5,4)))))))*1.1 -> 66.44 | O96: 0.25 | P96: =M96*O96 -> 16.61 | Q96: 35000 | R96: =Q96/1000*P96 -> 581.35 | S96: =IF(G96<>0,R96/G96*100,R96/(H96*21000)*100) -> 3.7283951
A97: 95 | C97: D2B | D97: RING | E97: 3V0207520 | F97: 3V02-25.4-24 | H97: 0.7425 | J97: Aisi 12L14 | K97: ø 6.1 | L97: 58.8 | M97: =(L97+(IF(K97<=4,1.5,IF(K97<=7,2,IF(K97<=11,2.5,IF(K97<=19,3,IF(K97<=25,3.5,4)))))))*1.1 -> 69.08 | O97: 0.25 | P97: =M97*O97 -> 17.27 | Q97: 35000 | R97: =Q97/1000*P97 -> 604.45 | S97: =IF(G97<>0,R97/G97*100,R97/(H97*21000)*100) -> 3.8765432
A98: 96 | C98: D2B | D98: RING | E98: 3V0207540 | F98: 3V02-25.4-22.65-4 | H98: 0.7425 | J98: A6061-T6 | K98: ø 14.4 | L98: 67.61 | M98: =(L98+(IF(K98<=4,1.5,IF(K98<=7,2,IF(K98<=11,2.5,IF(K98<=19,3,IF(K98<=25,3.5,4)))))))*1.1 -> 78.771 | O98: =1.45*1.45*0.66 -> 1.38765 | P98: =M98*O98 -> 109.30658 | Q98: 120000 | R98: =Q98/1000*P98 -> 13116.789 | S98: =IF(G98<>0,R98/G98*100,R98/(H98*21000)*100) -> 84.122427
A99: 97 | B99: 42562 | C99: D2B | D99: RING | E99: 3V0221000 | F99: 3V02-25.5-22 | H99: 0.45 | J99: A6061-T6
A100: 98 | C100: D2B | D100: RING | E100: 3V0225200 | F100: 3V02-23.5-20.6 | H100: 0.54 | J100: A6061-T6
...

Sheet Info
B1: MẪU PO REEL | F1: mẫu PO REEL | H1: MẪU PO REEL 2 | J1: MẪU PO RING
A2: PO | B2: DVN-FP3330-180404 | F2: DVN-FP3330-150705 | H2: DVN-FP3330-150705 | J2: DVN-GP3330-141201
A3: File name | B3: DVN-FP-3330-180404(MOF08+SP08-2018) | F3: DVN-FP3330-150705(SPP & MOF 11) | H3: DVN-FP3330-150705(SPP & MOF 11) | J3: 31.PO 141201-MOF04
A4: File type | B4: xls | F4: xls | H4: xls | J4: xls
A5: File | B5: =CONCATENATE(B3,".",B4) -> DVN-FP-3330-180404(MOF08+SP08-2018).xls | F5: =CONCATENATE(F3,".",F4) -> DVN-FP3330-150705(SPP & MOF 11).xls | H5: =CONCATENATE(H3,".",H4) -> DVN-FP3330-150705(SPP & MOF 11).xls | J5: =CONCATENATE(J3,".",J4) -> 31.PO 141201-MOF04.xls
A6: Sheet | B6: part | F6: po | H6: part
A7: Start column | B7: 21 | F7: 23 | H7: 22 | J7: 21
A8: Column Part No | B8: E | F8: E | H8: F | J8: D
B9: ="$"&B8&$B$7&":$"&B8&"2000" -> $E21:$E2000 | F9: ="$"&F8&$B$7&":$"&F8&"1000" -> $E21:$E1000 | H9: ="$"&H8&$B$7&":$"&H8&"1000" -> $F21:$F1000 | J9: ="$"&J8&$B$7&":$"&J8&"1000" -> $D21:$D1000
A10: Column Order | B10: G | F10: G | H10: H | J10: F
B11: ="$"&B10&$B$7&":$"&B10&"2000" -> $G21:$G2000 | F11: ="$"&F10&$B$7&":$"&F10&"1000" -> $G21:$G1000 | H11: ="$"&H10&$B$7&":$"&H10&"1000" -> $H21:$H1000 | J11: ="$"&J10&$B$7&":$"&J10&"1000" -> $F21:$F1000
A12: Column Price | B12: H | F12: H | H12: I | J12: G
B13: ="$"&B12&$B$7&":$"&B12&"2000" -> $H21:$H2000 | F13: ="$"&F12&$B$7&":$"&F12&"1000" -> $H21:$H1000 | H13: ="$"&H12&$B$7&":$"&H12&"1000" -> $I21:$I1000 | J13: ="$"&J12&$B$7&":$"&J12&"1000" -> $G21:$G1000
A14: DELIVERY DATE | B14: J | F14: J | H14: K | J14: I
B15: ="$"&B14&$B$7&":$"&B14&"2000" -> $J21:$J2000 | F15: ="$"&F14&$B$7&":$"&F14&"1000" -> $J21:$J1000 | H15: ="$"&H14&$B$7&":$"&H14&"1000" -> $K21:$K1000 | J15: ="$"&J14&$B$7&":$"&J14&"1000" -> $I21:$I1000
A16: Month 1 | B16: 43221 | F16: 42217 | H16: 42217 | J16: 41974
A17: Start Month | B17: =B16 -> 43221 | F17: =F16 -> 42217 | H17: =H16 -> 42217 | J17: =J16 -> 41974
A18: End Month | B18: =DATE(YEAR(B17),MONTH(B17)+1,0) -> 43251 | F18: =DATE(YEAR(F17),MONTH(F17)+1,0) -> 42247 | H18: =DATE(YEAR(H17),MONTH(H17)+1,0) -> 42247 | J18: =DATE(YEAR(J17),MONTH(J17)+1,0) -> 42004
A19: Month 2 | B19: 43252 | F19: 42248 | H19: 42248 | J19: 42005
A20: Start Month | B20: =B19 -> 43252 | F20: =F19 -> 42248 | H20: =H19 -> 42248 | J20: =J19 -> 42005
A21: End Month | B21: =DATE(YEAR(B20),MONTH(B20)+1,0) -> 43281 | F21: =DATE(YEAR(F20),MONTH(F20)+1,0) -> 42277 | H21: =DATE(YEAR(H20),MONTH(H20)+1,0) -> 42277 | J21: =DATE(YEAR(J20),MONTH(J20)+1,0) -> 42035
A22: Month 3 | B22: 43282 | F22: 42278 | H22: 42278 | J22: 42064
A23: Start Month | B23: =B22 -> 43282 | F23: =F22 -> 42278 | H23: =H22 -> 42278 | J23: =J22 -> 42064
A24: End Month | B24: =DATE(YEAR(B23),MONTH(B23)+1,0) -> 43312 | F24: =DATE(YEAR(F23),MONTH(F23)+1,0) -> 42308 | H24: =DATE(YEAR(H23),MONTH(H23)+1,0) -> 42308 | J24: =DATE(YEAR(J23),MONTH(J23)+1,0) -> 42094

Sheet upload
A1: # | B1: Lot No | C1: PART NO | D1: VF Code | E1: Q'TY | F1: PRICE (usd) | G1: AMOUNT | H1: DELIVERY | I1: data
E2: =SUM(E3:E500) -> 24500 | G2: =SUM(G3:G500) -> 12760.746 | M2: `
A3: 1 | B3: =IFERROR( VLOOKUP(A3, INDIRECT( $I$1&"!$A$4:$C$2000"),3,0),"") -> VB02373 | C3: =IF(B3="","",VLOOKUP(A3, INDIRECT( $I$1&"!$A$4:$E$2000"),5,0)) -> 742513200 | D3: =IF(C3="","",IFERROR(VLOOKUP(C3,'[1]BẢNG MÃ RING'!$A$2:$C$322,2,0),0)) -> 7425-17-14.95 | E3: =IF(B3="","",VLOOKUP(A3, INDIRECT( $I$1&"!$A$4:$G$2000"),7,0)) -> 40 | F3: =IF(B3="","",VLOOKUP(A3, INDIRECT( $I$1&"!$A$4:$H$2000"),8,0)) -> 0.483 | G3: =F3*E3 -> 19.32 | H3: =VLOOKUP(C3,data!E4:J106,6,0) -> 44539 | I3: =COUNTIF($D$3:$D$208,D3) -> 2
A4: =IF(A3="",1,A3+1) -> 2 | B4: =IFERROR( VLOOKUP(A4, INDIRECT( $I$1&"!$A$4:$C$2000"),3,0),"") -> VB02374 | C4: =IF(B4="","",VLOOKUP(A4, INDIRECT( $I$1&"!$A$4:$E$2000"),5,0)) -> 742513200 | D4: =IF(C4="","",IFERROR(VLOOKUP(C4,'[1]BẢNG MÃ RING'!$A$2:$C$322,2,0),0)) -> 7425-17-14.95 | E4: =IF(B4="","",VLOOKUP(A4, INDIRECT( $I$1&"!$A$4:$G$2000"),7,0)) -> 110 | F4: =IF(B4="","",VLOOKUP(A4, INDIRECT( $I$1&"!$A$4:$H$2000"),8,0)) -> 0.483 | G4: =F4*E4 -> 53.13 | H4: =VLOOKUP(C4,data!E5:J107,6,0) -> 44539 | I4: =COUNTIF($D$3:$D$208,D4) -> 2
A5: =IF(A4="",1,A4+1) -> 3 | B5: =IFERROR( VLOOKUP(A5, INDIRECT( $I$1&"!$A$4:$C$2000"),3,0),"") -> VB02373 | C5: =IF(B5="","",VLOOKUP(A5, INDIRECT( $I$1&"!$A$4:$E$2000"),5,0)) -> 742513300 | D5: =IF(C5="","",IFERROR(VLOOKUP(C5,'[1]BẢNG MÃ RING'!$A$2:$C$322,2,0),0)) -> 7425-26.8-24.8 | E5: =IF(B5="","",VLOOKUP(A5, INDIRECT( $I$1&"!$A$4:$G$2000"),7,0)) -> 80 | F5: =IF(B5="","",VLOOKUP(A5, INDIRECT( $I$1&"!$A$4:$H$2000"),8,0)) -> 0.5635 | G5: =F5*E5 -> 45.08 | H5: =VLOOKUP(C5,data!E6:J108,6,0) -> 44539 | I5: =COUNTIF($D$3:$D$208,D5) -> 2
A6: =IF(A5="",1,A5+1) -> 4 | B6: =IFERROR( VLOOKUP(A6, INDIRECT( $I$1&"!$A$4:$C$2000"),3,0),"") -> VB02374 | C6: =IF(B6="","",VLOOKUP(A6, INDIRECT( $I$1&"!$A$4:$E$2000"),5,0)) -> 742513300 | D6: =IF(C6="","",IFERROR(VLOOKUP(C6,'[1]BẢNG MÃ RING'!$A$2:$C$322,2,0),0)) -> 7425-26.8-24.8 | E6: =IF(B6="","",VLOOKUP(A6, INDIRECT( $I$1&"!$A$4:$G$2000"),7,0)) -> 110 | F6: =IF(B6="","",VLOOKUP(A6, INDIRECT( $I$1&"!$A$4:$H$2000"),8,0)) -> 0.5635 | G6: =F6*E6 -> 61.985 | H6: =VLOOKUP(C6,data!E7:J109,6,0) -> 44539 | I6: =COUNTIF($D$3:$D$208,D6) -> 2
A7: =IF(A6="",1,A6+1) -> 5 | B7: =IFERROR( VLOOKUP(A7, INDIRECT( $I$1&"!$A$4:$C$2000"),3,0),"") -> VB02373 | C7: =IF(B7="","",VLOOKUP(A7, INDIRECT( $I$1&"!$A$4:$E$2000"),5,0)) -> 742513400 | D7: =IF(C7="","",IFERROR(VLOOKUP(C7,'[1]BẢNG MÃ RING'!$A$2:$C$322,2,0),0)) -> 7425-26-17.1 | E7: =IF(B7="","",VLOOKUP(A7, INDIRECT( $I$1&"!$A$4:$G$2000"),7,0)) -> 80 | F7: =IF(B7="","",VLOOKUP(A7, INDIRECT( $I$1&"!$A$4:$H$2000"),8,0)) -> 0.5 | G7: =F7*E7 -> 40 | H7: =VLOOKUP(C7,data!E8:J110,6,0) -> 44539 | I7: =COUNTIF($D$3:$D$208,D7) -> 2
A8: =IF(A7="",1,A7+1) -> 6 | B8: =IFERROR( VLOOKUP(A8, INDIRECT( $I$1&"!$A$4:$C$2000"),3,0),"") -> VB02374 | C8: =IF(B8="","",VLOOKUP(A8, INDIRECT( $I$1&"!$A$4:$E$2000"),5,0)) -> 742513400 | D8: =IF(C8="","",IFERROR(VLOOKUP(C8,'[1]BẢNG MÃ RING'!$A$2:$C$322,2,0),0)) -> 7425-26-17.1 | E8: =IF(B8="","",VLOOKUP(A8, INDIRECT( $I$1&"!$A$4:$G$2000"),7,0)) -> 110 | F8: =IF(B8="","",VLOOKUP(A8, INDIRECT( $I$1&"!$A$4:$H$2000"),8,0)) -> 0.5 | G8: =F8*E8 -> 55 | H8: =VLOOKUP(C8,data!E9:J111,6,0) -> 44539 | I8: =COUNTIF($D$3:$D$208,D8) -> 2
A9: =IF(A8="",1,A8+1) -> 7 | B9: =IFERROR( VLOOKUP(A9, INDIRECT( $I$1&"!$A$4:$C$2000"),3,0),"") -> VB02373 | C9: =IF(B9="","",VLOOKUP(A9, INDIRECT( $I$1&"!$A$4:$E$2000"),5,0)) -> 742513500 | D9: =IF(C9="","",IFERROR(VLOOKUP(C9,'[1]BẢNG MÃ RING'!$A$2:$C$322,2,0),0)) -> 7425-17.5-14.95 | E9: =IF(B9="","",VLOOKUP(A9, INDIRECT( $I$1&"!$A$4:$G$2000"),7,0)) -> 160 | F9: =IF(B9="","",VLOOKUP(A9, INDIRECT( $I$1&"!$A$4:$H$2000"),8,0)) -> 0.33 | G9: =F9*E9 -> 52.8 | H9: =VLOOKUP(C9,data!E10:J112,6,0) -> 44539 | I9: =COUNTIF($D$3:$D$208,D9) -> 2
A10: =IF(A9="",1,A9+1) -> 8 | B10: =IFERROR( VLOOKUP(A10, INDIRECT( $I$1&"!$A$4:$C$2000"),3,0),"") -> VB02374 | C10: =IF(B10="","",VLOOKUP(A10, INDIRECT( $I$1&"!$A$4:$E$2000"),5,0)) -> 742513500 | D10: =IF(C10="","",IFERROR(VLOOKUP(C10,'[1]BẢNG MÃ RING'!$A$2:$C$322,2,0),0)) -> 7425-17.5-14.95 | E10: =IF(B10="","",VLOOKUP(A10, INDIRECT( $I$1&"!$A$4:$G$2000"),7,0)) -> 220 | F10: =IF(B10="","",VLOOKUP(A10, INDIRECT( $I$1&"!$A$4:$H$2000"),8,0)) -> 0.33 | G10: =F10*E10 -> 72.6 | H10: =VLOOKUP(C10,data!E11:J113,6,0) -> 44539 | I10: =COUNTIF($D$3:$D$208,D10) -> 2
A11: =IF(A10="",1,A10+1) -> 9 | B11: =IFERROR( VLOOKUP(A11, INDIRECT( $I$1&"!$A$4:$C$2000"),3,0),"") -> VB02375 | C11: =IF(B11="","",VLOOKUP(A11, INDIRECT( $I$1&"!$A$4:$E$2000"),5,0)) -> 742514400 | D11: =IF(C11="","",IFERROR(VLOOKUP(C11,'[1]BẢNG MÃ RING'!$A$2:$C$322,2,0),0)) -> 7425-16.5-12 | E11: =IF(B11="","",VLOOKUP(A11, INDIRECT( $I$1&"!$A$4:$G$2000"),7,0)) -> 90 | F11: =IF(B11="","",VLOOKUP(A11, INDIRECT( $I$1&"!$A$4:$H$2000"),8,0)) -> 0.45 | G11: =F11*E11 -> 40.5 | H11: =VLOOKUP(C11,data!E12:J114,6,0) -> 44539 | I11: =COUNTIF($D$3:$D$208,D11) -> 1
A12: =IF(A11="",1,A11+1) -> 10 | B12: =IFERROR( VLOOKUP(A12, INDIRECT( $I$1&"!$A$4:$C$2000"),3,0),"") -> VB02375 | C12: =IF(B12="","",VLOOKUP(A12, INDIRECT( $I$1&"!$A$4:$E$2000"),5,0)) -> 742514500 | D12: =IF(C12="","",IFERROR(VLOOKUP(C12,'[1]BẢNG MÃ RING'!$A$2:$C$322,2,0),0)) -> 7425-22-20.6 | E12: =IF(B12="","",VLOOKUP(A12, INDIRECT( $I$1&"!$A$4:$G$2000"),7,0)) -> 80 | F12: =IF(B12="","",VLOOKUP(A12, INDIRECT( $I$1&"!$A$4:$H$2000"),8,0)) -> 0.4 | G12: =F12*E12 -> 32 | H12: =VLOOKUP(C12,data!E13:J115,6,0) -> 44539 | I12: =COUNTIF($D$3:$D$208,D12) -> 1
A13: =IF(A12="",1,A12+1) -> 11 | B13: =IFERROR( VLOOKUP(A13, INDIRECT( $I$1&"!$A$4:$C$2000"),3,0),"") -> VB02393 | C13: =IF(B13="","",VLOOKUP(A13, INDIRECT( $I$1&"!$A$4:$E$2000"),5,0)) -> 742517000 | D13: =IF(C13="","",IFERROR(VLOOKUP(C13,'[1]BẢNG MÃ RING'!$A$2:$C$322,2,0),0)) -> 7425-19.5-17.05 | E13: =IF(B13="","",VLOOKUP(A13, INDIRECT( $I$1&"!$A$4:$G$2000"),7,0)) -> 10 | F13: =IF(B13="","",VLOOKUP(A13, INDIRECT( $I$1&"!$A$4:$H$2000"),8,0)) -> 0.49 | G13: =F13*E13 -> 4.9 | H13: =VLOOKUP(C13,data!E14:J116,6,0) -> 44560 | I13: =COUNTIF($D$3:$D$208,D13) -> 4
A14: =IF(A13="",1,A13+1) -> 12 | B14: =IFERROR( VLOOKUP(A14, INDIRECT( $I$1&"!$A$4:$C$2000"),3,0),"") -> VB02394 | C14: =IF(B14="","",VLOOKUP(A14, INDIRECT( $I$1&"!$A$4:$E$2000"),5,0)) -> 742517000 | D14: =IF(C14="","",IFERROR(VLOOKUP(C14,'[1]BẢNG MÃ RING'!$A$2:$C$322,2,0),0)) -> 7425-19.5-17.05 | E14: =IF(B14="","",VLOOKUP(A14, INDIRECT( $I$1&"!$A$4:$G$2000"),7,0)) -> 220 | F14: =IF(B14="","",VLOOKUP(A14, INDIRECT( $I$1&"!$A$4:$H$2000"),8,0)) -> 0.49 | G14: =F14*E14 -> 107.8 | H14: =VLOOKUP(C14,data!E15:J117,6,0) -> 44560 | I14: =COUNTIF($D$3:$D$208,D14) -> 4
A15: =IF(A14="",1,A14+1) -> 13 | B15: =IFERROR( VLOOKUP(A15, INDIRECT( $I$1&"!$A$4:$C$2000"),3,0),"") -> VB02395 | C15: =IF(B15="","",VLOOKUP(A15, INDIRECT( $I$1&"!$A$4:$E$2000"),5,0)) -> 742517000 | D15: =IF(C15="","",IFERROR(VLOOKUP(C15,'[1]BẢNG MÃ RING'!$A$2:$C$322,2,0),0)) -> 7425-19.5-17.05 | E15: =IF(B15="","",VLOOKUP(A15, INDIRECT( $I$1&"!$A$4:$G$2000"),7,0)) -> 110 | F15: =IF(B15="","",VLOOKUP(A15, INDIRECT( $I$1&"!$A$4:$H$2000"),8,0)) -> 0.49 | G15: =F15*E15 -> 53.9 | H15: =VLOOKUP(C15,data!E16:J118,6,0) -> 44560 | I15: =COUNTIF($D$3:$D$208,D15) -> 4
... A125: =IF(A124="",1,A124+1) -> 123 | B125: =IFERROR( VLOOKUP(A125, INDIRECT( $I$1&"!$A$4:$C$2000"),3,0),"") -> VK02D52 | C125: =IF(B125="","",VLOOKUP(A125, INDIRECT( $I$1&"!$A$4:$E$2000"),5,0)) -> 3V0173600 | D125: =IF(C125="","",IFERROR(VLOOKUP(C125,'[1]BẢNG MÃ RING'!$A$2:$C$322,2,0),0)) -> 3V01-19-36 | E125: =IF(B125="","",VLOOKUP(A125, INDIRECT( $I$1&"!$A$4:$G$2000"),7,0)) -> 60 | F125: =IF(B125="","",VLOOKUP(A125, INDIRECT( $I$1&"!$A$4:$H$2000"),8,0)) -> 2.525 | G125: =F125*E125 -> 151.5 | H125: =VLOOKUP(C125,data!E126:J228,6,0) -> 44546 | I125: =COUNTIF($D$3:$D$208,D125) -> 2
A126: =IF(A125="",1,A125+1) -> 124 | B126: =IFERROR( VLOOKUP(A126, INDIRECT( $I$1&"!$A$4:$C$2000"),3,0),"") -> VK02B37 | C126: =IF(B126="","",VLOOKUP(A126, INDIRECT( $I$1&"!$A$4:$E$2000"),5,0)) -> 3V0173600 | D126: =IF(C126="","",IFERROR(VLOOKUP(C126,'[1]BẢNG MÃ RING'!$A$2:$C$322,2,0),0)) -> 3V01-19-36 | E126: =IF(B126="","",VLOOKUP(A126, INDIRECT( $I$1&"!$A$4:$G$2000"),7,0)) -> 70 | F126: =IF(B126="","",VLOOKUP(A126, INDIRECT( $I$1&"!$A$4:$H$2000"),8,0)) -> 2.525 | G126: =F126*E126 -> 176.75 | H126: =VLOOKUP(C126,data!E127:J228,6,0) -> 44546 | I126: =COUNTIF($D$3:$D$208,D126) -> 2
A127: =IF(A126="",1,A126+1) -> 125 | B127: =IFERROR( VLOOKUP(A127, INDIRECT( $I$1&"!$A$4:$C$2000"),3,0),"") -> VU03026 | C127: =IF(B127="","",VLOOKUP(A127, INDIRECT( $I$1&"!$A$4:$E$2000"),5,0)) -> 3V0185630 | D127: =IF(C127="","",IFERROR(VLOOKUP(C127,'[1]BẢNG MÃ RING'!$A$2:$C$322,2,0),0)) -> 3V01-19-10.55 | E127: =IF(B127="","",VLOOKUP(A127, INDIRECT( $I$1&"!$A$4:$G$2000"),7,0)) -> 60 | F127: =IF(B127="","",VLOOKUP(A127, INDIRECT( $I$1&"!$A$4:$H$2000"),8,0)) -> 1.067 | G127: =F127*E127 -> 64.02 | H127: =VLOOKUP(C127,data!E128:J228,6,0) -> 44560 | I127: =COUNTIF($D$3:$D$208,D127) -> 1
A128: =IF(A127="",1,A127+1) -> 126 | B128: =IFERROR( VLOOKUP(A128, INDIRECT( $I$1&"!$A$4:$C$2000"),3,0),"") -> VA03249 | C128: =IF(B128="","",VLOOKUP(A128, INDIRECT( $I$1&"!$A$4:$E$2000"),5,0)) -> 3V0185660 | D128: =IF(C128="","",IFERROR(VLOOKUP(C128,'[1]BẢNG MÃ RING'!$A$2:$C$322,2,0),0)) -> 3V01-19-13 | E128: =IF(B128="","",VLOOKUP(A128, INDIRECT( $I$1&"!$A$4:$G$2000"),7,0)) -> 60 | F128: =IF(B128="","",VLOOKUP(A128, INDIRECT( $I$1&"!$A$4:$H$2000"),8,0)) -> 1.067 | G128: =F128*E128 -> 64.02 | H128: =VLOOKUP(C128,data!E129:J228,6,0) -> 44560 | I128: =COUNTIF($D$3:$D$208,D128) -> 1
A129: =IF(A128="",1,A128+1) -> 127 | B129: =IFERROR( VLOOKUP(A129, INDIRECT( $I$1&"!$A$4:$C$2000"),3,0),"") -> VK02F54 | C129: =IF(B129="","",VLOOKUP(A129, INDIRECT( $I$1&"!$A$4:$E$2000"),5,0)) -> 3V0193110 | D129: =IF(C129="","",IFERROR(VLOOKUP(C129,'[1]BẢNG MÃ RING'!$A$2:$C$322,2,0),0)) -> 3V01-23.5-20.6 | E129: =IF(B129="","",VLOOKUP(A129, INDIRECT( $I$1&"!$A$4:$G$2000"),7,0)) -> 60 | F129: =IF(B129="","",VLOOKUP(A129, INDIRECT( $I$1&"!$A$4:$H$2000"),8,0)) -> 0.42 | G129: =F129*E129 -> 25.2 | H129: =VLOOKUP(C129,data!E130:J228,6,0) -> 44546 | I129: =COUNTIF($D$3:$D$208,D129) -> 4
A130: =IF(A129="",1,A129+1) -> 128 | B130: =IFERROR( VLOOKUP(A130, INDIRECT( $I$1&"!$A$4:$C$2000"),3,0),"") -> VK02F55 | C130: =IF(B130="","",VLOOKUP(A130, INDIRECT( $I$1&"!$A$4:$E$2000"),5,0)) -> 3V0193110 | D130: =IF(C130="","",IFERROR(VLOOKUP(C130,'[1]BẢNG MÃ RING'!$A$2:$C$322,2,0),0)) -> 3V01-23.5-20.6 | E130: =IF(B130="","",VLOOKUP(A130, INDIRECT( $I$1&"!$A$4:$G$2000"),7,0)) -> 60 | F130: =IF(B130="","",VLOOKUP(A130, INDIRECT( $I$1&"!$A$4:$H$2000"),8,0)) -> 0.42 | G130: =F130*E130 -> 25.2 | H130: =VLOOKUP(C130,data!E131:J228,6,0) -> 44546 | I130: =COUNTIF($D$3:$D$208,D130) -> 4
A131: =IF(A130="",1,A130+1) -> 129 | B131: =IFERROR( VLOOKUP(A131, INDIRECT( $I$1&"!$A$4:$C$2000"),3,0),"") -> VK02F56 | C131: =IF(B131="","",VLOOKUP(A131, INDIRECT( $I$1&"!$A$4:$E$2000"),5,0)) -> 3V0193110 | D131: =IF(C131="","",IFERROR(VLOOKUP(C131,'[1]BẢNG MÃ RING'!$A$2:$C$322,2,0),0)) -> 3V01-23.5-20.6 | E131: =IF(B131="","",VLOOKUP(A131, INDIRECT( $I$1&"!$A$4:$G$2000"),7,0)) -> 60 | F131: =IF(B131="","",VLOOKUP(A131, INDIRECT( $I$1&"!$A$4:$H$2000"),8,0)) -> 0.42 | G131: =F131*E131 -> 25.2 | H131: =VLOOKUP(C131,data!E132:J228,6,0) -> 44546 | I131: =COUNTIF($D$3:$D$208,D131) -> 4
A132: =IF(A131="",1,A131+1) -> 130 | B132: =IFERROR( VLOOKUP(A132, INDIRECT( $I$1&"!$A$4:$C$2000"),3,0),"") -> VK02F57 | C132: =IF(B132="","",VLOOKUP(A132, INDIRECT( $I$1&"!$A$4:$E$2000"),5,0)) -> 3V0193110 | D132: =IF(C132="","",IFERROR(VLOOKUP(C132,'[1]BẢNG MÃ RING'!$A$2:$C$322,2,0),0)) -> 3V01-23.5-20.6 | E132: =IF(B132="","",VLOOKUP(A132, INDIRECT( $I$1&"!$A$4:$G$2000"),7,0)) -> 60 | F132: =IF(B132="","",VLOOKUP(A132, INDIRECT( $I$1&"!$A$4:$H$2000"),8,0)) -> 0.42 | G132: =F132*E132 -> 25.2 | H132: =VLOOKUP(C132,data!E133:J228,6,0) -> 44546 | I132: =COUNTIF($D$3:$D$208,D132) -> 4
A133: =IF(A132="",1,A132+1) -> 131 | B133: =IFERROR( VLOOKUP(A133, INDIRECT( $I$1&"!$A$4:$C$2000"),3,0),"") -> VK02D03 | C133: =IF(B133="","",VLOOKUP(A133, INDIRECT( $I$1&"!$A$4:$E$2000"),5,0)) -> 3V0201290 | D133: =IF(C133="","",IFERROR(VLOOKUP(C133,'[1]BẢNG MÃ RING'!$A$2:$C$322,2,0),0)) -> 3V0201290 | E133: =IF(B133="","",VLOOKUP(A133, INDIRECT( $I$1&"!$A$4:$G$2000"),7,0)) -> 60 | F133: =IF(B133="","",VLOOKUP(A133, INDIRECT( $I$1&"!$A$4:$H$2000"),8,0)) -> 0.252 | G133: =F133*E133 -> 15.12 | H133: =VLOOKUP(C133,data!E134:J228,6,0) -> 44546 | I133: =COUNTIF($D$3:$D$208,D133) -> 2
A134: =IF(A133="",1,A133+1) -> 132 | B134: =IFERROR( VLOOKUP(A134, INDIRECT( $I$1&"!$A$4:$C$2000"),3,0),"") -> VK02A91 | C134: =IF(B134="","",VLOOKUP(A134, INDIRECT( $I$1&"!$A$4:$E$2000"),5,0)) -> 3V0201290 | D134: =IF(C134="","",IFERROR(VLOOKUP(C134,'[1]BẢNG MÃ RING'!$A$2:$C$322,2,0),0)) -> 3V0201290 | E134: =IF(B134="","",VLOOKUP(A134, INDIRECT( $I$1&"!$A$4:$G$2000"),7,0)) -> 110 | F134: =IF(B134="","",VLOOKUP(A134, INDIRECT( $I$1&"!$A$4:$H$2000"),8,0)) -> 0.252 | G134: =F134*E134 -> 27.72 | H134: =VLOOKUP(C134,data!E135:J228,6,0) -> 44549 | I134: =COUNTIF($D$3:$D$208,D134) -> 2
A135: =IF(A134="",1,A134+1) -> 133 | B135: =IFERROR( VLOOKUP(A135, INDIRECT( $I$1&"!$A$4:$C$2000"),3,0),"") -> VK02D06 | C135: =IF(B135="","",VLOOKUP(A135, INDIRECT( $I$1&"!$A$4:$E$2000"),5,0)) -> 3V02012A0 | D135: =IF(C135="","",IFERROR(VLOOKUP(C135,'[1]BẢNG MÃ RING'!$A$2:$C$322,2,0),0)) -> 3V02-18-11.55-A | E135: =IF(B135="","",VLOOKUP(A135, INDIRECT( $I$1&"!$A$4:$G$2000"),7,0)) -> 60 | F135: =IF(B135="","",VLOOKUP(A135, INDIRECT( $I$1&"!$A$4:$H$2000"),8,0)) -> 0.252 | G135: =F135*E135 -> 15.12 | H135: =VLOOKUP(C135,data!E136:J228,6,0) -> 44546 | I135: =COUNTIF($D$3:$D$208,D135) -> 2
A136: =IF(A135="",1,A135+1) -> 134 | B136: =IFERROR( VLOOKUP(A136, INDIRECT( $I$1&"!$A$4:$C$2000"),3,0),"") -> VK02A92 | C136: =IF(B136="","",VLOOKUP(A136, INDIRECT( $I$1&"!$A$4:$E$2000"),5,0)) -> 3V02012A0 | D136: =IF(C136="","",IFERROR(VLOOKUP(C136,'[1]BẢNG MÃ RING'!$A$2:$C$322,2,0),0)) -> 3V02-18-11.55-A | E136: =IF(B136="","",VLOOKUP(A136, INDIRECT( $I$1&"!$A$4:$G$2000"),7,0)) -> 100 | F136: =IF(B136="","",VLOOKUP(A136, INDIRECT( $I$1&"!$A$4:$H$2000"),8,0)) -> 0.252 | G136: =F136*E136 -> 25.2 | H136: =VLOOKUP(C136,data!E137:J228,6,0) -> 44549 | I136: =COUNTIF($D$3:$D$208,D136) -> 2
A137: =IF(A136="",1,A136+1) -> 135 | B137: =IFERROR( VLOOKUP(A137, INDIRECT( $I$1&"!$A$4:$C$2000"),3,0),"") -> VE04057 | C137: =IF(B137="","",VLOOKUP(A137, INDIRECT( $I$1&"!$A$4:$E$2000"),5,0)) -> 3V02012B0 | D137: =IF(C137="","",IFERROR(VLOOKUP(C137,'[1]BẢNG MÃ RING'!$A$2:$C$322,2,0),0)) -> 3V02-18-11.55-B | E137: =IF(B137="","",VLOOKUP(A137, INDIRECT( $I$1&"!$A$4:$G$2000"),7,0)) -> 40 | F137: =IF(B137="","",VLOOKUP(A137, INDIRECT( $I$1&"!$A$4:$H$2000"),8,0)) -> 0.252 | G137: =F137*E137 -> 10.08 | H137: =VLOOKUP(C137,data!E138:J228,6,0) -> 44581 | I137: =COUNTIF($D$3:$D$208,D137) -> 2
A138: =IF(A137="",1,A137+1) -> 136 | B138: =IFERROR( VLOOKUP(A138, INDIRECT( $I$1&"!$A$4:$C$2000"),3,0),"") -> VE04063 | C138: =IF(B138="","",VLOOKUP(A138, INDIRECT( $I$1&"!$A$4:$E$2000"),5,0)) -> 3V02012B0 | D138: =IF(C138="","",IFERROR(VLOOKUP(C138,'[1]BẢNG MÃ RING'!$A$2:$C$322,2,0),0)) -> 3V02-18-11.55-B | E138: =IF(B138="","",VLOOKUP(A138, INDIRECT( $I$1&"!$A$4:$G$2000"),7,0)) -> 60 | F138: =IF(B138="","",VLOOKUP(A138, INDIRECT( $I$1&"!$A$4:$H$2000"),8,0)) -> 0.252 | G138: =F138*E138 -> 15.12 | H138: =VLOOKUP(C138,data!E139:J228,6,0) -> 44581 | I138: =COUNTIF($D$3:$D$208,D138) -> 2
A139: =IF(A138="",1,A138+1) -> 137 | B139: =IFERROR( VLOOKUP(A139, INDIRECT( $I$1&"!$A$4:$C$2000"),3,0),"") -> VE04056 | C139: =IF(B139="","",VLOOKUP(A139, INDIRECT( $I$1&"!$A$4:$E$2000"),5,0)) -> 3V02012C0 | D139: =IF(C139="","",IFERROR(VLOOKUP(C139,'[1]BẢNG MÃ RING'!$A$2:$C$322,2,0),0)) -> 3V02-18-12.05-C | E139: =IF(B139="","",VLOOKUP(A139, INDIRECT( $I$1&"!$A$4:$G$2000"),7,0)) -> 60 | F139: =IF(B139="","",VLOOKUP(A139, INDIRECT( $I$1&"!$A$4:$H$2000"),8,0)) -> 0.252 | G139: =F139*E139 -> 15.12 | H139: =VLOOKUP(C139,data!E140:J228,6,0) -> 44581 | I139: =COUNTIF($D$3:$D$208,D139) -> 2
A140: =IF(A139="",1,A139+1) -> 138 | B140: =IFERROR( VLOOKUP(A140, INDIRECT( $I$1&"!$A$4:$C$2000"),3,0),"") -> VE04062 | C140: =IF(B140="","",VLOOKUP(A140, INDIRECT( $I$1&"!$A$4:$E$2000"),5,0)) -> 3V02012C0 | D140: =IF(C140="","",IFERROR(VLOOKUP(C140,'[1]BẢNG MÃ RING'!$A$2:$C$322,2,0),0)) -> 3V02-18-12.05-C | E140: =IF(B140="","",VLOOKUP(A140, INDIRECT( $I$1&"!$A$4:$G$2000"),7,0)) -> 60 | F140: =IF(B140="","",VLOOKUP(A140, INDIRECT( $I$1&"!$A$4:$H$2000"),8,0)) -> 0.252 | G140: =F140*E140 -> 15.12 | H140: =VLOOKUP(C140,data!E141:J228,6,0) -> 44581 | I140: =COUNTIF($D$3:$D$208,D140) -> 2
A141: =IF(A140="",1,A140+1) -> 139 | B141: =IFERROR( VLOOKUP(A141, INDIRECT( $I$1&"!$A$4:$C$2000"),3,0),"") -> VK02D07 | C141: =IF(B141="","",VLOOKUP(A141, INDIRECT( $I$1&"!$A$4:$E$2000"),5,0)) -> 3V02012P0 | D141: =IF(C141="","",IFERROR(VLOOKUP(C141,'[1]BẢNG MÃ RING'!$A$2:$C$322,2,0),0)) -> 3V02-18-12.05-P | E141: =IF(B141="","",VLOOKUP(A141, INDIRECT( $I$1&"!$A$4:$G$2000"),7,0)) -> 50 | F141: =IF(B141="","",VLOOKUP(A141, INDIRECT( $I$1&"!$A$4:$H$2000"),8,0)) -> 0.252 | G141: =F141*E141 -> 12.6 | H141: =VLOOKUP(C141,data!E142:J228,6,0) -> 44546 | I141: =COUNTIF($D$3:$D$208,D141) -> 1
A142: =IF(A141="",1,A141+1) -> 140 | B142: =IFERROR( VLOOKUP(A142, INDIRECT( $I$1&"!$A$4:$C$2000"),3,0),"") -> VK02C46 | C142: =IF(B142="","",VLOOKUP(A142, INDIRECT( $I$1&"!$A$4:$E$2000"),5,0)) -> 3V0207420 | D142: =IF(C142="","",IFERROR(VLOOKUP(C142,'[1]BẢNG MÃ RING'!$A$2:$C$322,2,0),0)) -> 3V02-30.8-24 | E142: =IF(B142="","",VLOOKUP(A142, INDIRECT( $I$1&"!$A$4:$G$2000"),7,0)) -> 100 | F142: =IF(B142="","",VLOOKUP(A142, INDIRECT( $I$1&"!$A$4:$H$2000"),8,0)) -> 0.8415 | G142: =F142*E142 -> 84.15 | H142: =VLOOKUP(C142,data!E143:J228,6,0) -> 44560 | I142: =COUNTIF($D$3:$D$208,D142) -> 3
A143: =IF(A142="",1,A142+1) -> 141 | B143: =IFERROR( VLOOKUP(A143, INDIRECT( $I$1&"!$A$4:$C$2000"),3,0),"") -> VK02C47 | C143: =IF(B143="","",VLOOKUP(A143, INDIRECT( $I$1&"!$A$4:$E$2000"),5,0)) -> 3V0207420 | D143: =IF(C143="","",IFERROR(VLOOKUP(C143,'[1]BẢNG MÃ RING'!$A$2:$C$322,2,0),0)) -> 3V02-30.8-24 | E143: =IF(B143="","",VLOOKUP(A143, INDIRECT( $I$1&"!$A$4:$G$2000"),7,0)) -> 110 | F143: =IF(B143="","",VLOOKUP(A143, INDIRECT( $I$1&"!$A$4:$H$2000"),8,0)) -> 0.8415 | G143: =F143*E143 -> 92.565 | H143: =VLOOKUP(C143,data!E144:J228,6,0) -> 44560 | I143: =COUNTIF($D$3:$D$208,D143) -> 3
A144: =IF(A143="",1,A143+1) -> 142 | B144: =IFERROR( VLOOKUP(A144, INDIRECT( $I$1&"!$A$4:$C$2000"),3,0),"") -> VK02C48 | C144: =IF(B144="","",VLOOKUP(A144, INDIRECT( $I$1&"!$A$4:$E$2000"),5,0)) -> 3V0207420 | D144: =IF(C144="","",IFERROR(VLOOKUP(C144,'[1]BẢNG MÃ RING'!$A$2:$C$322,2,0),0)) -> 3V02-30.8-24 | E144: =IF(B144="","",VLOOKUP(A144, INDIRECT( $I$1&"!$A$4:$G$2000"),7,0)) -> 110 | F144: =IF(B144="","",VLOOKUP(A144, INDIRECT( $I$1&"!$A$4:$H$2000"),8,0)) -> 0.8415 | G144: =F144*E144 -> 92.565 | H144: =VLOOKUP(C144,data!E145:J228,6,0) -> 44560 | I144: =COUNTIF($D$3:$D$208,D144) -> 3
A145: =IF(A144="",1,A144+1) -> 143 | B145: =IFERROR( VLOOKUP(A145, INDIRECT( $I$1&"!$A$4:$C$2000"),3,0),"") -> VK02C46 | C145: =IF(B145="","",VLOOKUP(A145, INDIRECT( $I$1&"!$A$4:$E$2000"),5,0)) -> 3V0207520 | D145: =IF(C145="","",IFERROR(VLOOKUP(C145,'[1]BẢNG MÃ RING'!$A$2:$C$322,2,0),0)) -> 3V02-25.4-24 | E145: =IF(B145="","",VLOOKUP(A145, INDIRECT( $I$1&"!$A$4:$G$2000"),7,0)) -> 70 | F145: =IF(B145="","",VLOOKUP(A145, INDIRECT( $I$1&"!$A$4:$H$2000"),8,0)) -> 0.7425 | G145: =F145*E145 -> 51.975 | H145: =VLOOKUP(C145,data!E146:J228,6,0) -> 44560 | I145: =COUNTIF($D$3:$D$208,D145) -> 3
A146: =IF(A145="",1,A145+1) -> 144 | B146: =IFERROR( VLOOKUP(A146, INDIRECT( $I$1&"!$A$4:$C$2000"),3,0),"") -> VK02C47 | C146: =IF(B146="","",VLOOKUP(A146, INDIRECT( $I$1&"!$A$4:$E$2000"),5,0)) -> 3V0207520 | D146: =IF(C146="","",IFERROR(VLOOKUP(C146,'[1]BẢNG MÃ RING'!$A$2:$C$322,2,0),0)) -> 3V02-25.4-24 | E146: =IF(B146="","",VLOOKUP(A146, INDIRECT( $I$1&"!$A$4:$G$2000"),7,0)) -> 110 | F146: =IF(B146="","",VLOOKUP(A146, INDIRECT( $I$1&"!$A$4:$H$2000"),8,0)) -> 0.7425 | G146: =F146*E146 -> 81.675 | H146: =VLOOKUP(C146,data!E147:J228,6,0) -> 44560 | I146: =COUNTIF($D$3:$D$208,D146) -> 3
A147: =IF(A146="",1,A146+1) -> 145 | B147: =IFERROR( VLOOKUP(A147, INDIRECT( $I$1&"!$A$4:$C$2000"),3,0),"") -> VK02C48 | C147: =IF(B147="","",VLOOKUP(A147, INDIRECT( $I$1&"!$A$4:$E$2000"),5,0)) -> 3V0207520 | D147: =IF(C147="","",IFERROR(VLOOKUP(C147,'[1]BẢNG MÃ RING'!$A$2:$C$322,2,0),0)) -> 3V02-25.4-24 | E147: =IF(B147="","",VLOOKUP(A147, INDIRECT( $I$1&"!$A$4:$G$2000"),7,0)) -> 110 | F147: =IF(B147="","",VLOOKUP(A147, INDIRECT( $I$1&"!$A$4:$H$2000"),8,0)) -> 0.7425 | G147: =F147*E147 -> 81.675 | H147: =VLOOKUP(C147,data!E148:J228,6,0) -> 44560 | I147: =COUNTIF($D$3:$D$208,D147) -> 3
A148: =IF(A147="",1,A147+1) -> 146 | B148: =IFERROR( VLOOKUP(A148, INDIRECT( $I$1&"!$A$4:$C$2000"),3,0),"") -> VK02F34 | C148: =IF(B148="","",VLOOKUP(A148, INDIRECT( $I$1&"!$A$4:$E$2000"),5,0)) -> 3V0207560 | D148: =IF(C148="","",IFERROR(VLOOKUP(C148,'[1]BẢNG MÃ RING'!$A$2:$C$322,2,0),0)) -> 3V02-25.4-22.65-6 | E148: =IF(B148="","",VLOOKUP(A148, INDIRECT( $I$1&"!$A$4:$G$2000"),7,0)) -> 130 | F148: =IF(B148="","",VLOOKUP(A148, INDIRECT( $I$1&"!$A$4:$H$2000"),8,0)) -> 0.7425 | G148: =F148*E148 -> 96.525 | H148: =VLOOKUP(C148,data!E149:J228,6,0) -> 44546 | I148: =COUNTIF($D$3:$D$208,D148) -> 2
A149: =IF(A148="",1,A148+1) -> 147 | B149: =IFERROR( VLOOKUP(A149, INDIRECT( $I$1&"!$A$4:$C$2000"),3,0),"") -> VK02F35 | C149: =IF(B149="","",VLOOKUP(A149, INDIRECT( $I$1&"!$A$4:$E$2000"),5,0)) -> 3V0207560 | D149: =IF(C149="","",IFERROR(VLOOKUP(C149,'[1]BẢNG MÃ RING'!$A$2:$C$322,2,0),0)) -> 3V02-25.4-22.65-6 | E149: =IF(B149="","",VLOOKUP(A149, INDIRECT( $I$1&"!$A$4:$G$2000"),7,0)) -> 210 | F149: =IF(B149="","",VLOOKUP(A149, INDIRECT( $I$1&"!$A$4:$H$2000"),8,0)) -> 0.7425 | G149: =F149*E149 -> 155.925 | H149: =VLOOKUP(C149,data!E150:J228,6,0) -> 44546 | I149: =COUNTIF($D$3:$D$208,D149) -> 2
A150: =IF(A149="",1,A149+1) -> 148 | B150: =IFERROR( VLOOKUP(A150, INDIRECT( $I$1&"!$A$4:$C$2000"),3,0),"") -> VK02F36 | C150: =IF(B150="","",VLOOKUP(A150, INDIRECT( $I$1&"!$A$4:$E$2000"),5,0)) -> 3V0207570 | D150: =IF(C150="","",IFERROR(VLOOKUP(C150,'[1]BẢNG MÃ RING'!$A$2:$C$322,2,0),0)) -> 3V0207570 | E150: =IF(B150="","",VLOOKUP(A150, INDIRECT( $I$1&"!$A$4:$G$2000"),7,0)) -> 40 | F150: =IF(B150="","",VLOOKUP(A150, INDIRECT( $I$1&"!$A$4:$H$2000"),8,0)) -> 0.7425 | G150: =F150*E150 -> 29.7 | H150: =VLOOKUP(C150,data!E151:J228,6,0) -> 44546 | I150: =COUNTIF($D$3:$D$208,D150) -> 1
A151: =IF(A150="",1,A150+1) -> 149 | B151: =IFERROR( VLOOKUP(A151, INDIRECT( $I$1&"!$A$4:$C$2000"),3,0),"") -> VK02F37 | C151: =IF(B151="","",VLOOKUP(A151, INDIRECT( $I$1&"!$A$4:$E$2000"),5,0)) -> 3V0207580 | D151: =IF(C151="","",IFERROR(VLOOKUP(C151,'[1]BẢNG MÃ RING'!$A$2:$C$322,2,0),0)) -> 3V02-25.4-24-8 | E151: =IF(B151="","",VLOOKUP(A151, INDIRECT( $I$1&"!$A$4:$G$2000"),7,0)) -> 30 | F151: =IF(B151="","",VLOOKUP(A151, INDIRECT( $I$1&"!$A$4:$H$2000"),8,0)) -> 0.7425 | G151: =F151*E151 -> 22.275 | H151: =VLOOKUP(C151,data!E152:J228,6,0) -> 44546 | I151: =COUNTIF($D$3:$D$208,D151) -> 1
A152: =IF(A151="",1,A151+1) -> 150 | B152: =IFERROR( VLOOKUP(A152, INDIRECT( $I$1&"!$A$4:$C$2000"),3,0),"") -> VE02A09 | C152: =IF(B152="","",VLOOKUP(A152, INDIRECT( $I$1&"!$A$4:$E$2000"),5,0)) -> 3V0240150 | D152: =IF(C152="","",IFERROR(VLOOKUP(C152,'[1]BẢNG MÃ RING'!$A$2:$C$322,2,0),0)) -> 3V02-24.4-18-5 | E152: =IF(B152="","",VLOOKUP(A152, INDIRECT( $I$1&"!$A$4:$G$2000"),7,0)) -> 110 | F152: =IF(B152="","",VLOOKUP(A152, INDIRECT( $I$1&"!$A$4:$H$2000"),8,0)) -> 0.59 | G152: =F152*E152 -> 64.9 | H152: =VLOOKUP(C152,data!E153:J228,6,0) -> 44539 | I152: =COUNTIF($D$3:$D$208,D152) -> 4
A153: =IF(A152="",1,A152+1) -> 151 | B153: =IFERROR( VLOOKUP(A153, INDIRECT( $I$1&"!$A$4:$C$2000"),3,0),"") -> VE02A10 | C153: =IF(B153="","",VLOOKUP(A153, INDIRECT( $I$1&"!$A$4:$E$2000"),5,0)) -> 3V0240150 | D153: =IF(C153="","",IFERROR(VLOOKUP(C153,'[1]BẢNG MÃ RING'!$A$2:$C$322,2,0),0)) -> 3V02-24.4-18-5 | E153: =IF(B153="","",VLOOKUP(A153, INDIRECT( $I$1&"!$A$4:$G$2000"),7,0)) -> 110 | F153: =IF(B153="","",VLOOKUP(A153, INDIRECT( $I$1&"!$A$4:$H$2000"),8,0)) -> 0.59 | G153: =F153*E153 -> 64.9 | H153: =VLOOKUP(C153,data!E154:J228,6,0) -> 44539 | I153: =COUNTIF($D$3:$D$208,D153) -> 4
A154: =IF(A153="",1,A153+1) -> 152 | B154: =IFERROR( VLOOKUP(A154, INDIRECT( $I$1&"!$A$4:$C$2000"),3,0),"") -> VE02A11 | C154: =IF(B154="","",VLOOKUP(A154, INDIRECT( $I$1&"!$A$4:$E$2000"),5,0)) -> 3V0240150 | D154: =IF(C154="","",IFERROR(VLOOKUP(C154,'[1]BẢNG MÃ RING'!$A$2:$C$322,2,0),0)) -> 3V02-24.4-18-5 | E154: =IF(B154="","",VLOOKUP(A154, INDIRECT( $I$1&"!$A$4:$G$2000"),7,0)) -> 110 | F154: =IF(B154="","",VLOOKUP(A154, INDIRECT( $I$1&"!$A$4:$H$2000"),8,0)) -> 0.59 | G154: =F154*E154 -> 64.9 | H154: =VLOOKUP(C154,data!E155:J228,6,0) -> 44539 | I154: =COUNTIF($D$3:$D$208,D154) -> 4
A155: =IF(A154="",1,A154+1) -> 153 | B155: =IFERROR( VLOOKUP(A155, INDIRECT( $I$1&"!$A$4:$C$2000"),3,0),"") -> VE02A12 | C155: =IF(B155="","",VLOOKUP(A155, INDIRECT( $I$1&"!$A$4:$E$2000"),5,0)) -> 3V0240150 | D155: =IF(C155="","",IFERROR(VLOOKUP(C155,'[1]BẢNG MÃ RING'!$A$2:$C$322,2,0),0)) -> 3V02-24.4-18-5 | E155: =IF(B155="","",VLOOKUP(A155, INDIRECT( $I$1&"!$A$4:$G$2000"),7,0)) -> 110 | F155: =IF(B155="","",VLOOKUP(A155, INDIRECT( $I$1&"!$A$4:$H$2000"),8,0)) -> 0.59 | G155: =F155*E155 -> 64.9 | H155: =VLOOKUP(C155,data!E156:J228,6,0) -> 44539 | I155: =COUNTIF($D$3:$D$208,D155) -> 4
A156: =IF(A155="",1,A155+1) -> 154 | B156: =IFERROR( VLOOKUP(A156, INDIRECT( $I$1&"!$A$4:$C$2000"),3,0),"") -> VK02E93 | C156: =IF(B156="","",VLOOKUP(A156, INDIRECT( $I$1&"!$A$4:$E$2000"),5,0)) -> 3V0248000 | D156: =IF(C156="","",IFERROR(VLOOKUP(C156,'[1]BẢNG MÃ RING'!$A$2:$C$322,2,0),0)) -> 3V02-22.2-20 | E156: =IF(B156="","",VLOOKUP(A156, INDIRECT( $I$1&"!$A$4:$G$2000"),7,0)) -> 70 | F156: =IF(B156="","",VLOOKUP(A156, INDIRECT( $I$1&"!$A$4:$H$2000"),8,0)) -> 0.57 | G156: =F156*E156 -> 39.9 | H156: =VLOOKUP(C156,data!E157:J228,6,0) -> 44546 | I156: =COUNTIF($D$3:$D$208,D156) -> 3
A157: =IF(A156="",1,A156+1) -> 155 | B157: =IFERROR( VLOOKUP(A157, INDIRECT( $I$1&"!$A$4:$C$2000"),3,0),"") -> VK02E95 | C157: =IF(B157="","",VLOOKUP(A157, INDIRECT( $I$1&"!$A$4:$E$2000"),5,0)) -> 3V0248000 | D157: =IF(C157="","",IFERROR(VLOOKUP(C157,'[1]BẢNG MÃ RING'!$A$2:$C$322,2,0),0)) -> 3V02-22.2-20 | E157: =IF(B157="","",VLOOKUP(A157, INDIRECT( $I$1&"!$A$4:$G$2000"),7,0)) -> 130 | F157: =IF(B157="","",VLOOKUP(A157, INDIRECT( $I$1&"!$A$4:$H$2000"),8,0)) -> 0.57 | G157: =F157*E157 -> 74.1 | H157: =VLOOKUP(C157,data!E158:J228,6,0) -> 44546 | I157: =COUNTIF($D$3:$D$208,D157) -> 3
A158: =IF(A157="",1,A157+1) -> 156 | B158: =IFERROR( VLOOKUP(A158, INDIRECT( $I$1&"!$A$4:$C$2000"),3,0),"") -> VK02E97 | C158: =IF(B158="","",VLOOKUP(A158, INDIRECT( $I$1&"!$A$4:$E$2000"),5,0)) -> 3V0248000 | D158: =IF(C158="","",IFERROR(VLOOKUP(C158,'[1]BẢNG MÃ RING'!$A$2:$C$322,2,0),0)) -> 3V02-22.2-20 | E158: =IF(B158="","",VLOOKUP(A158, INDIRECT( $I$1&"!$A$4:$G$2000"),7,0)) -> 60 | F158: =IF(B158="","",VLOOKUP(A158, INDIRECT( $I$1&"!$A$4:$H$2000"),8,0)) -> 0.57 | G158: =F158*E158 -> 34.2 | H158: =VLOOKUP(C158,data!E159:J228,6,0) -> 44546 | I158: =COUNTIF($D$3:$D$208,D158) -> 3
A159: =IF(A158="",1,A158+1) -> 157 | B159: =IFERROR( VLOOKUP(A159, INDIRECT( $I$1&"!$A$4:$C$2000"),3,0),"") -> VU03014 | C159: =IF(B159="","",VLOOKUP(A159, INDIRECT( $I$1&"!$A$4:$E$2000"),5,0)) -> 3V0252710 | D159: =IF(C159="","",IFERROR(VLOOKUP(C159,'[1]BẢNG MÃ RING'!$A$2:$C$322,2,0),0)) -> 3V02527-16.5-11.55 | E159: =IF(B159="","",VLOOKUP(A159, INDIRECT( $I$1&"!$A$4:$G$2000"),7,0)) -> 110 | F159: =IF(B159="","",VLOOKUP(A159, INDIRECT( $I$1&"!$A$4:$H$2000"),8,0)) -> 0.45 | G159: =F159*E159 -> 49.5 | H159: =VLOOKUP(C159,data!E160:J228,6,0) -> 44560 | I159: =COUNTIF($D$3:$D$208,D159) -> 3
A160: =IF(A159="",1,A159+1) -> 158 | B160: =IFERROR( VLOOKUP(A160, INDIRECT( $I$1&"!$A$4:$C$2000"),3,0),"") -> VU03015 | C160: =IF(B160="","",VLOOKUP(A160, INDIRECT( $I$1&"!$A$4:$E$2000"),5,0)) -> 3V0252710 | D160: =IF(C160="","",IFERROR(VLOOKUP(C160,'[1]BẢNG MÃ RING'!$A$2:$C$322,2,0),0)) -> 3V02527-16.5-11.55 | E160: =IF(B160="","",VLOOKUP(A160, INDIRECT( $I$1&"!$A$4:$G$2000"),7,0)) -> 60 | F160: =IF(B160="","",VLOOKUP(A160, INDIRECT( $I$1&"!$A$4:$H$2000"),8,0)) -> 0.45 | G160: =F160*E160 -> 27 | H160: =VLOOKUP(C160,data!E161:J228,6,0) -> 44560 | I160: =COUNTIF($D$3:$D$208,D160) -> 3
A161: =IF(A160="",1,A160+1) -> 159 | B161: =IFERROR( VLOOKUP(A161, INDIRECT( $I$1&"!$A$4:$C$2000"),3,0),"") -> VU03016 | C161: =IF(B161="","",VLOOKUP(A161, INDIRECT( $I$1&"!$A$4:$E$2000"),5,0)) -> 3V0252710 | D161: =IF(C161="","",IFERROR(VLOOKUP(C161,'[1]BẢNG MÃ RING'!$A$2:$C$322,2,0),0)) -> 3V02527-16.5-11.55 | E161: =IF(B161="","",VLOOKUP(A161, INDIRECT( $I$1&"!$A$4:$G$2000"),7,0)) -> 110 | F161: =IF(B161="","",VLOOKUP(A161, INDIRECT( $I$1&"!$A$4:$H$2000"),8,0)) -> 0.45 | G161: =F161*E161 -> 49.5 | H161: =VLOOKUP(C161,data!E162:J228,6,0) -> 44560 | I161: =COUNTIF($D$3:$D$208,D161) -> 3
A162: =IF(A161="",1,A161+1) -> 160 | B162: =IFERROR( VLOOKUP(A162, INDIRECT( $I$1&"!$A$4:$C$2000"),3,0),"") -> VU03008 | C162: =IF(B162="","",VLOOKUP(A162, INDIRECT( $I$1&"!$A$4:$E$2000"),5,0)) -> 3V0252720 | D162: =IF(C162="","",IFERROR(VLOOKUP(C162,'[1]BẢNG MÃ RING'!$A$2:$C$322,2,0),0)) -> 3V02527-16.5-10.05 | E162: =IF(B162="","",VLOOKUP(A162, INDIRECT( $I$1&"!$A$4:$G$2000"),7,0)) -> 50 | F162: =IF(B162="","",VLOOKUP(A162, INDIRECT( $I$1&"!$A$4:$H$2000"),8,0)) -> 0.45 | G162: =F162*E162 -> 22.5 | H162: =VLOOKUP(C162,data!E163:J228,6,0) -> 44560 | I162: =COUNTIF($D$3:$D$208,D162) -> 2
A163: =IF(A162="",1,A162+1) -> 161 | B163: =IFERROR( VLOOKUP(A163, INDIRECT( $I$1&"!$A$4:$C$2000"),3,0),"") -> VU03009 | C163: =IF(B163="","",VLOOKUP(A163, INDIRECT( $I$1&"!$A$4:$E$2000"),5,0)) -> 3V0252720 | D163: =IF(C163="","",IFERROR(VLOOKUP(C163,'[1]BẢNG MÃ RING'!$A$2:$C$322,2,0),0)) -> 3V02527-16.5-10.05 | E163: =IF(B163="","",VLOOKUP(A163, INDIRECT( $I$1&"!$A$4:$G$2000"),7,0)) -> 110 | F163: =IF(B163="","",VLOOKUP(A163, INDIRECT( $I$1&"!$A$4:$H$2000"),8,0)) -> 0.45 | G163: =F163*E163 -> 49.5 | H163: =VLOOKUP(C163,data!E164:J228,6,0) -> 44560 | I163: =COUNTIF($D$3:$D$208,D163) -> 2
A164: =IF(A163="",1,A163+1) -> 162 | B164: =IFERROR( VLOOKUP(A164, INDIRECT( $I$1&"!$A$4:$C$2000"),3,0),"") -> VU03007 | C164: =IF(B164="","",VLOOKUP(A164, INDIRECT( $I$1&"!$A$4:$E$2000"),5,0)) -> 3V0252730 | D164: =IF(C164="","",IFERROR(VLOOKUP(C164,'[1]BẢNG MÃ RING'!$A$2:$C$322,2,0),0)) -> 3V02527-16.5-10.55 | E164: =IF(B164="","",VLOOKUP(A164, INDIRECT( $I$1&"!$A$4:$G$2000"),7,0)) -> 50 | F164: =IF(B164="","",VLOOKUP(A164, INDIRECT( $I$1&"!$A$4:$H$2000"),8,0)) -> 0.45 | G164: =F164*E164 -> 22.5 | H164: =VLOOKUP(C164,data!E165:J228,6,0) -> 44560 | I164: =COUNTIF($D$3:$D$208,D164) -> 4
A165: =IF(A164="",1,A164+1) -> 163 | B165: =IFERROR( VLOOKUP(A165, INDIRECT( $I$1&"!$A$4:$C$2000"),3,0),"") -> VU03012 | C165: =IF(B165="","",VLOOKUP(A165, INDIRECT( $I$1&"!$A$4:$E$2000"),5,0)) -> 3V0252730 | D165: =IF(C165="","",IFERROR(VLOOKUP(C165,'[1]BẢNG MÃ RING'!$A$2:$C$322,2,0),0)) -> 3V02527-16.5-10.55 | E165: =IF(B165="","",VLOOKUP(A165, INDIRECT( $I$1&"!$A$4:$G$2000"),7,0)) -> 60 | F165: =IF(B165="","",VLOOKUP(A165, INDIRECT( $I$1&"!$A$4:$H$2000"),8,0)) -> 0.45 | G165: =F165*E165 -> 27 | H165: =VLOOKUP(C165,data!E166:J228,6,0) -> 44560 | I165: =COUNTIF($D$3:$D$208,D165) -> 4
A166: =IF(A165="",1,A165+1) -> 164 | B166: =IFERROR( VLOOKUP(A166, INDIRECT( $I$1&"!$A$4:$C$2000"),3,0),"") -> VU03013 | C166: =IF(B166="","",VLOOKUP(A166, INDIRECT( $I$1&"!$A$4:$E$2000"),5,0)) -> 3V0252730 | D166: =IF(C166="","",IFERROR(VLOOKUP(C166,'[1]BẢNG MÃ RING'!$A$2:$C$322,2,0),0)) -> 3V02527-16.5-10.55 | E166: =IF(B166="","",VLOOKUP(A166, INDIRECT( $I$1&"!$A$4:$G$2000"),7,0)) -> 170 | F166: =IF(B166="","",VLOOKUP(A166, INDIRECT( $I$1&"!$A$4:$H$2000"),8,0)) -> 0.45 | G166: =F166*E166 -> 76.5 | H166: =VLOOKUP(C166,data!E167:J228,6,0) -> 44560 | I166: =COUNTIF($D$3:$D$208,D166) -> 4
A167: =IF(A166="",1,A166+1) -> 165 | B167: =IFERROR( VLOOKUP(A167, INDIRECT( $I$1&"!$A$4:$C$2000"),3,0),"") -> VU03017 | C167: =IF(B167="","",VLOOKUP(A167, INDIRECT( $I$1&"!$A$4:$E$2000"),5,0)) -> 3V0252730 | D167: =IF(C167="","",IFERROR(VLOOKUP(C167,'[1]BẢNG MÃ RING'!$A$2:$C$322,2,0),0)) -> 3V02527-16.5-10.55 | E167: =IF(B167="","",VLOOKUP(A167, INDIRECT( $I$1&"!$A$4:$G$2000"),7,0)) -> 60 | F167: =IF(B167="","",VLOOKUP(A167, INDIRECT( $I$1&"!$A$4:$H$2000"),8,0)) -> 0.45 | G167: =F167*E167 -> 27 | H167: =VLOOKUP(C167,data!E168:J228,6,0) -> 44560 | I167: =COUNTIF($D$3:$D$208,D167) -> 4
A168: =IF(A167="",1,A167+1) -> 166 | B168: =IFERROR( VLOOKUP(A168, INDIRECT( $I$1&"!$A$4:$C$2000"),3,0),"") -> VU03007 | C168: =IF(B168="","",VLOOKUP(A168, INDIRECT( $I$1&"!$A$4:$E$2000"),5,0)) -> 3V0254500 | D168: =IF(C168="","",IFERROR(VLOOKUP(C168,'[1]BẢNG MÃ RING'!$A$2:$C$322,2,0),0)) -> 3V02545-24-21.2 | E168: =IF(B168="","",VLOOKUP(A168, INDIRECT( $I$1&"!$A$4:$G$2000"),7,0)) -> 30 | F168: =IF(B168="","",VLOOKUP(A168, INDIRECT( $I$1&"!$A$4:$H$2000"),8,0)) -> 0.45 | G168: =F168*E168 -> 13.5 | H168: =VLOOKUP(C168,data!E169:J228,6,0) -> 44560 | I168: =COUNTIF($D$3:$D$208,D168) -> 9
A169: =IF(A168="",1,A168+1) -> 167 | B169: =IFERROR( VLOOKUP(A169, INDIRECT( $I$1&"!$A$4:$C$2000"),3,0),"") -> VU03008 | C169: =IF(B169="","",VLOOKUP(A169, INDIRECT( $I$1&"!$A$4:$E$2000"),5,0)) -> 3V0254500 | D169: =IF(C169="","",IFERROR(VLOOKUP(C169,'[1]BẢNG MÃ RING'!$A$2:$C$322,2,0),0)) -> 3V02545-24-21.2 | E169: =IF(B169="","",VLOOKUP(A169, INDIRECT( $I$1&"!$A$4:$G$2000"),7,0)) -> 60 | F169: =IF(B169="","",VLOOKUP(A169, INDIRECT( $I$1&"!$A$4:$H$2000"),8,0)) -> 0.45 | G169: =F169*E169 -> 27 | H169: =VLOOKUP(C169,data!E170:J228,6,0) -> 44560 | I169: =COUNTIF($D$3:$D$208,D169) -> 9
A170: =IF(A169="",1,A169+1) -> 168 | B170: =IFERROR( VLOOKUP(A170, INDIRECT( $I$1&"!$A$4:$C$2000"),3,0),"") -> VU03009 | C170: =IF(B170="","",VLOOKUP(A170, INDIRECT( $I$1&"!$A$4:$E$2000"),5,0)) -> 3V0254500 | D170: =IF(C170="","",IFERROR(VLOOKUP(C170,'[1]BẢNG MÃ RING'!$A$2:$C$322,2,0),0)) -> 3V02545-24-21.2 | E170: =IF(B170="","",VLOOKUP(A170, INDIRECT( $I$1&"!$A$4:$G$2000"),7,0)) -> 110 | F170: =IF(B170="","",VLOOKUP(A170, INDIRECT( $I$1&"!$A$4:$H$2000"),8,0)) -> 0.45 | G170: =F170*E170 -> 49.5 | H170: =VLOOKUP(C170,data!E171:J228,6,0) -> 44560 | I170: =COUNTIF($D$3:$D$208,D170) -> 9
A171: =IF(A170="",1,A170+1) -> 169 | B171: =IFERROR( VLOOKUP(A171, INDIRECT( $I$1&"!$A$4:$C$2000"),3,0),"") -> VU03012 | C171: =IF(B171="","",VLOOKUP(A171, INDIRECT( $I$1&"!$A$4:$E$2000"),5,0)) -> 3V0254500 | D171: =IF(C171="","",IFERROR(VLOOKUP(C171,'[1]BẢNG MÃ RING'!$A$2:$C$322,2,0),0)) -> 3V02545-24-21.2 | E171: =IF(B171="","",VLOOKUP(A171, INDIRECT( $I$1&"!$A$4:$G$2000"),7,0)) -> 60 | F171: =IF(B171="","",VLOOKUP(A171, INDIRECT( $I$1&"!$A$4:$H$2000"),8,0)) -> 0.45 | G171: =F171*E171 -> 27 | H171: =VLOOKUP(C171,data!E172:J228,6,0) -> 44560 | I171: =COUNTIF($D$3:$D$208,D171) -> 9
A172: =IF(A171="",1,A171+1) -> 170 | B172: =IFERROR( VLOOKUP(A172, INDIRECT( $I$1&"!$A$4:$C$2000"),3,0),"") -> VU03013 | C172: =IF(B172="","",VLOOKUP(A172, INDIRECT( $I$1&"!$A$4:$E$2000"),5,0)) -> 3V0254500 | D172: =IF(C172="","",IFERROR(VLOOKUP(C172,'[1]BẢNG MÃ RING'!$A$2:$C$322,2,0),0)) -> 3V02545-24-21.2 | E172: =IF(B172="","",VLOOKUP(A172, INDIRECT( $I$1&"!$A$4:$G$2000"),7,0)) -> 170 | F172: =IF(B172="","",VLOOKUP(A172, INDIRECT( $I$1&"!$A$4:$H$2000"),8,0)) -> 0.45 | G172: =F172*E172 -> 76.5 | H172: =VLOOKUP(C172,data!E173:J228,6,0) -> 44560 | I172: =COUNTIF($D$3:$D$208,D172) -> 9
A173: =IF(A172="",1,A172+1) -> 171 | B173: =IFERROR( VLOOKUP(A173, INDIRECT( $I$1&"!$A$4:$C$2000"),3,0),"") -> VU03014 | C173: =IF(B173="","",VLOOKUP(A173, INDIRECT( $I$1&"!$A$4:$E$2000"),5,0)) -> 3V0254500 | D173: =IF(C173="","",IFERROR(VLOOKUP(C173,'[1]BẢNG MÃ RING'!$A$2:$C$322,2,0),0)) -> 3V02545-24-21.2 | E173: =IF(B173="","",VLOOKUP(A173, INDIRECT( $I$1&"!$A$4:$G$2000"),7,0)) -> 110 | F173: =IF(B173="","",VLOOKUP(A173, INDIRECT( $I$1&"!$A$4:$H$2000"),8,0)) -> 0.45 | G173: =F173*E173 -> 49.5 | H173: =VLOOKUP(C173,data!E174:J228,6,0) -> 44560 | I173: =COUNTIF($D$3:$D$208,D173) -> 9
A174: =IF(A173="",1,A173+1) -> 172 | B174: =IFERROR( VLOOKUP(A174, INDIRECT( $I$1&"!$A$4:$C$2000"),3,0),"") -> VU03015 | C174: =IF(B174="","",VLOOKUP(A174, INDIRECT( $I$1&"!$A$4:$E$2000"),5,0)) -> 3V0254500 | D174: =IF(C174="","",IFERROR(VLOOKUP(C174,'[1]BẢNG MÃ RING'!$A$2:$C$322,2,0),0)) -> 3V02545-24-21.2 | E174: =IF(B174="","",VLOOKUP(A174, INDIRECT( $I$1&"!$A$4:$G$2000"),7,0)) -> 60 | F174: =IF(B174="","",VLOOKUP(A174, INDIRECT( $I$1&"!$A$4:$H$2000"),8,0)) -> 0.45 | G174: =F174*E174 -> 27 | H174: =VLOOKUP(C174,data!E175:J228,6,0) -> 44560 | I174: =COUNTIF($D$3:$D$208,D174) -> 9
A175: =IF(A174="",1,A174+1) -> 173 | B175: =IFERROR( VLOOKUP(A175, INDIRECT( $I$1&"!$A$4:$C$2000"),3,0),"") -> VU03016 | C175: =IF(B175="","",VLOOKUP(A175, INDIRECT( $I$1&"!$A$4:$E$2000"),5,0)) -> 3V0254500 | D175: =IF(C175="","",IFERROR(VLOOKUP(C175,'[1]BẢNG MÃ RING'!$A$2:$C$322,2,0),0)) -> 3V02545-24-21.2 | E175: =IF(B175="","",VLOOKUP(A175, INDIRECT( $I$1&"!$A$4:$G$2000"),7,0)) -> 110 | F175: =IF(B175="","",VLOOKUP(A175, INDIRECT( $I$1&"!$A$4:$H$2000"),8,0)) -> 0.45 | G175: =F175*E175 -> 49.5 | H175: =VLOOKUP(C175,data!E176:J228,6,0) -> 44560 | I175: =COUNTIF($D$3:$D$208,D175) -> 9
A176: =IF(A175="",1,A175+1) -> 174 | B176: =IFERROR( VLOOKUP(A176, INDIRECT( $I$1&"!$A$4:$C$2000"),3,0),"") -> VU03017 | C176: =IF(B176="","",VLOOKUP(A176, INDIRECT( $I$1&"!$A$4:$E$2000"),5,0)) -> 3V0254500 | D176: =IF(C176="","",IFERROR(VLOOKUP(C176,'[1]BẢNG MÃ RING'!$A$2:$C$322,2,0),0)) -> 3V02545-24-21.2 | E176: =IF(B176="","",VLOOKUP(A176, INDIRECT( $I$1&"!$A$4:$G$2000"),7,0)) -> 60 | F176: =IF(B176="","",VLOOKUP(A176, INDIRECT( $I$1&"!$A$4:$H$2000"),8,0)) -> 0.45 | G176: =F176*E176 -> 27 | H176: =VLOOKUP(C176,data!E177:J228,6,0) -> 44560 | I176: =COUNTIF($D$3:$D$208,D176) -> 9
A177: =IF(A176="",1,A176+1) -> 175 | B177: =IFERROR( VLOOKUP(A177, INDIRECT( $I$1&"!$A$4:$C$2000"),3,0),"") -> VK02E92 | C177: =IF(B177="","",VLOOKUP(A177, INDIRECT( $I$1&"!$A$4:$E$2000"),5,0)) -> 3V0257600 | D177: =IF(C177="","",IFERROR(VLOOKUP(C177,'[1]BẢNG MÃ RING'!$A$2:$C$322,2,0),0)) -> 3V02-19.8-18 | E177: =IF(B177="","",VLOOKUP(A177, INDIRECT( $I$1&"!$A$4:$G$2000"),7,0)) -> 60 | F177: =IF(B177="","",VLOOKUP(A177, INDIRECT( $I$1&"!$A$4:$H$2000"),8,0)) -> 0.44 | G177: =F177*E177 -> 26.4 | H177: =VLOOKUP(C177,data!E178:J228,6,0) -> 44546 | I177: =COUNTIF($D$3:$D$208,D177) -> 3
A178: =IF(A177="",1,A177+1) -> 176 | B178: =IFERROR( VLOOKUP(A178, INDIRECT( $I$1&"!$A$4:$C$2000"),3,0),"") -> VK02E94 | C178: =IF(B178="","",VLOOKUP(A178, INDIRECT( $I$1&"!$A$4:$E$2000"),5,0)) -> 3V0257600 | D178: =IF(C178="","",IFERROR(VLOOKUP(C178,'[1]BẢNG MÃ RING'!$A$2:$C$322,2,0),0)) -> 3V02-19.8-18 | E178: =IF(B178="","",VLOOKUP(A178, INDIRECT( $I$1&"!$A$4:$G$2000"),7,0)) -> 60 | F178: =IF(B178="","",VLOOKUP(A178, INDIRECT( $I$1&"!$A$4:$H$2000"),8,0)) -> 0.44 | G178: =F178*E178 -> 26.4 | H178: =VLOOKUP(C178,data!E179:J228,6,0) -> 44546 | I178: =COUNTIF($D$3:$D$208,D178) -> 3
A179: =IF(A178="",1,A178+1) -> 177 | B179: =IFERROR( VLOOKUP(A179, INDIRECT( $I$1&"!$A$4:$C$2000"),3,0),"") -> VK02E96 | C179: =IF(B179="","",VLOOKUP(A179, INDIRECT( $I$1&"!$A$4:$E$2000"),5,0)) -> 3V0257600 | D179: =IF(C179="","",IFERROR(VLOOKUP(C179,'[1]BẢNG MÃ RING'!$A$2:$C$322,2,0),0)) -> 3V02-19.8-18 | E179: =IF(B179="","",VLOOKUP(A179, INDIRECT( $I$1&"!$A$4:$G$2000"),7,0)) -> 60 | F179: =IF(B179="","",VLOOKUP(A179, INDIRECT( $I$1&"!$A$4:$H$2000"),8,0)) -> 0.44 | G179: =F179*E179 -> 26.4 | H179: =VLOOKUP(C179,data!E180:J228,6,0) -> 44546 | I179: =COUNTIF($D$3:$D$208,D179) -> 3
A180: =IF(A179="",1,A179+1) -> 178 | B180: =IFERROR( VLOOKUP(A180, INDIRECT( $I$1&"!$A$4:$C$2000"),3,0),"") -> VK02E94 | C180: =IF(B180="","",VLOOKUP(A180, INDIRECT( $I$1&"!$A$4:$E$2000"),5,0)) -> 3V0257900 | D180: =IF(C180="","",IFERROR(VLOOKUP(C180,'[1]BẢNG MÃ RING'!$A$2:$C$322,2,0),0)) -> 3V02-25-21.8 | E180: =IF(B180="","",VLOOKUP(A180, INDIRECT( $I$1&"!$A$4:$G$2000"),7,0)) -> 40 | F180: =IF(B180="","",VLOOKUP(A180, INDIRECT( $I$1&"!$A$4:$H$2000"),8,0)) -> 0.85 | G180: =F180*E180 -> 34 | H180: =VLOOKUP(C180,data!E181:J229,6,0) -> 44546 | I180: =COUNTIF($D$3:$D$208,D180) -> 2
A181: =IF(A180="",1,A180+1) -> 179 | B181: =IFERROR( VLOOKUP(A181, INDIRECT( $I$1&"!$A$4:$C$2000"),3,0),"") -> VK02E96 | C181: =IF(B181="","",VLOOKUP(A181, INDIRECT( $I$1&"!$A$4:$E$2000"),5,0)) -> 3V0257900 | D181: =IF(C181="","",IFERROR(VLOOKUP(C181,'[1]BẢNG MÃ RING'!$A$2:$C$322,2,0),0)) -> 3V02-25-21.8 | E181: =IF(B181="","",VLOOKUP(A181, INDIRECT( $I$1&"!$A$4:$G$2000"),7,0)) -> 60 | F181: =IF(B181="","",VLOOKUP(A181, INDIRECT( $I$1&"!$A$4:$H$2000"),8,0)) -> 0.85 | G181: =F181*E181 -> 51 | H181: =VLOOKUP(C181,data!E182:J230,6,0) -> 44546 | I181: =COUNTIF($D$3:$D$208,D181) -> 2
A182: =IF(A181="",1,A181+1) -> 180 | B182: =IFERROR( VLOOKUP(A182, INDIRECT( $I$1&"!$A$4:$C$2000"),3,0),"") -> VB02485 | C182: =IF(B182="","",VLOOKUP(A182, INDIRECT( $I$1&"!$A$4:$E$2000"),5,0)) -> 3V0265600 | D182: =IF(C182="","",IFERROR(VLOOKUP(C182,'[1]BẢNG MÃ RING'!$A$2:$C$322,2,0),0)) -> 3V0265600 | E182: =IF(B182="","",VLOOKUP(A182, INDIRECT( $I$1&"!$A$4:$G$2000"),7,0)) -> 90 | F182: =IF(B182="","",VLOOKUP(A182, INDIRECT( $I$1&"!$A$4:$H$2000"),8,0)) -> 1.164 | G182: =F182*E182 -> 104.76 | H182: =VLOOKUP(C182,data!E183:J231,6,0) -> 44560 | I182: =COUNTIF($D$3:$D$208,D182) -> 2
A183: =IF(A182="",1,A182+1) -> 181 | B183: =IFERROR( VLOOKUP(A183, INDIRECT( $I$1&"!$A$4:$C$2000"),3,0),"") -> VB02486 | C183: =IF(B183="","",VLOOKUP(A183, INDIRECT( $I$1&"!$A$4:$E$2000"),5,0)) -> 3V0265600 | D183: =IF(C183="","",IFERROR(VLOOKUP(C183,'[1]BẢNG MÃ RING'!$A$2:$C$322,2,0),0)) -> 3V0265600 | E183: =IF(B183="","",VLOOKUP(A183, INDIRECT( $I$1&"!$A$4:$G$2000"),7,0)) -> 110 | F183: =IF(B183="","",VLOOKUP(A183, INDIRECT( $I$1&"!$A$4:$H$2000"),8,0)) -> 1.164 | G183: =F183*E183 -> 128.04 | H183: =VLOOKUP(C183,data!E184:J232,6,0) -> 44560 | I183: =COUNTIF($D$3:$D$208,D183) -> 2
A184: =IF(A183="",1,A183+1) -> 182 | B184: =IFERROR( VLOOKUP(A184, INDIRECT( $I$1&"!$A$4:$C$2000"),3,0),"") -> VB02483 | C184: =IF(B184="","",VLOOKUP(A184, INDIRECT( $I$1&"!$A$4:$E$2000"),5,0)) -> 3V0265610 | D184: =IF(C184="","",IFERROR(VLOOKUP(C184,'[1]BẢNG MÃ RING'!$A$2:$C$322,2,0),0)) -> 3V0265610 | E184: =IF(B184="","",VLOOKUP(A184, INDIRECT( $I$1&"!$A$4:$G$2000"),7,0)) -> 70 | F184: =IF(B184="","",VLOOKUP(A184, INDIRECT( $I$1&"!$A$4:$H$2000"),8,0)) -> 1.164 | G184: =F184*E184 -> 81.48 | H184: =VLOOKUP(C184,data!E185:J233,6,0) -> 44560 | I184: =COUNTIF($D$3:$D$208,D184) -> 1
A185: =IF(A184="",1,A184+1) -> 183 | B185: =IFERROR( VLOOKUP(A185, INDIRECT( $I$1&"!$A$4:$C$2000"),3,0),"") -> VB02484 | C185: =IF(B185="","",VLOOKUP(A185, INDIRECT( $I$1&"!$A$4:$E$2000"),5,0)) -> 3V0265630 | D185: =IF(C185="","",IFERROR(VLOOKUP(C185,'[1]BẢNG MÃ RING'!$A$2:$C$322,2,0),0)) -> 3V0265630 | E185: =IF(B185="","",VLOOKUP(A185, INDIRECT( $I$1&"!$A$4:$G$2000"),7,0)) -> 110 | F185: =IF(B185="","",VLOOKUP(A185, INDIRECT( $I$1&"!$A$4:$H$2000"),8,0)) -> 1.164 | G185: =F185*E185 -> 128.04 | H185: =VLOOKUP(C185,data!E186:J234,6,0) -> 44560 | I185: =COUNTIF($D$3:$D$208,D185) -> 1
A186: =IF(A185="",1,A185+1) -> 184 | B186: =IFERROR( VLOOKUP(A186, INDIRECT( $I$1&"!$A$4:$C$2000"),3,0),"") -> VB02485 | C186: =IF(B186="","",VLOOKUP(A186, INDIRECT( $I$1&"!$A$4:$E$2000"),5,0)) -> 3V0265800 | D186: =IF(C186="","",IFERROR(VLOOKUP(C186,'[1]BẢNG MÃ RING'!$A$2:$C$322,2,0),0)) -> 3V0265800 | E186: =IF(B186="","",VLOOKUP(A186, INDIRECT( $I$1&"!$A$4:$G$2000"),7,0)) -> 190 | F186: =IF(B186="","",VLOOKUP(A186, INDIRECT( $I$1&"!$A$4:$H$2000"),8,0)) -> 1.261 | G186: =F186*E186 -> 239.59 | H186: =VLOOKUP(C186,data!E187:J235,6,0) -> 44560 | I186: =COUNTIF($D$3:$D$208,D186) -> 4
A187: =IF(A186="",1,A186+1) -> 185 | B187: =IFERROR( VLOOKUP(A187, INDIRECT( $I$1&"!$A$4:$C$2000"),3,0),"") -> VB02486 | C187: =IF(B187="","",VLOOKUP(A187, INDIRECT( $I$1&"!$A$4:$E$2000"),5,0)) -> 3V0265800 | D187: =IF(C187="","",IFERROR(VLOOKUP(C187,'[1]BẢNG MÃ RING'!$A$2:$C$322,2,0),0)) -> 3V0265800 | E187: =IF(B187="","",VLOOKUP(A187, INDIRECT( $I$1&"!$A$4:$G$2000"),7,0)) -> 110 | F187: =IF(B187="","",VLOOKUP(A187, INDIRECT( $I$1&"!$A$4:$H$2000"),8,0)) -> 1.261 | G187: =F187*E187 -> 138.71 | H187: =VLOOKUP(C187,data!E188:J236,6,0) -> 44560 | I187: =COUNTIF($D$3:$D$208,D187) -> 4
A188: =IF(A187="",1,A187+1) -> 186 | B188: =IFERROR( VLOOKUP(A188, INDIRECT( $I$1&"!$A$4:$C$2000"),3,0),"") -> VB02487 | C188: =IF(B188="","",VLOOKUP(A188, INDIRECT( $I$1&"!$A$4:$E$2000"),5,0)) -> 3V0265800 | D188: =IF(C188="","",IFERROR(VLOOKUP(C188,'[1]BẢNG MÃ RING'!$A$2:$C$322,2,0),0)) -> 3V0265800 | E188: =IF(B188="","",VLOOKUP(A188, INDIRECT( $I$1&"!$A$4:$G$2000"),7,0)) -> 220 | F188: =IF(B188="","",VLOOKUP(A188, INDIRECT( $I$1&"!$A$4:$H$2000"),8,0)) -> 1.261 | G188: =F188*E188 -> 277.42 | H188: =VLOOKUP(C188,data!E189:J237,6,0) -> 44560 | I188: =COUNTIF($D$3:$D$208,D188) -> 4
A189: =IF(A188="",1,A188+1) -> 187 | B189: =IFERROR( VLOOKUP(A189, INDIRECT( $I$1&"!$A$4:$C$2000"),3,0),"") -> VB02488 | C189: =IF(B189="","",VLOOKUP(A189, INDIRECT( $I$1&"!$A$4:$E$2000"),5,0)) -> 3V0265800 | D189: =IF(C189="","",IFERROR(VLOOKUP(C189,'[1]BẢNG MÃ RING'!$A$2:$C$322,2,0),0)) -> 3V0265800 | E189: =IF(B189="","",VLOOKUP(A189, INDIRECT( $I$1&"!$A$4:$G$2000"),7,0)) -> 220 | F189: =IF(B189="","",VLOOKUP(A189, INDIRECT( $I$1&"!$A$4:$H$2000"),8,0)) -> 1.261 | G189: =F189*E189 -> 277.42 | H189: =VLOOKUP(C189,data!E190:J238,6,0) -> 44560 | I189: =COUNTIF($D$3:$D$208,D189) -> 4
A190: =IF(A189="",1,A189+1) -> 188 | B190: =IFERROR( VLOOKUP(A190, INDIRECT( $I$1&"!$A$4:$C$2000"),3,0),"") -> VK02F34 | C190: =IF(B190="","",VLOOKUP(A190, INDIRECT( $I$1&"!$A$4:$E$2000"),5,0)) -> 3V0270000 | D190: =IF(C190="","",IFERROR(VLOOKUP(C190,'[1]BẢNG MÃ RING'!$A$2:$C$322,2,0),0)) -> 3V02-31-22.6 | E190: =IF(B190="","",VLOOKUP(A190, INDIRECT( $I$1&"!$A$4:$G$2000"),7,0)) -> 130 | F190: =IF(B190="","",VLOOKUP(A190, INDIRECT( $I$1&"!$A$4:$H$2000"),8,0)) -> 0.92 | G190: =F190*E190 -> 119.6 | H190: =VLOOKUP(C190,data!E191:J239,6,0) -> 44546 | I190: =COUNTIF($D$3:$D$208,D190) -> 2
... A227: =IF(A226="",1,A226+1) -> 225 | B227: =IFERROR( VLOOKUP(A227, INDIRECT( $I$1&"!$A$4:$C$2000"),3,0),"") -> VB02375 | C227: =IF(B227="","",VLOOKUP(A227, INDIRECT( $I$1&"!$A$4:$E$2000"),5,0)) -> 7418950A0 | D227: =IF(C227="","",IFERROR(VLOOKUP(C227,'[1]BẢNG MÃ RING'!$A$2:$C$322,2,0),0)) -> 7418-14.5-12 | E227: =IF(B227="","",VLOOKUP(A227, INDIRECT( $I$1&"!$A$4:$G$2000"),7,0)) -> 210 | F227: =IF(B227="","",VLOOKUP(A227, INDIRECT( $I$1&"!$A$4:$H$2000"),8,0)) -> 0.29 | G227: =F227*E227 -> 60.9 | H227: =VLOOKUP(C227,data!E228:J276,6,0) -> 44539 | I227: =COUNTIF($D$3:$D$208,D227) -> 0
A228: =IF(A227="",1,A227+1) -> 226 | B228: =IFERROR( VLOOKUP(A228, INDIRECT( $I$1&"!$A$4:$C$2000"),3,0),"") | C228: =IF(B228="","",VLOOKUP(A228, INDIRECT( $I$1&"!$A$4:$E$2000"),5,0)) | D228: =IF(C228="","",IFERROR(VLOOKUP(C228,'[1]BẢNG MÃ RING'!$A$2:$C$322,2,0),0)) | E228: =IF(B228="","",VLOOKUP(A228, INDIRECT( $I$1&"!$A$4:$G$2000"),7,0)) | F228: =IF(B228="","",VLOOKUP(A228, INDIRECT( $I$1&"!$A$4:$H$2000"),8,0)) | H228: =VLOOKUP(C228,data!E229:J277,6,0) -> #N/A | I228: =COUNTIF($D$3:$D$208,D228) -> 0
A229: =IF(A228="",1,A228+1) -> 227 | B229: =IFERROR( VLOOKUP(A229, INDIRECT( $I$1&"!$A$4:$C$2000"),3,0),"") | C229: =IF(B229="","",VLOOKUP(A229, INDIRECT( $I$1&"!$A$4:$E$2000"),5,0)) | D229: =IF(C229="","",IFERROR(VLOOKUP(C229,'[1]BẢNG MÃ RING'!$A$2:$C$322,2,0),0)) | E229: =IF(B229="","",VLOOKUP(A229, INDIRECT( $I$1&"!$A$4:$G$2000"),7,0)) | F229: =IF(B229="","",VLOOKUP(A229, INDIRECT( $I$1&"!$A$4:$H$2000"),8,0)) | H229: =VLOOKUP(C229,data!E229:J278,6,0) -> #N/A | I229: =COUNTIF($D$3:$D$208,D229) -> 0
A230: =IF(A229="",1,A229+1) -> 228 | B230: =IFERROR( VLOOKUP(A230, INDIRECT( $I$1&"!$A$4:$C$2000"),3,0),"") | C230: =IF(B230="","",VLOOKUP(A230, INDIRECT( $I$1&"!$A$4:$E$2000"),5,0)) | D230: =IF(C230="","",IFERROR(VLOOKUP(C230,'[1]BẢNG MÃ RING'!$A$2:$C$322,2,0),0)) | E230: =IF(B230="","",VLOOKUP(A230, INDIRECT( $I$1&"!$A$4:$G$2000"),7,0)) | F230: =IF(B230="","",VLOOKUP(A230, INDIRECT( $I$1&"!$A$4:$H$2000"),8,0)) | H230: =VLOOKUP(C230,data!E229:J279,6,0) -> #N/A | I230: =COUNTIF($D$3:$D$208,D230) -> 0
A231: =IF(A230="",1,A230+1) -> 229 | B231: =IFERROR( VLOOKUP(A231, INDIRECT( $I$1&"!$A$4:$C$2000"),3,0),"") | C231: =IF(B231="","",VLOOKUP(A231, INDIRECT( $I$1&"!$A$4:$E$2000"),5,0)) | D231: =IF(C231="","",IFERROR(VLOOKUP(C231,'[1]BẢNG MÃ RING'!$A$2:$C$322,2,0),0)) | E231: =IF(B231="","",VLOOKUP(A231, INDIRECT( $I$1&"!$A$4:$G$2000"),7,0)) | F231: =IF(B231="","",VLOOKUP(A231, INDIRECT( $I$1&"!$A$4:$H$2000"),8,0)) | H231: =VLOOKUP(C231,data!E229:J280,6,0) -> #N/A | I231: =COUNTIF($D$3:$D$208,D231) -> 0
A232: =IF(A231="",1,A231+1) -> 230 | B232: =IFERROR( VLOOKUP(A232, INDIRECT( $I$1&"!$A$4:$C$2000"),3,0),"") | C232: =IF(B232="","",VLOOKUP(A232, INDIRECT( $I$1&"!$A$4:$E$2000"),5,0)) | D232: =IF(C232="","",IFERROR(VLOOKUP(C232,'[1]BẢNG MÃ RING'!$A$2:$C$322,2,0),0)) | E232: =IF(B232="","",VLOOKUP(A232, INDIRECT( $I$1&"!$A$4:$G$2000"),7,0)) | F232: =IF(B232="","",VLOOKUP(A232, INDIRECT( $I$1&"!$A$4:$H$2000"),8,0)) | H232: =VLOOKUP(C232,data!E229:J281,6,0) -> #N/A | I232: =COUNTIF($D$3:$D$208,D232) -> 0
A233: =IF(A232="",1,A232+1) -> 231 | B233: =IFERROR( VLOOKUP(A233, INDIRECT( $I$1&"!$A$4:$C$2000"),3,0),"") | C233: =IF(B233="","",VLOOKUP(A233, INDIRECT( $I$1&"!$A$4:$E$2000"),5,0)) | D233: =IF(C233="","",IFERROR(VLOOKUP(C233,'[1]BẢNG MÃ RING'!$A$2:$C$322,2,0),0)) | E233: =IF(B233="","",VLOOKUP(A233, INDIRECT( $I$1&"!$A$4:$G$2000"),7,0)) | F233: =IF(B233="","",VLOOKUP(A233, INDIRECT( $I$1&"!$A$4:$H$2000"),8,0)) | H233: =VLOOKUP(C233,data!E229:J282,6,0) -> #N/A | I233: =COUNTIF($D$3:$D$208,D233) -> 0
A234: =IF(A233="",1,A233+1) -> 232 | B234: =IFERROR( VLOOKUP(A234, INDIRECT( $I$1&"!$A$4:$C$2000"),3,0),"") | C234: =IF(B234="","",VLOOKUP(A234, INDIRECT( $I$1&"!$A$4:$E$2000"),5,0)) | D234: =IF(C234="","",IFERROR(VLOOKUP(C234,'[1]BẢNG MÃ RING'!$A$2:$C$322,2,0),0)) | E234: =IF(B234="","",VLOOKUP(A234, INDIRECT( $I$1&"!$A$4:$G$2000"),7,0)) | F234: =IF(B234="","",VLOOKUP(A234, INDIRECT( $I$1&"!$A$4:$H$2000"),8,0)) | H234: =VLOOKUP(C234,data!E229:J283,6,0) -> #N/A | I234: =COUNTIF($D$3:$D$208,D234) -> 0
A235: =IF(A234="",1,A234+1) -> 233 | B235: =IFERROR( VLOOKUP(A235, INDIRECT( $I$1&"!$A$4:$C$2000"),3,0),"") | C235: =IF(B235="","",VLOOKUP(A235, INDIRECT( $I$1&"!$A$4:$E$2000"),5,0)) | D235: =IF(C235="","",IFERROR(VLOOKUP(C235,'[1]BẢNG MÃ RING'!$A$2:$C$322,2,0),0)) | E235: =IF(B235="","",VLOOKUP(A235, INDIRECT( $I$1&"!$A$4:$G$2000"),7,0)) | F235: =IF(B235="","",VLOOKUP(A235, INDIRECT( $I$1&"!$A$4:$H$2000"),8,0)) | H235: =VLOOKUP(C235,data!E229:J284,6,0) -> #N/A | I235: =COUNTIF($D$3:$D$208,D235) -> 0
A236: =IF(A235="",1,A235+1) -> 234 | B236: =IFERROR( VLOOKUP(A236, INDIRECT( $I$1&"!$A$4:$C$2000"),3,0),"") | C236: =IF(B236="","",VLOOKUP(A236, INDIRECT( $I$1&"!$A$4:$E$2000"),5,0)) | D236: =IF(C236="","",IFERROR(VLOOKUP(C236,'[1]BẢNG MÃ RING'!$A$2:$C$322,2,0),0)) | E236: =IF(B236="","",VLOOKUP(A236, INDIRECT( $I$1&"!$A$4:$G$2000"),7,0)) | F236: =IF(B236="","",VLOOKUP(A236, INDIRECT( $I$1&"!$A$4:$H$2000"),8,0)) | H236: =VLOOKUP(C236,data!E229:J285,6,0) -> #N/A | I236: =COUNTIF($D$3:$D$208,D236) -> 0
A237: =IF(A236="",1,A236+1) -> 235 | B237: =IFERROR( VLOOKUP(A237, INDIRECT( $I$1&"!$A$4:$C$2000"),3,0),"") | C237: =IF(B237="","",VLOOKUP(A237, INDIRECT( $I$1&"!$A$4:$E$2000"),5,0)) | D237: =IF(C237="","",IFERROR(VLOOKUP(C237,'[1]BẢNG MÃ RING'!$A$2:$C$322,2,0),0)) | E237: =IF(B237="","",VLOOKUP(A237, INDIRECT( $I$1&"!$A$4:$G$2000"),7,0)) | F237: =IF(B237="","",VLOOKUP(A237, INDIRECT( $I$1&"!$A$4:$H$2000"),8,0)) | H237: =VLOOKUP(C237,data!E229:J286,6,0) -> #N/A | I237: =COUNTIF($D$3:$D$208,D237) -> 0
A238: =IF(A237="",1,A237+1) -> 236 | B238: =IFERROR( VLOOKUP(A238, INDIRECT( $I$1&"!$A$4:$C$2000"),3,0),"") | C238: =IF(B238="","",VLOOKUP(A238, INDIRECT( $I$1&"!$A$4:$E$2000"),5,0)) | D238: =IF(C238="","",IFERROR(VLOOKUP(C238,'[1]BẢNG MÃ RING'!$A$2:$C$322,2,0),0)) | E238: =IF(B238="","",VLOOKUP(A238, INDIRECT( $I$1&"!$A$4:$G$2000"),7,0)) | F238: =IF(B238="","",VLOOKUP(A238, INDIRECT( $I$1&"!$A$4:$H$2000"),8,0)) | H238: =VLOOKUP(C238,data!E229:J287,6,0) -> #N/A | I238: =COUNTIF($D$3:$D$208,D238) -> 0
A239: =IF(A238="",1,A238+1) -> 237 | B239: =IFERROR( VLOOKUP(A239, INDIRECT( $I$1&"!$A$4:$C$2000"),3,0),"") | C239: =IF(B239="","",VLOOKUP(A239, INDIRECT( $I$1&"!$A$4:$E$2000"),5,0)) | D239: =IF(C239="","",IFERROR(VLOOKUP(C239,'[1]BẢNG MÃ RING'!$A$2:$C$322,2,0),0)) | E239: =IF(B239="","",VLOOKUP(A239, INDIRECT( $I$1&"!$A$4:$G$2000"),7,0)) | F239: =IF(B239="","",VLOOKUP(A239, INDIRECT( $I$1&"!$A$4:$H$2000"),8,0)) | H239: =VLOOKUP(C239,data!E229:J288,6,0) -> #N/A | I239: =COUNTIF($D$3:$D$208,D239) -> 0
A240: =IF(A239="",1,A239+1) -> 238 | B240: =IFERROR( VLOOKUP(A240, INDIRECT( $I$1&"!$A$4:$C$2000"),3,0),"") | C240: =IF(B240="","",VLOOKUP(A240, INDIRECT( $I$1&"!$A$4:$E$2000"),5,0)) | D240: =IF(C240="","",IFERROR(VLOOKUP(C240,'[1]BẢNG MÃ RING'!$A$2:$C$322,2,0),0)) | E240: =IF(B240="","",VLOOKUP(A240, INDIRECT( $I$1&"!$A$4:$G$2000"),7,0)) | F240: =IF(B240="","",VLOOKUP(A240, INDIRECT( $I$1&"!$A$4:$H$2000"),8,0)) | H240: =VLOOKUP(C240,data!E229:J289,6,0) -> #N/A | I240: =COUNTIF($D$3:$D$208,D240) -> 0
A241: =IF(A240="",1,A240+1) -> 239 | B241: =IFERROR( VLOOKUP(A241, INDIRECT( $I$1&"!$A$4:$C$2000"),3,0),"") | C241: =IF(B241="","",VLOOKUP(A241, INDIRECT( $I$1&"!$A$4:$E$2000"),5,0)) | D241: =IF(C241="","",IFERROR(VLOOKUP(C241,'[1]BẢNG MÃ RING'!$A$2:$C$322,2,0),0)) | E241: =IF(B241="","",VLOOKUP(A241, INDIRECT( $I$1&"!$A$4:$G$2000"),7,0)) | F241: =IF(B241="","",VLOOKUP(A241, INDIRECT( $I$1&"!$A$4:$H$2000"),8,0)) | H241: =VLOOKUP(C241,data!E229:J290,6,0) -> #N/A | I241: =COUNTIF($D$3:$D$208,D241) -> 0
A242: =IF(A241="",1,A241+1) -> 240 | B242: =IFERROR( VLOOKUP(A242, INDIRECT( $I$1&"!$A$4:$C$2000"),3,0),"") | C242: =IF(B242="","",VLOOKUP(A242, INDIRECT( $I$1&"!$A$4:$E$2000"),5,0)) | D242: =IF(C242="","",IFERROR(VLOOKUP(C242,'[1]BẢNG MÃ RING'!$A$2:$C$322,2,0),0)) | E242: =IF(B242="","",VLOOKUP(A242, INDIRECT( $I$1&"!$A$4:$G$2000"),7,0)) | F242: =IF(B242="","",VLOOKUP(A242, INDIRECT( $I$1&"!$A$4:$H$2000"),8,0)) | H242: =VLOOKUP(C242,data!E229:J291,6,0) -> #N/A | I242: =COUNTIF($D$3:$D$208,D242) -> 0
A243: =IF(A242="",1,A242+1) -> 241 | B243: =IFERROR( VLOOKUP(A243, INDIRECT( $I$1&"!$A$4:$C$2000"),3,0),"") | C243: =IF(B243="","",VLOOKUP(A243, INDIRECT( $I$1&"!$A$4:$E$2000"),5,0)) | D243: =IF(C243="","",IFERROR(VLOOKUP(C243,'[1]BẢNG MÃ RING'!$A$2:$C$322,2,0),0)) | E243: =IF(B243="","",VLOOKUP(A243, INDIRECT( $I$1&"!$A$4:$G$2000"),7,0)) | F243: =IF(B243="","",VLOOKUP(A243, INDIRECT( $I$1&"!$A$4:$H$2000"),8,0)) | H243: =VLOOKUP(C243,data!E229:J292,6,0) -> #N/A | I243: =COUNTIF($D$3:$D$208,D243) -> 0
A244: =IF(A243="",1,A243+1) -> 242 | B244: =IFERROR( VLOOKUP(A244, INDIRECT( $I$1&"!$A$4:$C$2000"),3,0),"") | C244: =IF(B244="","",VLOOKUP(A244, INDIRECT( $I$1&"!$A$4:$E$2000"),5,0)) | D244: =IF(C244="","",IFERROR(VLOOKUP(C244,'[1]BẢNG MÃ RING'!$A$2:$C$322,2,0),0)) | E244: =IF(B244="","",VLOOKUP(A244, INDIRECT( $I$1&"!$A$4:$G$2000"),7,0)) | F244: =IF(B244="","",VLOOKUP(A244, INDIRECT( $I$1&"!$A$4:$H$2000"),8,0)) | H244: =VLOOKUP(C244,data!E229:J293,6,0) -> #N/A | I244: =COUNTIF($D$3:$D$208,D244) -> 0
A245: =IF(A244="",1,A244+1) -> 243 | B245: =IFERROR( VLOOKUP(A245, INDIRECT( $I$1&"!$A$4:$C$2000"),3,0),"") | C245: =IF(B245="","",VLOOKUP(A245, INDIRECT( $I$1&"!$A$4:$E$2000"),5,0)) | D245: =IF(C245="","",IFERROR(VLOOKUP(C245,'[1]BẢNG MÃ RING'!$A$2:$C$322,2,0),0)) | E245: =IF(B245="","",VLOOKUP(A245, INDIRECT( $I$1&"!$A$4:$G$2000"),7,0)) | F245: =IF(B245="","",VLOOKUP(A245, INDIRECT( $I$1&"!$A$4:$H$2000"),8,0)) | H245: =VLOOKUP(C245,data!E229:J294,6,0) -> #N/A | I245: =COUNTIF($D$3:$D$208,D245) -> 0
...

Sheet upload1
A1: # | B1: Lot No | C1: PART NO | D1: VF Code | E1: Q'TY | F1: PRICE (usd) | G1: AMOUNT | H1: DELIVERY | I1: data
E2: =SUM(E3:E3476) -> 24500 | G2: =SUM(G3:G1067) -> 12760.746 | M2: `
B3: VB02373 | C3: 742513200 | D3: 7425-17-14.95 | E3: 40 | F3: 0.483 | G3: 19.32 | H3: =VLOOKUP(C3,data!E4:J106,6,0) -> 44539
B4: VB02374 | C4: 742513200 | D4: 7425-17-14.95 | E4: 110 | F4: 0.483 | G4: 53.13 | H4: =VLOOKUP(C4,data!E5:J107,6,0) -> 44539
B5: VB02373 | C5: 742513300 | D5: 7425-26.8-24.8 | E5: 80 | F5: 0.5635 | G5: 45.08 | H5: =VLOOKUP(C5,data!E6:J108,6,0) -> 44539
B6: VB02374 | C6: 742513300 | D6: 7425-26.8-24.8 | E6: 110 | F6: 0.5635 | G6: 61.985 | H6: =VLOOKUP(C6,data!E7:J109,6,0) -> 44539
B7: VB02373 | C7: 742513400 | D7: 7425-26-17.1 | E7: 80 | F7: 0.5 | G7: 40 | H7: =VLOOKUP(C7,data!E8:J110,6,0) -> 44539
B8: VB02374 | C8: 742513400 | D8: 7425-26-17.1 | E8: 110 | F8: 0.5 | G8: 55 | H8: =VLOOKUP(C8,data!E9:J111,6,0) -> 44539
B9: VB02373 | C9: 742513500 | D9: 7425-17.5-14.95 | E9: 160 | F9: 0.33 | G9: 52.8 | H9: =VLOOKUP(C9,data!E10:J112,6,0) -> 44539
B10: VB02374 | C10: 742513500 | D10: 7425-17.5-14.95 | E10: 220 | F10: 0.33 | G10: 72.6 | H10: =VLOOKUP(C10,data!E11:J113,6,0) -> 44539
B11: VB02375 | C11: 742514400 | D11: 7425-16.5-12 | E11: 90 | F11: 0.45 | G11: 40.5 | H11: =VLOOKUP(C11,data!E12:J114,6,0) -> 44539
B12: VB02375 | C12: 742514500 | D12: 7425-22-20.6 | E12: 80 | F12: 0.4 | G12: 32 | H12: =VLOOKUP(C12,data!E13:J115,6,0) -> 44539
B13: VB02393 | C13: 742517000 | D13: 7425-19.5-17.05 | E13: 10 | F13: 0.49 | G13: 4.9 | H13: =VLOOKUP(C13,data!E14:J116,6,0) -> 44560
B14: VB02394 | C14: 742517000 | D14: 7425-19.5-17.05 | E14: 220 | F14: 0.49 | G14: 107.8 | H14: =VLOOKUP(C14,data!E15:J117,6,0) -> 44560
... B69: VB02587 | C69: 742549000 | D69: 7425-21.85-19.8 | E69: 100 | F69: 0.44 | G69: 44 | H69: =VLOOKUP(C69,data!E70:J172,6,0) -> 44560
B70: VE04052 | C70: 3V0010200 | D70: 3V00-23-10.2 | E70: 100 | F70: 0.52 | G70: 52 | H70: =VLOOKUP(C70,data!E71:J173,6,0) -> 44581
B71: VE04058 | C71: 3V0010200 | D71: 3V00-23-10.2 | E71: 100 | F71: 0.52 | G71: 52 | H71: =VLOOKUP(C71,data!E72:J174,6,0) -> 44581
B72: VE04053 | C72: 3V0010210 | D72: 3V00-23-10.8 | E72: 100 | F72: 0.52 | G72: 52 | H72: =VLOOKUP(C72,data!E73:J175,6,0) -> 44581
B73: VE04059 | C73: 3V0010210 | D73: 3V00-23-10.8 | E73: 100 | F73: 0.52 | G73: 52 | H73: =VLOOKUP(C73,data!E74:J176,6,0) -> 44581
B74: VE04054 | C74: 3V0010220 | D74: 3V00-23-11.1 | E74: 100 | F74: 0.52 | G74: 52 | H74: =VLOOKUP(C74,data!E75:J177,6,0) -> 44581
B75: VE04060 | C75: 3V0010220 | D75: 3V00-23-11.1 | E75: 100 | F75: 0.52 | G75: 52 | H75: =VLOOKUP(C75,data!E76:J178,6,0) -> 44581
B76: VA04189 | C76: 3V0047005 | D76: 3V0047005 | E76: 210 | F76: 0.2871 | G76: 60.291 | H76: =VLOOKUP(C76,data!E77:J179,6,0) -> 44581
B77: VA04190 | C77: 3V0047005 | D77: 3V0047005 | E77: 110 | F77: 0.2871 | G77: 31.581 | H77: =VLOOKUP(C77,data!E78:J180,6,0) -> 44581
B78: VK04220 | C78: 3V0047005 | D78: 3V0047005 | E78: 60 | F78: 0.2871 | G78: 17.226 | H78: =VLOOKUP(C78,data!E79:J181,6,0) -> 44581
B79: VE03256 | C79: 3V0047010 | D79: 3V00-15.5-13.55-1 | E79: 110 | F79: 0.2871 | G79: 31.581 | H79: =VLOOKUP(C79,data!E80:J182,6,0) -> 44560
B80: VE03264 | C80: 3V0047010 | D80: 3V00-15.5-13.55-1 | E80: 110 | F80: 0.2871 | G80: 31.581 | H80: =VLOOKUP(C80,data!E81:J183,6,0) -> 44560
B81: VA04187 | C81: 3V0047015 | D81: 3V00-15.5-13.55 | E81: 210 | F81: 0.2871 | G81: 60.291 | H81: =VLOOKUP(C81,data!E82:J184,6,0) -> 44581
... B125: VK02D52 | C125: 3V0173600 | D125: 3V01-19-36 | E125: 60 | F125: 2.525 | G125: 151.5 | H125: =VLOOKUP(C125,data!E126:J228,6,0) -> 44546
B126: VK02B37 | C126: 3V0173600 | D126: 3V01-19-36 | E126: 70 | F126: 2.525 | G126: 176.75 | H126: =VLOOKUP(C126,data!E127:J228,6,0) -> 44546
B127: VU03026 | C127: 3V0185630 | D127: 3V01-19-10.55 | E127: 60 | F127: 1.067 | G127: 64.02 | H127: =VLOOKUP(C127,data!E128:J228,6,0) -> 44560
B128: VA03249 | C128: 3V0185660 | D128: 3V01-19-13 | E128: 60 | F128: 1.067 | G128: 64.02 | H128: =VLOOKUP(C128,data!E129:J228,6,0) -> 44560
B129: VK02F54 | C129: 3V0193110 | D129: 3V01-23.5-20.6 | E129: 60 | F129: 0.42 | G129: 25.2 | H129: =VLOOKUP(C129,data!E130:J228,6,0) -> 44546
B130: VK02F55 | C130: 3V0193110 | D130: 3V01-23.5-20.6 | E130: 60 | F130: 0.42 | G130: 25.2 | H130: =VLOOKUP(C130,data!E131:J228,6,0) -> 44546
B131: VK02F56 | C131: 3V0193110 | D131: 3V01-23.5-20.6 | E131: 60 | F131: 0.42 | G131: 25.2 | H131: =VLOOKUP(C131,data!E132:J228,6,0) -> 44546
B132: VK02F57 | C132: 3V0193110 | D132: 3V01-23.5-20.6 | E132: 60 | F132: 0.42 | G132: 25.2 | H132: =VLOOKUP(C132,data!E133:J228,6,0) -> 44546
B133: VK02D03 | C133: 3V0201290 | D133: 3V0201290 | E133: 60 | F133: 0.252 | G133: 15.12 | H133: =VLOOKUP(C133,data!E134:J228,6,0) -> 44546
B134: VK02A91 | C134: 3V0201290 | D134: 3V0201290 | E134: 110 | F134: 0.252 | G134: 27.72 | H134: =VLOOKUP(C134,data!E135:J228,6,0) -> 44549
B135: VK02D06 | C135: 3V02012A0 | D135: 3V02-18-11.55-A | E135: 60 | F135: 0.252 | G135: 15.12 | H135: =VLOOKUP(C135,data!E136:J228,6,0) -> 44546
B136: VK02A92 | C136: 3V02012A0 | D136: 3V02-18-11.55-A | E136: 100 | F136: 0.252 | G136: 25.2 | H136: =VLOOKUP(C136,data!E137:J228,6,0) -> 44549
B137: VE04057 | C137: 3V02012B0 | D137: 3V02-18-11.55-B | E137: 40 | F137: 0.252 | G137: 10.08 | H137: =VLOOKUP(C137,data!E138:J228,6,0) -> 44581
B138: VE04063 | C138: 3V02012B0 | D138: 3V02-18-11.55-B | E138: 60 | F138: 0.252 | G138: 15.12 | H138: =VLOOKUP(C138,data!E139:J228,6,0) -> 44581
B139: VE04056 | C139: 3V02012C0 | D139: 3V02-18-12.05-C | E139: 60 | F139: 0.252 | G139: 15.12 | H139: =VLOOKUP(C139,data!E140:J228,6,0) -> 44581
B140: VE04062 | C140: 3V02012C0 | D140: 3V02-18-12.05-C | E140: 60 | F140: 0.252 | G140: 15.12 | H140: =VLOOKUP(C140,data!E141:J228,6,0) -> 44581
B141: VK02D07 | C141: 3V02012P0 | D141: 3V02-18-12.05-P | E141: 50 | F141: 0.252 | G141: 12.6 | H141: =VLOOKUP(C141,data!E142:J228,6,0) -> 44546
B142: VK02C46 | C142: 3V0207420 | D142: 3V02-30.8-24 | E142: 100 | F142: 0.8415 | G142: 84.15 | H142: =VLOOKUP(C142,data!E143:J228,6,0) -> 44560
B143: VK02C47 | C143: 3V0207420 | D143: 3V02-30.8-24 | E143: 110 | F143: 0.8415 | G143: 92.565 | H143: =VLOOKUP(C143,data!E144:J228,6,0) -> 44560
B144: VK02C48 | C144: 3V0207420 | D144: 3V02-30.8-24 | E144: 110 | F144: 0.8415 | G144: 92.565 | H144: =VLOOKUP(C144,data!E145:J228,6,0) -> 44560
B145: VK02C46 | C145: 3V0207520 | D145: 3V02-25.4-24 | E145: 70 | F145: 0.7425 | G145: 51.975 | H145: =VLOOKUP(C145,data!E146:J228,6,0) -> 44560
B146: VK02C47 | C146: 3V0207520 | D146: 3V02-25.4-24 | E146: 110 | F146: 0.7425 | G146: 81.675 | H146: =VLOOKUP(C146,data!E147:J228,6,0) -> 44560
B147: VK02C48 | C147: 3V0207520 | D147: 3V02-25.4-24 | E147: 110 | F147: 0.7425 | G147: 81.675 | H147: =VLOOKUP(C147,data!E148:J228,6,0) -> 44560
B148: VK02F34 | C148: 3V0207560 | D148: 3V02-25.4-22.65-6 | E148: 130 | F148: 0.7425 | G148: 96.525 | H148: =VLOOKUP(C148,data!E149:J228,6,0) -> 44546
B149: VK02F35 | C149: 3V0207560 | D149: 3V02-25.4-22.65-6 | E149: 210 | F149: 0.7425 | G149: 155.925 | H149: =VLOOKUP(C149,data!E150:J228,6,0) -> 44546
B150: VK02F36 | C150: 3V0207570 | D150: 3V0207570 | E150: 40 | F150: 0.7425 | G150: 29.7 | H150: =VLOOKUP(C150,data!E151:J228,6,0) -> 44546
B151: VK02F37 | C151: 3V0207580 | D151: 3V02-25.4-24-8 | E151: 30 | F151: 0.7425 | G151: 22.275 | H151: =VLOOKUP(C151,data!E152:J228,6,0) -> 44546
B152: VE02A09 | C152: 3V0240150 | D152: 3V02-24.4-18-5 | E152: 110 | F152: 0.59 | G152: 64.9 | H152: =VLOOKUP(C152,data!E153:J228,6,0) -> 44539
B153: VE02A10 | C153: 3V0240150 | D153: 3V02-24.4-18-5 | E153: 110 | F153: 0.59 | G153: 64.9 | H153: =VLOOKUP(C153,data!E154:J228,6,0) -> 44539
B154: VE02A11 | C154: 3V0240150 | D154: 3V02-24.4-18-5 | E154: 110 | F154: 0.59 | G154: 64.9 | H154: =VLOOKUP(C154,data!E155:J228,6,0) -> 44539
B155: VE02A12 | C155: 3V0240150 | D155: 3V02-24.4-18-5 | E155: 110 | F155: 0.59 | G155: 64.9 | H155: =VLOOKUP(C155,data!E156:J228,6,0) -> 44539
B156: VK02E93 | C156: 3V0248000 | D156: 3V02-22.2-20 | E156: 70 | F156: 0.57 | G156: 39.9 | H156: =VLOOKUP(C156,data!E157:J228,6,0) -> 44546
B157: VK02E95 | C157: 3V0248000 | D157: 3V02-22.2-20 | E157: 130 | F157: 0.57 | G157: 74.1 | H157: =VLOOKUP(C157,data!E158:J228,6,0) -> 44546
B158: VK02E97 | C158: 3V0248000 | D158: 3V02-22.2-20 | E158: 60 | F158: 0.57 | G158: 34.2 | H158: =VLOOKUP(C158,data!E159:J228,6,0) -> 44546
B159: VU03014 | C159: 3V0252710 | D159: 3V02527-16.5-11.55 | E159: 110 | F159: 0.45 | G159: 49.5 | H159: =VLOOKUP(C159,data!E160:J228,6,0) -> 44560
B160: VU03015 | C160: 3V0252710 | D160: 3V02527-16.5-11.55 | E160: 60 | F160: 0.45 | G160: 27 | H160: =VLOOKUP(C160,data!E161:J228,6,0) -> 44560
B161: VU03016 | C161: 3V0252710 | D161: 3V02527-16.5-11.55 | E161: 110 | F161: 0.45 | G161: 49.5 | H161: =VLOOKUP(C161,data!E162:J228,6,0) -> 44560
B162: VU03008 | C162: 3V0252720 | D162: 3V02527-16.5-10.05 | E162: 50 | F162: 0.45 | G162: 22.5 | H162: =VLOOKUP(C162,data!E163:J228,6,0) -> 44560
B163: VU03009 | C163: 3V0252720 | D163: 3V02527-16.5-10.05 | E163: 110 | F163: 0.45 | G163: 49.5 | H163: =VLOOKUP(C163,data!E164:J228,6,0) -> 44560
B164: VU03007 | C164: 3V0252730 | D164: 3V02527-16.5-10.55 | E164: 50 | F164: 0.45 | G164: 22.5 | H164: =VLOOKUP(C164,data!E165:J228,6,0) -> 44560
B165: VU03012 | C165: 3V0252730 | D165: 3V02527-16.5-10.55 | E165: 60 | F165: 0.45 | G165: 27 | H165: =VLOOKUP(C165,data!E166:J228,6,0) -> 44560
B166: VU03013 | C166: 3V0252730 | D166: 3V02527-16.5-10.55 | E166: 170 | F166: 0.45 | G166: 76.5 | H166: =VLOOKUP(C166,data!E167:J228,6,0) -> 44560
B167: VU03017 | C167: 3V0252730 | D167: 3V02527-16.5-10.55 | E167: 60 | F167: 0.45 | G167: 27 | H167: =VLOOKUP(C167,data!E168:J228,6,0) -> 44560
B168: VU03007 | C168: 3V0254500 | D168: 3V02545-24-21.2 | E168: 30 | F168: 0.45 | G168: 13.5 | H168: =VLOOKUP(C168,data!E169:J228,6,0) -> 44560
B169: VU03008 | C169: 3V0254500 | D169: 3V02545-24-21.2 | E169: 60 | F169: 0.45 | G169: 27 | H169: =VLOOKUP(C169,data!E170:J228,6,0) -> 44560
B170: VU03009 | C170: 3V0254500 | D170: 3V02545-24-21.2 | E170: 110 | F170: 0.45 | G170: 49.5 | H170: =VLOOKUP(C170,data!E171:J228,6,0) -> 44560
B171: VU03012 | C171: 3V0254500 | D171: 3V02545-24-21.2 | E171: 60 | F171: 0.45 | G171: 27 | H171: =VLOOKUP(C171,data!E172:J228,6,0) -> 44560
B172: VU03013 | C172: 3V0254500 | D172: 3V02545-24-21.2 | E172: 170 | F172: 0.45 | G172: 76.5 | H172: =VLOOKUP(C172,data!E173:J228,6,0) -> 44560
B173: VU03014 | C173: 3V0254500 | D173: 3V02545-24-21.2 | E173: 110 | F173: 0.45 | G173: 49.5 | H173: =VLOOKUP(C173,data!E174:J228,6,0) -> 44560
B174: VU03015 | C174: 3V0254500 | D174: 3V02545-24-21.2 | E174: 60 | F174: 0.45 | G174: 27 | H174: =VLOOKUP(C174,data!E175:J228,6,0) -> 44560
B175: VU03016 | C175: 3V0254500 | D175: 3V02545-24-21.2 | E175: 110 | F175: 0.45 | G175: 49.5 | H175: =VLOOKUP(C175,data!E176:J228,6,0) -> 44560
B176: VU03017 | C176: 3V0254500 | D176: 3V02545-24-21.2 | E176: 60 | F176: 0.45 | G176: 27 | H176: =VLOOKUP(C176,data!E177:J228,6,0) -> 44560
B177: VK02E92 | C177: 3V0257600 | D177: 3V02-19.8-18 | E177: 60 | F177: 0.44 | G177: 26.4 | H177: =VLOOKUP(C177,data!E178:J228,6,0) -> 44546
B178: VK02E94 | C178: 3V0257600 | D178: 3V02-19.8-18 | E178: 60 | F178: 0.44 | G178: 26.4 | H178: =VLOOKUP(C178,data!E179:J228,6,0) -> 44546
B179: VK02E96 | C179: 3V0257600 | D179: 3V02-19.8-18 | E179: 60 | F179: 0.44 | G179: 26.4 | H179: =VLOOKUP(C179,data!E180:J228,6,0) -> 44546
B180: VK02E94 | C180: 3V0257900 | D180: 3V02-25-21.8 | E180: 40 | F180: 0.85 | G180: 34 | H180: =VLOOKUP(C180,data!E181:J229,6,0) -> 44546
B181: VK02E96 | C181: 3V0257900 | D181: 3V02-25-21.8 | E181: 60 | F181: 0.85 | G181: 51 | H181: =VLOOKUP(C181,data!E182:J230,6,0) -> 44546
B182: VB02485 | C182: 3V0265600 | D182: 3V0265600 | E182: 90 | F182: 1.164 | G182: 104.76 | H182: =VLOOKUP(C182,data!E183:J231,6,0) -> 44560
B183: VB02486 | C183: 3V0265600 | D183: 3V0265600 | E183: 110 | F183: 1.164 | G183: 128.04 | H183: =VLOOKUP(C183,data!E184:J232,6,0) -> 44560
B184: VB02483 | C184: 3V0265610 | D184: 3V0265610 | E184: 70 | F184: 1.164 | G184: 81.48 | H184: =VLOOKUP(C184,data!E185:J233,6,0) -> 44560
B185: VB02484 | C185: 3V0265630 | D185: 3V0265630 | E185: 110 | F185: 1.164 | G185: 128.04 | H185: =VLOOKUP(C185,data!E186:J234,6,0) -> 44560
B186: VB02485 | C186: 3V0265800 | D186: 3V0265800 | E186: 190 | F186: 1.261 | G186: 239.59 | H186: =VLOOKUP(C186,data!E187:J235,6,0) -> 44560
B187: VB02486 | C187: 3V0265800 | D187: 3V0265800 | E187: 110 | F187: 1.261 | G187: 138.71 | H187: =VLOOKUP(C187,data!E188:J236,6,0) -> 44560
B188: VB02487 | C188: 3V0265800 | D188: 3V0265800 | E188: 220 | F188: 1.261 | G188: 277.42 | H188: =VLOOKUP(C188,data!E189:J237,6,0) -> 44560
B189: VB02488 | C189: 3V0265800 | D189: 3V0265800 | E189: 220 | F189: 1.261 | G189: 277.42 | H189: =VLOOKUP(C189,data!E190:J238,6,0) -> 44560
B190: VK02F34 | C190: 3V0270000 | D190: 3V02-31-22.6 | E190: 130 | F190: 0.92 | G190: 119.6 | H190: =VLOOKUP(C190,data!E191:J239,6,0) -> 44546
... B227: VB02375 | C227: 7418950A0 | D227: 7418-14.5-12 | E227: 210 | F227: 0.29 | G227: 60.9 | H227: =VLOOKUP(C227,data!E228:J276,6,0) -> 44539

Sheet data
G1: =SUM(G4:G889) -> 24500 | I1: =SUM(I4:I889) -> 12760.746
B2: PO NO | C2: LOT NO | D2: MODEL NO | E2: PART NO | F2: MA VF | G2: Q'TY | H2: PRICE (usd) | I2: AMOUNT | J2: DELIVERY
A4: =IF(AND( A3="",A2=""),1,IF(B4="","",IF(B3="",A2+1,A3+1))) -> 1 | B4: 12569693 | C4: VB02373 | D4: 0974-101 | E4: 742513200 | F4: =VLOOKUP(E4,'[1]BẢNG MÃ RING'!$A$2:$C$322,2,0) -> 7425-17-14.95 | G4: 40 | H4: =IFERROR(VLOOKUP(E4,'[1]BẢNG MÃ RING'!$A$2:$C$322,3,0),0) -> 0.483 | I4: =H4*G4 -> 19.32 | J4: 44539
A5: =IF(AND( A4="",A3=""),1,IF(B5="","",IF(B4="",A3+1,A4+1))) -> 2 | B5: 12570653 | C5: VB02374 | D5: 0974-103 | E5: 742513200 | F5: =VLOOKUP(E5,'[1]BẢNG MÃ RING'!$A$2:$C$322,2,0) -> 7425-17-14.95 | G5: 110 | H5: =IFERROR(VLOOKUP(E5,'[1]BẢNG MÃ RING'!$A$2:$C$322,3,0),0) -> 0.483 | I5: =H5*G5 -> 53.13 | J5: 44539
A6: =IF(AND( A5="",A4=""),1,IF(B6="","",IF(B5="",A4+1,A5+1))) -> 3 | B6: 12569724 | C6: VB02373 | D6: 0974-101 | E6: 742513300 | F6: =VLOOKUP(E6,'[1]BẢNG MÃ RING'!$A$2:$C$322,2,0) -> 7425-26.8-24.8 | G6: 80 | H6: =IFERROR(VLOOKUP(E6,'[1]BẢNG MÃ RING'!$A$2:$C$322,3,0),0) -> 0.5635 | I6: =H6*G6 -> 45.08 | J6: 44539
A7: =IF(AND( A6="",A5=""),1,IF(B7="","",IF(B6="",A5+1,A6+1))) -> 4 | B7: 12570672 | C7: VB02374 | D7: 0974-103 | E7: 742513300 | F7: =VLOOKUP(E7,'[1]BẢNG MÃ RING'!$A$2:$C$322,2,0) -> 7425-26.8-24.8 | G7: 110 | H7: =IFERROR(VLOOKUP(E7,'[1]BẢNG MÃ RING'!$A$2:$C$322,3,0),0) -> 0.5635 | I7: =H7*G7 -> 61.985 | J7: 44539
A8: =IF(AND( A7="",A6=""),1,IF(B8="","",IF(B7="",A6+1,A7+1))) -> 5 | B8: 12569743 | C8: VB02373 | D8: 0974-101 | E8: 742513400 | F8: =VLOOKUP(E8,'[1]BẢNG MÃ RING'!$A$2:$C$322,2,0) -> 7425-26-17.1 | G8: 80 | H8: =IFERROR(VLOOKUP(E8,'[1]BẢNG MÃ RING'!$A$2:$C$322,3,0),0) -> 0.5 | I8: =H8*G8 -> 40 | J8: 44539 | K8: chay
A9: =IF(AND( A8="",A7=""),1,IF(B9="","",IF(B8="",A7+1,A8+1))) -> 6 | B9: 12570703 | C9: VB02374 | D9: 0974-103 | E9: 742513400 | F9: =VLOOKUP(E9,'[1]BẢNG MÃ RING'!$A$2:$C$322,2,0) -> 7425-26-17.1 | G9: 110 | H9: =IFERROR(VLOOKUP(E9,'[1]BẢNG MÃ RING'!$A$2:$C$322,3,0),0) -> 0.5 | I9: =H9*G9 -> 55 | J9: 44539 | K9: chay
A10: =IF(AND( A9="",A8=""),1,IF(B10="","",IF(B9="",A8+1,A9+1))) -> 7 | B10: 12569777 | C10: VB02373 | D10: 0974-101 | E10: 742513500 | F10: =VLOOKUP(E10,'[1]BẢNG MÃ RING'!$A$2:$C$322,2,0) -> 7425-17.5-14.95 | G10: 160 | H10: =IFERROR(VLOOKUP(E10,'[1]BẢNG MÃ RING'!$A$2:$C$322,3,0),0) -> 0.33 | I10: =H10*G10 -> 52.8 | J10: 44539
A11: =IF(AND( A10="",A9=""),1,IF(B11="","",IF(B10="",A9+1,A10+1))) -> 8 | B11: 12570741 | C11: VB02374 | D11: 0974-103 | E11: 742513500 | F11: =VLOOKUP(E11,'[1]BẢNG MÃ RING'!$A$2:$C$322,2,0) -> 7425-17.5-14.95 | G11: 220 | H11: =IFERROR(VLOOKUP(E11,'[1]BẢNG MÃ RING'!$A$2:$C$322,3,0),0) -> 0.33 | I11: =H11*G11 -> 72.6 | J11: 44539
A12: =IF(AND( A11="",A10=""),1,IF(B12="","",IF(B11="",A10+1,A11+1))) -> 9 | B12: 12571692 | C12: VB02375 | D12: 0974-202 | E12: 742514400 | F12: =VLOOKUP(E12,'[1]BẢNG MÃ RING'!$A$2:$C$322,2,0) -> 7425-16.5-12 | G12: 90 | H12: =IFERROR(VLOOKUP(E12,'[1]BẢNG MÃ RING'!$A$2:$C$322,3,0),0) -> 0.45 | I12: =H12*G12 -> 40.5 | J12: 44539
A13: =IF(AND( A12="",A11=""),1,IF(B13="","",IF(B12="",A11+1,A12+1))) -> 10 | B13: 12571723 | C13: VB02375 | D13: 0974-202 | E13: 742514500 | F13: =VLOOKUP(E13,'[1]BẢNG MÃ RING'!$A$2:$C$322,2,0) -> 7425-22-20.6 | G13: 80 | H13: =IFERROR(VLOOKUP(E13,'[1]BẢNG MÃ RING'!$A$2:$C$322,3,0),0) -> 0.4 | I13: =H13*G13 -> 32 | J13: 44539
A14: =IF(AND( A13="",A12=""),1,IF(B14="","",IF(B13="",A12+1,A13+1))) -> 11 | B14: 12582349 | C14: VB02393 | D14: 0977-101 | E14: 742517000 | F14: =VLOOKUP(E14,'[1]BẢNG MÃ RING'!$A$2:$C$322,2,0) -> 7425-19.5-17.05 | G14: 10 | H14: =IFERROR(VLOOKUP(E14,'[1]BẢNG MÃ RING'!$A$2:$C$322,3,0),0) -> 0.49 | I14: =H14*G14 -> 4.9 | J14: 44560
A15: =IF(AND( A14="",A13=""),1,IF(B15="","",IF(B14="",A13+1,A14+1))) -> 12 | B15: 12582979 | C15: VB02394 | D15: 0977-102 | E15: 742517000 | F15: =VLOOKUP(E15,'[1]BẢNG MÃ RING'!$A$2:$C$322,2,0) -> 7425-19.5-17.05 | G15: 220 | H15: =IFERROR(VLOOKUP(E15,'[1]BẢNG MÃ RING'!$A$2:$C$322,3,0),0) -> 0.49 | I15: =H15*G15 -> 107.8 | J15: 44560
A16: =IF(AND( A15="",A14=""),1,IF(B16="","",IF(B15="",A14+1,A15+1))) -> 13 | B16: 12583579 | C16: VB02395 | D16: 0977-105 | E16: 742517000 | F16: =VLOOKUP(E16,'[1]BẢNG MÃ RING'!$A$2:$C$322,2,0) -> 7425-19.5-17.05 | G16: 110 | H16: =IFERROR(VLOOKUP(E16,'[1]BẢNG MÃ RING'!$A$2:$C$322,3,0),0) -> 0.49 | I16: =H16*G16 -> 53.9 | J16: 44560
A17: =IF(AND( A16="",A15=""),1,IF(B17="","",IF(B16="",A15+1,A16+1))) -> 14 | B17: 12584214 | C17: VB02396 | D17: 0977-107 | E17: 742517000 | F17: =VLOOKUP(E17,'[1]BẢNG MÃ RING'!$A$2:$C$322,2,0) -> 7425-19.5-17.05 | G17: 110 | H17: =IFERROR(VLOOKUP(E17,'[1]BẢNG MÃ RING'!$A$2:$C$322,3,0),0) -> 0.49 | I17: =H17*G17 -> 53.9 | J17: 44560
A18: =IF(AND( A17="",A16=""),1,IF(B18="","",IF(B17="",A16+1,A17+1))) -> 15 | B18: 12583003 | C18: VB02394 | D18: 0977-102 | E18: 742517010 | F18: =VLOOKUP(E18,'[1]BẢNG MÃ RING'!$A$2:$C$322,2,0) -> 7425-19.5-16.95 | G18: 70 | H18: =IFERROR(VLOOKUP(E18,'[1]BẢNG MÃ RING'!$A$2:$C$322,3,0),0) -> 0.49 | I18: =H18*G18 -> 34.3 | J18: 44560 | K18: chau
A19: =IF(AND( A18="",A17=""),1,IF(B19="","",IF(B18="",A17+1,A18+1))) -> 16 | B19: 12583629 | C19: VB02395 | D19: 0977-105 | E19: 742517010 | F19: =VLOOKUP(E19,'[1]BẢNG MÃ RING'!$A$2:$C$322,2,0) -> 7425-19.5-16.95 | G19: 110 | H19: =IFERROR(VLOOKUP(E19,'[1]BẢNG MÃ RING'!$A$2:$C$322,3,0),0) -> 0.49 | I19: =H19*G19 -> 53.9 | J19: 44560
A20: =IF(AND( A19="",A18=""),1,IF(B20="","",IF(B19="",A18+1,A19+1))) -> 17 | B20: 12584248 | C20: VB02396 | D20: 0977-107 | E20: 742517010 | F20: =VLOOKUP(E20,'[1]BẢNG MÃ RING'!$A$2:$C$322,2,0) -> 7425-19.5-16.95 | G20: 110 | H20: =IFERROR(VLOOKUP(E20,'[1]BẢNG MÃ RING'!$A$2:$C$322,3,0),0) -> 0.49 | I20: =H20*G20 -> 53.9 | J20: 44560
A21: =IF(AND( A20="",A19=""),1,IF(B21="","",IF(B20="",A19+1,A20+1))) -> 18 | B21: 12582422 | C21: VB02393 | D21: 0977-101 | E21: 742517200 | F21: =VLOOKUP(E21,'[1]BẢNG MÃ RING'!$A$2:$C$322,2,0) -> 7425-19.4-17.05 | G21: 110 | H21: =IFERROR(VLOOKUP(E21,'[1]BẢNG MÃ RING'!$A$2:$C$322,3,0),0) -> 0.52 | I21: =H21*G21 -> 57.2 | J21: 44560
A22: =IF(AND( A21="",A20=""),1,IF(B22="","",IF(B21="",A20+1,A21+1))) -> 19 | B22: 12583041 | C22: VB02394 | D22: 0977-102 | E22: 742517200 | F22: =VLOOKUP(E22,'[1]BẢNG MÃ RING'!$A$2:$C$322,2,0) -> 7425-19.4-17.05 | G22: 220 | H22: =IFERROR(VLOOKUP(E22,'[1]BẢNG MÃ RING'!$A$2:$C$322,3,0),0) -> 0.52 | I22: =H22*G22 -> 114.4 | J22: 44560
A23: =IF(AND( A22="",A21=""),1,IF(B23="","",IF(B22="",A21+1,A22+1))) -> 20 | B23: 12583652 | C23: VB02395 | D23: 0977-105 | E23: 742517200 | F23: =VLOOKUP(E23,'[1]BẢNG MÃ RING'!$A$2:$C$322,2,0) -> 7425-19.4-17.05 | G23: 110 | H23: =IFERROR(VLOOKUP(E23,'[1]BẢNG MÃ RING'!$A$2:$C$322,3,0),0) -> 0.52 | I23: =H23*G23 -> 57.2 | J23: 44560
A24: =IF(AND( A23="",A22=""),1,IF(B24="","",IF(B23="",A22+1,A23+1))) -> 21 | B24: 12584286 | C24: VB02396 | D24: 0977-107 | E24: 742517200 | F24: =VLOOKUP(E24,'[1]BẢNG MÃ RING'!$A$2:$C$322,2,0) -> 7425-19.4-17.05 | G24: 110 | H24: =IFERROR(VLOOKUP(E24,'[1]BẢNG MÃ RING'!$A$2:$C$322,3,0),0) -> 0.52 | I24: =H24*G24 -> 57.2 | J24: 44560
A25: =IF(AND( A24="",A23=""),1,IF(B25="","",IF(B24="",A23+1,A24+1))) -> 22 | B25: 12583060 | C25: VB02394 | D25: 0977-102 | E25: 742517300 | F25: =VLOOKUP(E25,'[1]BẢNG MÃ RING'!$A$2:$C$322,2,0) -> 7425-26.5-21.95 | G25: 190 | H25: =IFERROR(VLOOKUP(E25,'[1]BẢNG MÃ RING'!$A$2:$C$322,3,0),0) -> 0.5 | I25: =H25*G25 -> 95 | J25: 44560
A26: =IF(AND( A25="",A24=""),1,IF(B26="","",IF(B25="",A24+1,A25+1))) -> 23 | B26: 12583671 | C26: VB02395 | D26: 0977-105 | E26: 742517300 | F26: =VLOOKUP(E26,'[1]BẢNG MÃ RING'!$A$2:$C$322,2,0) -> 7425-26.5-21.95 | G26: 110 | H26: =IFERROR(VLOOKUP(E26,'[1]BẢNG MÃ RING'!$A$2:$C$322,3,0),0) -> 0.5 | I26: =H26*G26 -> 55 | J26: 44560
A27: =IF(AND( A26="",A25=""),1,IF(B27="","",IF(B26="",A25+1,A26+1))) -> 24 | B27: 12584290 | C27: VB02396 | D27: 0977-107 | E27: 742517300 | F27: =VLOOKUP(E27,'[1]BẢNG MÃ RING'!$A$2:$C$322,2,0) -> 7425-26.5-21.95 | G27: 110 | H27: =IFERROR(VLOOKUP(E27,'[1]BẢNG MÃ RING'!$A$2:$C$322,3,0),0) -> 0.5 | I27: =H27*G27 -> 55 | J27: 44560
A28: =IF(AND( A27="",A26=""),1,IF(B28="","",IF(B27="",A26+1,A27+1))) -> 25 | B28: 12703510 | C28: VB02585 | D28: 4941-353 | E28: 742529300 | F28: =VLOOKUP(E28,'[1]BẢNG MÃ RING'!$A$2:$C$322,2,0) -> 7425-26.9-24.7 | G28: 70 | H28: =IFERROR(VLOOKUP(E28,'[1]BẢNG MÃ RING'!$A$2:$C$322,3,0),0) -> 0.48 | I28: =H28*G28 -> 33.6 | J28: 44560 | K28: chay
A29: =IF(AND( A28="",A27=""),1,IF(B29="","",IF(B28="",A27+1,A28+1))) -> 26 | B29: 12749716 | C29: VB02664 | D29: 7945-421 | E29: 742535100 | F29: =VLOOKUP(E29,'[1]BẢNG MÃ RING'!$A$2:$C$322,2,0) -> 7425-14.4-13 | G29: 110 | H29: =IFERROR(VLOOKUP(E29,'[1]BẢNG MÃ RING'!$A$2:$C$322,3,0),0) -> 0.29 | I29: =H29*G29 -> 31.9 | J29: 44546
A30: =IF(AND( A29="",A28=""),1,IF(B30="","",IF(B29="",A28+1,A29+1))) -> 27 | B30: 12833272 | C30: VK02C50 | D30: 7944-118 | E30: 742535100 | F30: =VLOOKUP(E30,'[1]BẢNG MÃ RING'!$A$2:$C$322,2,0) -> 7425-14.4-13 | G30: 60 | H30: =IFERROR(VLOOKUP(E30,'[1]BẢNG MÃ RING'!$A$2:$C$322,3,0),0) -> 0.29 | I30: =H30*G30 -> 17.4 | J30: 44560
A31: =IF(AND( A30="",A29=""),1,IF(B31="","",IF(B30="",A29+1,A30+1))) -> 28 | B31: 12587289 | C31: VB02401 | D31: 0979-105 | E31: 742535700 | F31: =VLOOKUP(E31,'[1]BẢNG MÃ RING'!$A$2:$C$322,2,0) -> 7425-19-13.55 | G31: 220 | H31: =IFERROR(VLOOKUP(E31,'[1]BẢNG MÃ RING'!$A$2:$C$322,3,0),0) -> 0.49 | I31: =H31*G31 -> 107.8 | J31: 44546
A32: =IF(AND( A31="",A30=""),1,IF(B32="","",IF(B31="",A30+1,A31+1))) -> 29 | B32: 12587885 | C32: VB02402 | D32: 0979-106 | E32: 742535700 | F32: =VLOOKUP(E32,'[1]BẢNG MÃ RING'!$A$2:$C$322,2,0) -> 7425-19-13.55 | G32: 220 | H32: =IFERROR(VLOOKUP(E32,'[1]BẢNG MÃ RING'!$A$2:$C$322,3,0),0) -> 0.49 | I32: =H32*G32 -> 107.8 | J32: 44546
A33: =IF(AND( A32="",A31=""),1,IF(B33="","",IF(B32="",A31+1,A32+1))) -> 30 | B33: 12588466 | C33: VB02403 | D33: 0979-106 | E33: 742535700 | F33: =VLOOKUP(E33,'[1]BẢNG MÃ RING'!$A$2:$C$322,2,0) -> 7425-19-13.55 | G33: 110 | H33: =IFERROR(VLOOKUP(E33,'[1]BẢNG MÃ RING'!$A$2:$C$322,3,0),0) -> 0.49 | I33: =H33*G33 -> 53.9 | J33: 44546
A34: =IF(AND( A33="",A32=""),1,IF(B34="","",IF(B33="",A32+1,A33+1))) -> 31 | B34: 12585482 | C34: VB02398 | D34: 0979-102 | E34: 742535710 | F34: =VLOOKUP(E34,'[1]BẢNG MÃ RING'!$A$2:$C$322,2,0) -> 7425-19-12.55 | G34: 90 | H34: =IFERROR(VLOOKUP(E34,'[1]BẢNG MÃ RING'!$A$2:$C$322,3,0),0) -> 0.49 | I34: =H34*G34 -> 44.1 | J34: 44546
A35: =IF(AND( A34="",A33=""),1,IF(B35="","",IF(B34="",A33+1,A34+1))) -> 32 | B35: 12586063 | C35: VB02399 | D35: 0979-103 | E35: 742535710 | F35: =VLOOKUP(E35,'[1]BẢNG MÃ RING'!$A$2:$C$322,2,0) -> 7425-19-12.55 | G35: 110 | H35: =IFERROR(VLOOKUP(E35,'[1]BẢNG MÃ RING'!$A$2:$C$322,3,0),0) -> 0.49 | I35: =H35*G35 -> 53.9 | J35: 44546
A36: =IF(AND( A35="",A34=""),1,IF(B36="","",IF(B35="",A34+1,A35+1))) -> 33 | B36: 12586689 | C36: VB02400 | D36: 0979-104 | E36: 742535720 | F36: =VLOOKUP(E36,'[1]BẢNG MÃ RING'!$A$2:$C$322,2,0) -> 7425-19-13.05 | G36: 200 | H36: =IFERROR(VLOOKUP(E36,'[1]BẢNG MÃ RING'!$A$2:$C$322,3,0),0) -> 0.49 | I36: =H36*G36 -> 98 | J36: 44546 | K36: chay
A37: =IF(AND( A36="",A35=""),1,IF(B37="","",IF(B36="",A35+1,A36+1))) -> 34 | B37: 12589662 | C37: VB02405 | D37: 0979-108 | E37: 742535730 | F37: =VLOOKUP(E37,'[1]BẢNG MÃ RING'!$A$2:$C$322,2,0) -> 7425-19-14.05 | G37: 180 | H37: =IFERROR(VLOOKUP(E37,'[1]BẢNG MÃ RING'!$A$2:$C$322,3,0),0) -> 0.49 | I37: =H37*G37 -> 88.2 | J37: 44546
A38: =IF(AND( A37="",A36=""),1,IF(B38="","",IF(B37="",A36+1,A37+1))) -> 35 | B38: 12590885 | C38: VB02407 | D38: 0979-110 | E38: 742535730 | F38: =VLOOKUP(E38,'[1]BẢNG MÃ RING'!$A$2:$C$322,2,0) -> 7425-19-14.05 | G38: 110 | H38: =IFERROR(VLOOKUP(E38,'[1]BẢNG MÃ RING'!$A$2:$C$322,3,0),0) -> 0.49 | I38: =H38*G38 -> 53.9 | J38: 44546
A39: =IF(AND( A38="",A37=""),1,IF(B39="","",IF(B38="",A37+1,A38+1))) -> 36 | B39: 12584863 | C39: VB02397 | D39: 0979-101 | E39: 742535740 | F39: =VLOOKUP(E39,'[1]BẢNG MÃ RING'!$A$2:$C$322,2,0) -> 7425-19-12.05 | G39: 220 | H39: =IFERROR(VLOOKUP(E39,'[1]BẢNG MÃ RING'!$A$2:$C$322,3,0),0) -> 0.49 | I39: =H39*G39 -> 107.8 | J39: 44546
A40: =IF(AND( A39="",A38=""),1,IF(B40="","",IF(B39="",A38+1,A39+1))) -> 37 | B40: 12590274 | C40: VB02406 | D40: 0979-109 | E40: 742535750 | F40: =VLOOKUP(E40,'[1]BẢNG MÃ RING'!$A$2:$C$322,2,0) -> 7425-19-15.05 | G40: 110 | H40: =IFERROR(VLOOKUP(E40,'[1]BẢNG MÃ RING'!$A$2:$C$322,3,0),0) -> 0.49 | I40: =H40*G40 -> 53.9 | J40: 44546
A41: =IF(AND( A40="",A39=""),1,IF(B41="","",IF(B40="",A39+1,A40+1))) -> 38 | B41: 12601375 | C41: VB02426 | D41: 0982-102 | E41: 742542400 | F41: =VLOOKUP(E41,'[1]BẢNG MÃ RING'!$A$2:$C$322,2,0) -> 7425-21-18 | G41: 50 | H41: =IFERROR(VLOOKUP(E41,'[1]BẢNG MÃ RING'!$A$2:$C$322,3,0),0) -> 0.52 | I41: =H41*G41 -> 26 | J41: 44560
A42: =IF(AND( A41="",A40=""),1,IF(B42="","",IF(B41="",A40+1,A41+1))) -> 39 | B42: 12602850 | C42: VB02429 | D42: 0982-106 | E42: 742545700 | F42: =VLOOKUP(E42,'[1]BẢNG MÃ RING'!$A$2:$C$322,2,0) -> 7425-21.6-17.9 | G42: 60 | H42: =IFERROR(VLOOKUP(E42,'[1]BẢNG MÃ RING'!$A$2:$C$322,3,0),0) -> 0.44 | I42: =H42*G42 -> 26.4 | J42: 44560
A43: =IF(AND( A42="",A41=""),1,IF(B43="","",IF(B42="",A41+1,A42+1))) -> 40 | B43: 12810522 | C43: VK02C12 | D43: 0982-106 | E43: 742545700 | F43: =VLOOKUP(E43,'[1]BẢNG MÃ RING'!$A$2:$C$322,2,0) -> 7425-21.6-17.9 | G43: 60 | H43: =IFERROR(VLOOKUP(E43,'[1]BẢNG MÃ RING'!$A$2:$C$322,3,0),0) -> 0.44 | I43: =H43*G43 -> 26.4 | J43: 44560
A44: =IF(AND( A43="",A42=""),1,IF(B44="","",IF(B43="",A42+1,A43+1))) -> 41 | B44: 12603381 | C44: VB02430 | D44: 0983-101 | E44: 742546001 | F44: =VLOOKUP(E44,'[1]BẢNG MÃ RING'!$A$2:$C$322,2,0) -> 7425-26.4-24.2 | G44: 200 | H44: =IFERROR(VLOOKUP(E44,'[1]BẢNG MÃ RING'!$A$2:$C$322,3,0),0) -> 0.59 | I44: =H44*G44 -> 118 | J44: 44546 | K44: chay
A45: =IF(AND( A44="",A43=""),1,IF(B45="","",IF(B44="",A43+1,A44+1))) -> 42 | B45: 12603973 | C45: VB02431 | D45: 0983-102 | E45: 742546001 | F45: =VLOOKUP(E45,'[1]BẢNG MÃ RING'!$A$2:$C$322,2,0) -> 7425-26.4-24.2 | G45: 220 | H45: =IFERROR(VLOOKUP(E45,'[1]BẢNG MÃ RING'!$A$2:$C$322,3,0),0) -> 0.59 | I45: =H45*G45 -> 129.8 | J45: 44546
A46: =IF(AND( A45="",A44=""),1,IF(B46="","",IF(B45="",A44+1,A45+1))) -> 43 | B46: 12604573 | C46: VB02432 | D46: 0983-102 | E46: 742546001 | F46: =VLOOKUP(E46,'[1]BẢNG MÃ RING'!$A$2:$C$322,2,0) -> 7425-26.4-24.2 | G46: 110 | H46: =IFERROR(VLOOKUP(E46,'[1]BẢNG MÃ RING'!$A$2:$C$322,3,0),0) -> 0.59 | I46: =H46*G46 -> 64.9 | J46: 44546
A47: =IF(AND( A46="",A45=""),1,IF(B47="","",IF(B46="",A45+1,A46+1))) -> 44 | B47: 12605169 | C47: VB02433 | D47: 0983-103 | E47: 742546001 | F47: =VLOOKUP(E47,'[1]BẢNG MÃ RING'!$A$2:$C$322,2,0) -> 7425-26.4-24.2 | G47: 220 | H47: =IFERROR(VLOOKUP(E47,'[1]BẢNG MÃ RING'!$A$2:$C$322,3,0),0) -> 0.59 | I47: =H47*G47 -> 129.8 | J47: 44546
A48: =IF(AND( A47="",A46=""),1,IF(B48="","",IF(B47="",A46+1,A47+1))) -> 45 | B48: 12605765 | C48: VB02434 | D48: 0983-103 | E48: 742546001 | F48: =VLOOKUP(E48,'[1]BẢNG MÃ RING'!$A$2:$C$322,2,0) -> 7425-26.4-24.2 | G48: 220 | H48: =IFERROR(VLOOKUP(E48,'[1]BẢNG MÃ RING'!$A$2:$C$322,3,0),0) -> 0.59 | I48: =H48*G48 -> 129.8 | J48: 44546
A49: =IF(AND( A48="",A47=""),1,IF(B49="","",IF(B48="",A47+1,A48+1))) -> 46 | B49: 12606370 | C49: VB02435 | D49: 0983-104 | E49: 742546001 | F49: =VLOOKUP(E49,'[1]BẢNG MÃ RING'!$A$2:$C$322,2,0) -> 7425-26.4-24.2 | G49: 220 | H49: =IFERROR(VLOOKUP(E49,'[1]BẢNG MÃ RING'!$A$2:$C$322,3,0),0) -> 0.59 | I49: =H49*G49 -> 129.8 | J49: 44546
A50: =IF(AND( A49="",A48=""),1,IF(B50="","",IF(B49="",A48+1,A49+1))) -> 47 | B50: 12606976 | C50: VB02436 | D50: 0983-104 | E50: 742546001 | F50: =VLOOKUP(E50,'[1]BẢNG MÃ RING'!$A$2:$C$322,2,0) -> 7425-26.4-24.2 | G50: 220 | H50: =IFERROR(VLOOKUP(E50,'[1]BẢNG MÃ RING'!$A$2:$C$322,3,0),0) -> 0.59 | I50: =H50*G50 -> 129.8 | J50: 44546
A51: =IF(AND( A50="",A49=""),1,IF(B51="","",IF(B50="",A49+1,A50+1))) -> 48 | B51: 12607580 | C51: VB02437 | D51: 0983-104 | E51: 742546001 | F51: =VLOOKUP(E51,'[1]BẢNG MÃ RING'!$A$2:$C$322,2,0) -> 7425-26.4-24.2 | G51: 110 | H51: =IFERROR(VLOOKUP(E51,'[1]BẢNG MÃ RING'!$A$2:$C$322,3,0),0) -> 0.59 | I51: =H51*G51 -> 64.9 | J51: 44546
A52: =IF(AND( A51="",A50=""),1,IF(B52="","",IF(B51="",A50+1,A51+1))) -> 49 | B52: 12819726 | C52: VK02C28 | D52: 0983-101 | E52: 742546001 | F52: =VLOOKUP(E52,'[1]BẢNG MÃ RING'!$A$2:$C$322,2,0) -> 7425-26.4-24.2 | G52: 60 | H52: =IFERROR(VLOOKUP(E52,'[1]BẢNG MÃ RING'!$A$2:$C$322,3,0),0) -> 0.59 | I52: =H52*G52 -> 35.4 | J52: 44546
A53: =IF(AND( A52="",A51=""),1,IF(B53="","",IF(B52="",A51+1,A52+1))) -> 50 | B53: 12820319 | C53: VK02C29 | D53: 0983-102 | E53: 742546001 | F53: =VLOOKUP(E53,'[1]BẢNG MÃ RING'!$A$2:$C$322,2,0) -> 7425-26.4-24.2 | G53: 110 | H53: =IFERROR(VLOOKUP(E53,'[1]BẢNG MÃ RING'!$A$2:$C$322,3,0),0) -> 0.59 | I53: =H53*G53 -> 64.9 | J53: 44546
A54: =IF(AND( A53="",A52=""),1,IF(B54="","",IF(B53="",A52+1,A53+1))) -> 51 | B54: 12820900 | C54: VK02C30 | D54: 0983-103 | E54: 742546001 | F54: =VLOOKUP(E54,'[1]BẢNG MÃ RING'!$A$2:$C$322,2,0) -> 7425-26.4-24.2 | G54: 170 | H54: =IFERROR(VLOOKUP(E54,'[1]BẢNG MÃ RING'!$A$2:$C$322,3,0),0) -> 0.59 | I54: =H54*G54 -> 100.3 | J54: 44546
A55: =IF(AND( A54="",A53=""),1,IF(B55="","",IF(B54="",A53+1,A54+1))) -> 52 | B55: 12821520 | C55: VK02C31 | D55: 0983-104 | E55: 742546001 | F55: =VLOOKUP(E55,'[1]BẢNG MÃ RING'!$A$2:$C$322,2,0) -> 7425-26.4-24.2 | G55: 60 | H55: =IFERROR(VLOOKUP(E55,'[1]BẢNG MÃ RING'!$A$2:$C$322,3,0),0) -> 0.59 | I55: =H55*G55 -> 35.4 | J55: 44546
A56: =IF(AND( A55="",A54=""),1,IF(B56="","",IF(B55="",A54+1,A55+1))) -> 53 | B56: 12608180 | C56: VB02438 | D56: 0983-201 | E56: 742548001 | F56: =VLOOKUP(E56,'[1]BẢNG MÃ RING'!$A$2:$C$322,2,0) -> 7425-23.5-20.6 | G56: 220 | H56: =IFERROR(VLOOKUP(E56,'[1]BẢNG MÃ RING'!$A$2:$C$322,3,0),0) -> 0.59 | I56: =H56*G56 -> 129.8 | J56: 44546 | K56: chay 200
A57: =IF(AND( A56="",A55=""),1,IF(B57="","",IF(B56="",A55+1,A56+1))) -> 54 | B57: 12608768 | C57: VB02439 | D57: 0983-202 | E57: 742548001 | F57: =VLOOKUP(E57,'[1]BẢNG MÃ RING'!$A$2:$C$322,2,0) -> 7425-23.5-20.6 | G57: 220 | H57: =IFERROR(VLOOKUP(E57,'[1]BẢNG MÃ RING'!$A$2:$C$322,3,0),0) -> 0.59 | I57: =H57*G57 -> 129.8 | J57: 44546
A58: =IF(AND( A57="",A56=""),1,IF(B58="","",IF(B57="",A56+1,A57+1))) -> 55 | B58: 12609334 | C58: VB02440 | D58: 0983-202 | E58: 742548001 | F58: =VLOOKUP(E58,'[1]BẢNG MÃ RING'!$A$2:$C$322,2,0) -> 7425-23.5-20.6 | G58: 220 | H58: =IFERROR(VLOOKUP(E58,'[1]BẢNG MÃ RING'!$A$2:$C$322,3,0),0) -> 0.59 | I58: =H58*G58 -> 129.8 | J58: 44546
A59: =IF(AND( A58="",A57=""),1,IF(B59="","",IF(B58="",A57+1,A58+1))) -> 56 | B59: 12609895 | C59: VB02441 | D59: 0983-202 | E59: 742548001 | F59: =VLOOKUP(E59,'[1]BẢNG MÃ RING'!$A$2:$C$322,2,0) -> 7425-23.5-20.6 | G59: 220 | H59: =IFERROR(VLOOKUP(E59,'[1]BẢNG MÃ RING'!$A$2:$C$322,3,0),0) -> 0.59 | I59: =H59*G59 -> 129.8 | J59: 44553
A60: =IF(AND( A59="",A58=""),1,IF(B60="","",IF(B59="",A58+1,A59+1))) -> 57 | B60: 12610473 | C60: VB02442 | D60: 0983-202 | E60: 742548001 | F60: =VLOOKUP(E60,'[1]BẢNG MÃ RING'!$A$2:$C$322,2,0) -> 7425-23.5-20.6 | G60: 220 | H60: =IFERROR(VLOOKUP(E60,'[1]BẢNG MÃ RING'!$A$2:$C$322,3,0),0) -> 0.59 | I60: =H60*G60 -> 129.8 | J60: 44553
A61: =IF(AND( A60="",A59=""),1,IF(B61="","",IF(B60="",A59+1,A60+1))) -> 58 | B61: 12822115 | C61: VK02C32 | D61: 0983-201 | E61: 742548001 | F61: =VLOOKUP(E61,'[1]BẢNG MÃ RING'!$A$2:$C$322,2,0) -> 7425-23.5-20.6 | G61: 170 | H61: =IFERROR(VLOOKUP(E61,'[1]BẢNG MÃ RING'!$A$2:$C$322,3,0),0) -> 0.59 | I61: =H61*G61 -> 100.3 | J61: 44546
A62: =IF(AND( A61="",A60=""),1,IF(B62="","",IF(B61="",A60+1,A61+1))) -> 59 | B62: 12822680 | C62: VK02C33 | D62: 0983-202 | E62: 742548001 | F62: =VLOOKUP(E62,'[1]BẢNG MÃ RING'!$A$2:$C$322,2,0) -> 7425-23.5-20.6 | G62: 110 | H62: =IFERROR(VLOOKUP(E62,'[1]BẢNG MÃ RING'!$A$2:$C$322,3,0),0) -> 0.59 | I62: =H62*G62 -> 64.9 | J62: 44546
A63: =IF(AND( A62="",A61=""),1,IF(B63="","",IF(B62="",A61+1,A62+1))) -> 60 | B63: 12611040 | C63: VB02443 | D63: 0984-102 | E63: 742548011 | F63: =VLOOKUP(E63,'[1]BẢNG MÃ RING'!$A$2:$C$322,2,0) -> 7425-23.5-20.6-1 | G63: 70 | H63: =IFERROR(VLOOKUP(E63,'[1]BẢNG MÃ RING'!$A$2:$C$322,3,0),0) -> 0.59 | I63: =H63*G63 -> 41.3 | J63: 44560 | K63: chay
A64: =IF(AND( A63="",A62=""),1,IF(B64="","",IF(B63="",A62+1,A63+1))) -> 61 | B64: 12611646 | C64: VB02444 | D64: 0984-103 | E64: 742548011 | F64: =VLOOKUP(E64,'[1]BẢNG MÃ RING'!$A$2:$C$322,2,0) -> 7425-23.5-20.6-1 | G64: 110 | H64: =IFERROR(VLOOKUP(E64,'[1]BẢNG MÃ RING'!$A$2:$C$322,3,0),0) -> 0.59 | I64: =H64*G64 -> 64.9 | J64: 44560
