Workbook

Sheet Sheet1
A1: BẢNG TỔNG HỢP MOF08 DAIWA VN (RELL)
E3: Ngày: 25-04-2015
A4: PO No | B4: Part Code | C4: VF Code | D4: Đơn giá | E4: 42125 | F4: 42156 | G4: 42125 | H4: 42156 | I4: TOTAL | J4: TỒN TỔNG
E5: =SUM(E6:E103) -> 7335 | F5: =SUM(F6:F103) -> 375134 | G5: =SUM(E5:F5) -> 382469 | H5: =SUM(H6:H103) -> 98133 | I5: =SUM(G5:H5) -> 480602 | J5: =SUM(H5:I5) -> 578735
A6: DVN-FP-3330-150402 | B6: 6G1525020 | C6: C2 | D6: 0.025 | E6: 0 | F6: 0 | G6: =SUM(E6:F6) -> 0 | H6: 0 | I6: =SUM(G6:H6) -> 0 | J6: =VLOOKUP(C6,Sheet2!$A$1:$B$108,2,0) -> 17810
A7: DVN-FP-3330-150402 | B7: 6H0191011 | C7: C3 | D7: 0.042 | E7: 0 | F7: 1010 | G7: =SUM(E7:F7) -> 1010 | H7: 1050 | I7: =SUM(G7:H7) -> 2060 | J7: =VLOOKUP(C7,Sheet2!$A$1:$B$108,2,0) -> 30417
A8: DVN-FP-3330-150402 | B8: 6G9810011 | C8: C4 | D8: 0.053 | E8: 0 | F8: 0 | G8: =SUM(E8:F8) -> 0 | H8: 0 | I8: =SUM(G8:H8) -> 0 | J8: =VLOOKUP(C8,Sheet2!$A$1:$B$108,2,0) -> 16043
A9: DVN-FP-3330-150402 | B9: 6H3544011 | C9: C5 | D9: 0.0315 | E9: 0 | F9: 1660 | G9: =SUM(E9:F9) -> 1660 | H9: 2650 | I9: =SUM(G9:H9) -> 4310 | J9: =VLOOKUP(C9,Sheet2!$A$1:$B$108,2,0) -> 23050
A10: DVN-FP-3330-150402 | B10: 6H0499010 | C10: C6 | D10: 0.063 | E10: 0 | F10: 1660 | G10: =SUM(E10:F10) -> 1660 | H10: 1630 | I10: =SUM(G10:H10) -> 3290 | J10: =VLOOKUP(C10,Sheet2!$A$1:$B$108,2,0) -> 32118
A11: DVN-FP-3330-150402 | B11: 6G1768020 | C11: C7 | D11: 0.18 | E11: 0 | F11: 0 | G11: =SUM(E11:F11) -> 0 | H11: 0 | I11: =SUM(G11:H11) -> 0 | J11: =VLOOKUP(C11,Sheet2!$A$1:$B$108,2,0) -> 30243
A12: DVN-FP-3330-150402 | B12: 6H3554010 | C12: C8 | D12: 0.402 | E12: 0 | F12: 0 | G12: =SUM(E12:F12) -> 0 | H12: 0 | I12: =SUM(G12:H12) -> 0 | J12: =VLOOKUP(C12,Sheet2!$A$1:$B$108,2,0) -> 7632
A13: DVN-FP-3330-150402 | B13: 6G5101010 | C13: C9 | D13: 0.16 | E13: 0 | F13: 0 | G13: =SUM(E13:F13) -> 0 | H13: 710 | I13: =SUM(G13:H13) -> 710 | J13: =VLOOKUP(C13,Sheet2!$A$1:$B$108,2,0) -> 14839
A14: DVN-FP-3330-150402 | B14: 6B6854010 | C14: H1 | D14: 0.0662 | E14: 0 | F14: 0 | G14: =SUM(E14:F14) -> 0 | H14: 0 | I14: =SUM(G14:H14) -> 0 | J14: =VLOOKUP(C14,Sheet2!$A$1:$B$108,2,0) -> 16423
A15: DVN-FP-3330-150402 | B15: 6H5762011 | C15: H2 | D15: 0.0735 | E15: 0 | F15: 0 | G15: =SUM(E15:F15) -> 0 | H15: 0 | I15: =SUM(G15:H15) -> 0 | J15: =VLOOKUP(C15,Sheet2!$A$1:$B$108,2,0) -> 46456
A16: DVN-FP-3330-150402 | B16: 6B6825010 | C16: H3 | D16: 0.0735 | E16: 0 | F16: 0 | G16: =SUM(E16:F16) -> 0 | H16: 0 | I16: =SUM(G16:H16) -> 0 | J16: =VLOOKUP(C16,Sheet2!$A$1:$B$108,2,0) -> 39990
A17: DVN-FP-3330-150402 | B17: 6G3686010 | C17: H4 | D17: 0.16 | E17: 0 | F17: 0 | G17: =SUM(E17:F17) -> 0 | H17: 0 | I17: =SUM(G17:H17) -> 0 | J17: =VLOOKUP(C17,Sheet2!$A$1:$B$108,2,0) -> 36018
... A103: DVN-FP-3330-150402 | B103: 6H3577011 | C103: HA14 | D103: 0.835 | E103: 0 | F103: 0 | G103: =SUM(E103:F103) -> 0 | H103: 0 | I103: =SUM(G103:H103) -> 0 | J103: =VLOOKUP(C103,Sheet2!$A$1:$B$108,2,0) -> 1158

Sheet Sheet2
A1: C2 | B1: 17810
A2: C3 | B2: 30417
A3: C4 | B3: 16043
A4: C5 | B4: 23050
A5: C6 | B5: 32118
A6: C7 | B6: 30243
A7: C8 | B7: 7632
A8: C9 | B8: 14839
A9: H1 | B9: 16423
A10: H10 | B10: 7961
A11: H11 | B11: 2628
A12: H12 | B12: 1490
... A108: SC6 | B108: 24792
