Workbook

Sheet 31.01
A1: Ngày:31.01.2015 | J1: Phiếu Giao Nhận Và Sử Dụng Nguyên Liệu | DU1: (BM 01/NL)
E2: THÔNG TIN NGUYÊN LIỆU | AG2: BÁO CÁO SẢN PHẨM CA 1 | BA2: BÁO CÁO SẢN PHẨM CA 2 | BU2: BÁO CÁO TỔNG SẢN PHẨM 2 CA | CI2: NHẬP BÁO CÁO | CW2: THEO DÕI NĂNG SUẤT | DE2: Ca 1C | DH2: Ca 2A | DK2: Tổng 2 Ca
A3: STT | B3: MÁY | C3: MÃ KHÁCH HÀNG | D3: MÃ SẢN PHẨM | E3: Qui cách | T3: Tồn Đầu | U3: Cấp mới | V3: Trọng lương/pcs | W3: Kho CNC (pcs) 2 | X3: Kho SX2 ( pcs) 2 | Y3: Kho chờ nhiệt luyện (pcs) 3 | Z3: Kho Chờ rung bóng (pcs) 4 | AA3: Kho Chờ GCN (pcs) 5 | AB3: Kho QC (pcs) 7 | AC3: Kho chờ xử lý (pcs) 8 | AD3: Kho PP (pcs) 9 | AE3: Tổng sản phẩm 02 ca | AF3: Lũy kế (Từ30/06 đến 30/07 | AG3: NGUYÊN LIỆU CA1 | AN3: SẢN PHẨM CA1 | AY3: Chênh lệch định mức | BA3: NGUYÊN LIỆU CA2 | BH3: SẢN PHẨM CA2 | BS3: Chênh lệch định mức | BX3: Σ nguyên liệu sử sụng 2ca | CA3: Σ Số lượng sản phẩm 2ca | CC3: Σ Chênh lệch định mức 2ca | CE3: Σ Lũy kế Chênh lệch định mức 2ca | CG3: PHOI | CI3: Báo cáo hằng ngày | CQ3: 192.188.1.171/vfi | CW3: Loại máy | CX3: 1pcs/ giây | CY3: Năng suất | CZ3: Định mức gia công | DA3: Giá trị gia công | DB3: % Năng suất | DC3: % Hàng chỉnh máy /ca | DD3: % Hàng hao hụt /ca | DE3: Tổng Sản Phẩm Ca1 | DF3: Tổng N.L Ca1 | DG3: Tổng Mức Chênh Lệch Ca1 | DH3: Tổng Sản Phẩm Ca2 | DI3: Tổng N.L Ca2 | DJ3: Tổng Mức Chênh Lệch Ca2 | DK3: Tổng Sản Phẩm 2Ca | DL3: Tổng N.L 2Ca | DM3: Tổng Mức Chênh Lệch 2Ca | DT3: SP KPH
E4: Định mức (pcs/ cây ) | F4: Mã nhận dạng NL | G4: Mã NL VF | J4: Mã Nguyên Liệu | K4: Nhà cung cấp | L4: Đường Kính ( mm ) | N4: Hình dạng | O4: Tiêu chuẩn | P4: Dài (m) | Q4: Trọng lượng ( Kg/cây) | R4: Số lot | S4: Định Mức NL 2Ca | AG4: Tồn đầu ca ( Cây) | AH4: Sử dụng | AM4: Tồn cuối ( Cây) | AN4: Số hộp ( cái ) | AO4: Kho CNC | AP4: kho SX2 (gam) | AQ4: Kho nhiệt luyện (gam) | AR4: Kho Rung bóng (gam) | AS4: GCN (gam) | AT4: Kho QC (gam) | AU4: Kho chờ xử lý (gam) | AV4: Giao PP (gam) | AW4: Tổng SP Ca 1 | AY4: Trọng lượng (gam) | AZ4: Số lượng (pcs) | BA4: Tồn đầu ca ( Cây) | BB4: Sử dụng | BG4: Tồn cuối ( Cây) | BH4: Số hộp ( cái ) | BI4: Kho CNC | BJ4: kho SX2 (gam) | BK4: Kho nhiệt luyện (gam) | BL4: Kho Rung bóng (gam) | BM4: GCN (gam) | BN4: Kho QC (gam) | BO4: Kho chờ xử lý (gam) | BP4: Giao PP (gam) | BQ4: Tổng SP Ca 2 | BS4: Trọng lượng (gam) | BT4: Số lượng (pcs) | BU4: Tổng SP 2 Ca | BV4: Tổng NL 2 Ca sử dụng | BW4: Tổng Mức Chênh Lệch Sản Phẩm | BX4: Trọng lượng ( kg) | BY4: Số lượng (cây) | BZ4: Lũy kế | CA4: Trọng lượng ( kg) | CB4: Số lượng (pcs) | CC4: Trọng lượng (gam) | CD4: Số lượng (pcs) | CE4: Trọng lượng (gam) | CF4: Số lượng (pcs) | CG4: Ngày: | CH4: Lũy kế | CI4: Ca1A | CM4: Ca 2B | CQ4: =CI4 -> Ca1A | CT4: =CM4 -> Ca 2B | DN4: Tồn đầu ca | DO4: Cấp mới | DP4: SL sử dụng | DQ4: Tồn cuối ca | DR4: lot | DS4: Số hộp | DT4: SL | DU4: Nội dung KPH | DV4: Ghi chú
L5: OD | M5: ID | AH5: Cây đầu ca | AI5: Cây nguyên | AJ5: Cây cuối ca | AL5: ∑ | AW5: Σ Trọng lượng (gam) | AX5: Σ Số lượng (pcs) | BB5: Cây đầu ca | BC5: Cây nguyên | BD5: Cây cuối ca | BF5: ∑ | BQ5: Σ Trọng lượng (gam) | BR5: Σ Số lượng (pcs) | CI5: Trọng lượng hộp cuối | CJ5: Σ Trọng lượng (gam) | CK5: Trọng lượng chờ xử lý | CL5: Trọng lượng phế phẩm | CM5: Trọng lượng hộp cuối | CN5: Σ Trọng lượng (gam) | CO5: Trọng lượng chờ xử lý | CP5: Trọng lượng phế phẩm | CQ5: TP1 | CR5: CXL 1 | CS5: PP1 | CT5: TP2 | CU5: CXL 2 | CV5: PP2
AJ6: Tl (g) | AK6: Cây | BD6: Tl (g) | BE6: Cây | CQ6: =CQ7+CR7+CT7+CU7 -> 118666
S7: =SUMIF(S8:S106,">0") -> 2722 | T7: =SUM(T8:T106) -> 1206.86 | U7: =SUM(U8:U106) -> 948 | W7: =SUM(W8:W777) -> 455 | X7: =SUM(X8:X777) -> 39049 | Y7: =SUM(Y8:Y777) -> 5186 | Z7: =SUM(Z8:Z777) -> 10669 | AA7: =SUM(AA8:AA777) -> 1950 | AB7: =SUM(AB8:AB777) -> 60009 | AC7: =SUM(AC8:AC777) -> 1348 | AD7: =SUM(AD8:AD777) -> 2194 | AE7: =SUM(AE8:AE777) -> 118666 | AF7: =SUM(AF8:AF249) -> 118666 | AG7: =SUM(AG8:AG285) -> 1206.86 | AH7: =SUM(AH8:AH285) -> 2.86 | AI7: =SUM(AI8:AI285) -> 374 | AJ7: =SUM(AJ8:AJ285) -> 3227 | AK7: =SUM(AK8:AK285) -> 93.91587 | AL7: =SUM(AL8:AL285) -> 371.82 | AM7: =SUM(AM8:AM285) -> 1783.04 | AN7: =SUM(AN8:AN285) -> 0 | ... CP7: =SUM(CP8:CP285) -> 2260 | CQ7: =SUM(CQ8:CQ777) -> 62925 | CR7: =SUM(CR8:CR777) -> 1348 | CS7: =SUM(CS8:CS777) -> 669 | CT7: =SUM(CT8:CT777) -> 54393 | CU7: =SUM(CU8:CU777) -> 0 | CV7: =SUM(CV8:CV777) -> 1525 | CW7: =SUM(CW8:CW106) -> 0 | CX7: =SUM(CX8:CX106) -> 3534.72 | CY7: =SUM(CY8:CY106) -> #DIV/0! | CZ7: =SUM(CZ8:CZ106) -> 25021.102 | DA7: =SUM(DA8:DA106) -> 0 | DB7: =SUM(DB8:DB106) -> 0 | DC7: =SUM(DC8:DC106) -> 0 | DD7: =SUM(DD8:DD106) -> 0 | DE7: =SUM(DE8:DE108) -> 64273 | DF7: =SUM(DF8:DF108) -> 371.82 | DG7: =SUM(DG8:DG108) -> -421.35366 | DH7: =SUM(DH8:DH108) -> 54393 | DI7: =SUM(DI8:DI108) -> 300.56 | DJ7: =SUM(DJ8:DJ108) -> -893.83129 | DK7: =SUM(DK8:DK108) -> 118666 | DL7: =SUM(DL8:DL108) -> 672.38 | DM7: =SUM(DM8:DM108) -> -1315.1849
A8: 1 | B8: C01 | D8: SM04 | E8: 70 | F8: D | G8: =CONCATENATE(K8,J8,"-",IF(N8="D",L8,IF(N8="H",CONCATENATE(N8,L8),CONCATENATE(N8,L8,"x",M8))),"x",P8,"-",O8,R8) -> GWA6063-T5-17x3-H9B15 | H8: =CONCATENATE(J8,,K8,L8,M8,N8,O8) -> A6063-T5GW170DH9 | I8: =CONCATENATE(J8,K8,L8,M8,N8,O8,P8,R8) -> A6063-T5GW170DH93B15 | J8: A6063-T5 | K8: GW | L8: 17 | M8: 0 | N8: D | O8: H9 | P8: 3 | Q8: 1.832 | R8: B15 | S8: =ROUND(CY8/E8,0)*2 -> 16 | T8: 17 | U8: 10 | V8: 10.1 | W8: =IF(V8="","",INT((AO8+BI8)/$V8)) -> 0 | X8: =IF(V8="","",INT((AP8+BJ8)/$V8)) -> 148 | Y8: =IF(V8="","",INT((AQ8+BK8)/$V8)) -> 0 | Z8: =IF(V8="","",INT((AR8+BL8)/$V8)) -> 0 | AA8: =IF(V8="","",INT((AS8+BM8)/$V8)) -> 0 | AB8: =IF(V8="","",INT((AT8+BN8)/$V8)) -> 0 | AC8: =IF(V8="","",INT((AU8+BO8)/$V8)) -> 0 | AD8: =IF(V8="","",INT((AV8+BP8)/$V8)) -> 47 | AE8: =IF(V8="","",SUM(W8:AC8)) -> 148 | AF8: =AE8 -> 148 | AG8: =T8 -> 17 | AH8: =IFERROR(VALUE("0"&RIGHT(AG8,(LEN(AG8)-LEN(TRUNC(AG8))))),"") -> 0 | AI8: 2 | AJ8: =$CI8 -> 0 | AK8: =IF(V8="","",IF(AJ8=0,1,AJ8/$V8/$E8)) -> 1 | AL8: =IF(V8="","",MAX(ROUNDUP((IF(AI8+AJ8=0,0,AH8)+AI8+AK8-1),2),0)) -> 2 | AM8: =IF(V8="","",AG8+U8-AL8) -> 25 | AP8: =$CJ8 -> 1500 | AU8: =CK8 -> 0 | AV8: =CL8 -> 475 | AW8: =SUM(AO8:AV8) -> 1975 | AX8: =IF(V8="","",INT(AW8/$V8)) -> 195 | AY8: =IF(V8="","",AW8-AL8*$E8*$V8) -> 561 | AZ8: =IF($V8="","",AY8/$V8) -> 55.544554 | BA8: =AM8 -> 25 | BB8: =VALUE("0"&RIGHT(BA8,(LEN(BA8)-LEN(TRUNC(BA8))))) -> 0 | BD8: =$CM8 -> 0 | BE8: =IF(AA8="","",IF(BD8=0,1,BD8/$V8/$E8)) -> 1 | BF8: =IF(V8="","",MAX(ROUNDUP((IF(BC8+BD8=0,0,BB8)+BC8+BE8-1),2),0)) -> 0 | BG8: =IF(AA8="","",BA8-BF8) -> 25 | BJ8: =$CN8 -> 0 | BO8: =CO8 -> 0 | BP8: =CP8 -> 0 | BQ8: =SUM(BI8:BP8) -> 0 | BR8: =IF(AA8="","",INT(BQ8/$V8)) -> 0 | BS8: =IF(AA8="","",-BF8*$E8*$V8+BQ8) -> 0 | BT8: =IF($V8="","",BS8/$V8) -> 0 | BU8: =IFERROR(AE8,"") -> 148 | BV8: =IFERROR(BF8+AL8,"") -> 2 | BW8: =IFERROR(BT8+AZ8,"") -> 55.544554 | BX8: =IF($Q8="","",(BF8+AL8)*$Q8) -> 3.664 | BY8: =IFERROR(BF8+AL8,0) -> 2 | BZ8: =BY8 -> 2 | CA8: =IFERROR((BQ8+AW8)/1000,"") -> 1.975 | CB8: =IFERROR(BR8+AX8,"") -> 195 | CC8: =IFERROR(BS8+AY8,"") -> 561 | CD8: =IFERROR(BT8+AZ8,"") -> 55.544554 | CG8: =IF(BX8="",0,(BX8-CA8)+((AV8+BP8)/1000)) -> 2.164 | CH8: =CG8 -> 2.164 | CJ8: 1500 | CL8: 475 | CQ8: =INT(IFERROR( CJ8/$V8,0)) -> 148 | CR8: =INT(IFERROR( CK8/$V8,0)) -> 0 | CS8: =INT(IFERROR( CL8/$V8,0)) -> 47 | CT8: =INT(IFERROR( AE8-CQ8-CU8-CR8,0)) -> 0 | CU8: =INT(IFERROR( AC8-CR8,0)) -> 0 | CV8: =INT(IFERROR( AD8-CS8,0)) -> 0 | CX8: 72 | CY8: =INT(60/CX8*60*(12-(CEILING((60/CX8*60*12)/E8,1)*IF(CW8="T",0.45,IF(CW8="",5,3))/60))) -> 562 | CZ8: =IF(CX8="",0,(IF(CW8="",360,180)/(60/CX8))*1.35) -> 583.2 | DE8: =IFERROR(CQ8+CR8,"") -> 148 | DF8: =IFERROR(AL8,"") -> 2 | DG8: =IFERROR(AZ8,"") -> 55.544554 | DH8: =IFERROR(CT8+CU8,"") -> 0 | DI8: =IFERROR(BF8,"") -> 0 | DJ8: =IFERROR(BT8,"") -> 0 | DK8: =IFERROR(DE8+DH8,"") -> 148 | DL8: =IFERROR(DF8+DI8,"") -> 2 | DM8: =IFERROR(DG8+DJ8,"") -> 55.544554 | DN8: =T8 -> 17 | DO8: =U8 -> 10 | DR8: B15C010515 | DW8: =IFERROR(AL8+BC8,"") -> 2 | DX8: =IFERROR(DK8+DL8+DM8,"") -> 205.54455 | DY8: =CQ8+CR8+CS8+CT8+CU8+CV8 -> 195 | DZ8: =IFERROR((AD8*V8/1000),0) -> 0.4747 | EA8: =IFERROR((AE8*V8/1000),0) -> 1.4948 | EB8: =BX8-EA8 -> 2.1692 | EC8: =(BX8-CA8)+((AV8+BP8)/1000) -> 2.164 | EF8: =DG8+DJ8 -> 55.544554
A9: 2 | B9: C02 | D9: Y5 1851 | E9: 8 | F9: B | G9: =CONCATENATE(K9,J9,"-",IF(N9="D",L9,IF(N9="H",CONCATENATE(N9,L9),CONCATENATE(N9,L9,"x",M9))),"x",P9,"-",O9,R9) -> TV12L14-10x2.5-H9A14 | H9: =CONCATENATE(J9,,K9,L9,M9,N9,O9) -> 12L14TV100DH9 | I9: =CONCATENATE(J9,K9,L9,M9,N9,O9,P9,R9) -> 12L14TV100DH92.5A14 | J9: 12L14 | K9: TV | L9: 10 | M9: 0 | N9: D | O9: H9 | P9: 2.5 | Q9: 1.533 | R9: A14 | S9: =ROUND(CY9/E9,0)*2 -> 70 | T9: 0 | V9: 159.7 | W9: =IF(V9="","",INT((AO9+BI9)/$V9)) -> 0 | X9: =IF(V9="","",INT((AP9+BJ9)/$V9)) -> 0 | Y9: =IF(V9="","",INT((AQ9+BK9)/$V9)) -> 0 | Z9: =IF(V9="","",INT((AR9+BL9)/$V9)) -> 0 | AA9: =IF(V9="","",INT((AS9+BM9)/$V9)) -> 0 | AB9: =IF(V9="","",INT((AT9+BN9)/$V9)) -> 0 | AC9: =IF(V9="","",INT((AU9+BO9)/$V9)) -> 0 | AD9: =IF(V9="","",INT((AV9+BP9)/$V9)) -> 0 | AE9: =IF(V9="","",SUM(W9:AC9)) -> 0 | AF9: =AE9 -> 0 | AG9: =T9 -> 0 | AH9: =IFERROR(VALUE("0"&RIGHT(AG9,(LEN(AG9)-LEN(TRUNC(AG9))))),"") -> 0 | AJ9: =$CI9 -> 0 | AK9: =IF(V9="","",IF(AJ9=0,1,AJ9/$V9/$E9)) -> 1 | AL9: =IF(V9="","",MAX(ROUNDUP((IF(AI9+AJ9=0,0,AH9)+AI9+AK9-1),2),0)) -> 0 | AM9: =IF(V9="","",AG9+U9-AL9) -> 0 | AP9: =$CJ9 -> 0 | AU9: =CK9 -> 0 | AV9: =CL9 -> 0 | AW9: =SUM(AO9:AV9) -> 0 | AX9: =IF(V9="","",INT(AW9/$V9)) -> 0 | AY9: =IF(V9="","",AW9-AL9*$E9*$V9) -> 0 | AZ9: =IF($V9="","",AY9/$V9) -> 0 | BA9: =AM9 -> 0 | BB9: =VALUE("0"&RIGHT(BA9,(LEN(BA9)-LEN(TRUNC(BA9))))) -> 0 | BD9: =$CM9 -> 0 | BE9: =IF(AA9="","",IF(BD9=0,1,BD9/$V9/$E9)) -> 1 | BF9: =IF(V9="","",MAX(ROUNDUP((IF(BC9+BD9=0,0,BB9)+BC9+BE9-1),2),0)) -> 0 | BG9: =IF(AA9="","",BA9-BF9) -> 0 | BJ9: =$CN9 -> 0 | BO9: =CO9 -> 0 | BP9: =CP9 -> 0 | BQ9: =SUM(BI9:BP9) -> 0 | BR9: =IF(AA9="","",INT(BQ9/$V9)) -> 0 | BS9: =IF(AA9="","",-BF9*$E9*$V9+BQ9) -> 0 | BT9: =IF($V9="","",BS9/$V9) -> 0 | BU9: =IFERROR(AE9,"") -> 0 | BV9: =IFERROR(BF9+AL9,"") -> 0 | BW9: =IFERROR(BT9+AZ9,"") -> 0 | BX9: =IF($Q9="","",(BF9+AL9)*$Q9) -> 0 | BY9: =IFERROR(BF9+AL9,0) -> 0 | BZ9: =BY9 -> 0 | CA9: =IFERROR((BQ9+AW9)/1000,"") -> 0 | CB9: =IFERROR(BR9+AX9,"") -> 0 | CC9: =IFERROR(BS9+AY9,"") -> 0 | CD9: =IFERROR(BT9+AZ9,"") -> 0 | CG9: =IF(BX9="",0,(BX9-CA9)+((AV9+BP9)/1000)) -> 0 | CH9: =CG9 -> 0 | CQ9: =INT(IFERROR( CJ9/$V9,0)) -> 0 | CR9: =INT(IFERROR( CK9/$V9,0)) -> 0 | CS9: =INT(IFERROR( CL9/$V9,0)) -> 0 | CT9: =INT(IFERROR( AE9-CQ9-CU9-CR9,0)) -> 0 | CU9: =INT(IFERROR( AC9-CR9,0)) -> 0 | CV9: =INT(IFERROR( AD9-CS9,0)) -> 0 | CX9: 67 | CY9: =INT(60/CX9*60*(12-(CEILING((60/CX9*60*12)/E9,1)*IF(CW9="T",0.45,IF(CW9="",5,3))/60))) -> 282 | CZ9: =IF(CX9="",0,(IF(CW9="",360,180)/(60/CX9))*1.35) -> 542.7 | DE9: =IFERROR(CQ9+CR9,"") -> 0 | DF9: =IFERROR(AL9,"") -> 0 | DG9: =IFERROR(AZ9,"") -> 0 | DH9: =IFERROR(CT9+CU9,"") -> 0 | DI9: =IFERROR(BF9,"") -> 0 | DJ9: =IFERROR(BT9,"") -> 0 | DK9: =IFERROR(DE9+DH9,"") -> 0 | DL9: =IFERROR(DF9+DI9,"") -> 0 | DM9: =IFERROR(DG9+DJ9,"") -> 0 | DN9: =T9 -> 0 | DO9: =U9 -> 0 | DW9: =IFERROR(BU9+BV9,"") -> 0 | DX9: =IFERROR(DK9+DL9+DM9,"") -> 0 | DY9: =CQ9+CR9+CS9+CT9+CU9+CV9 -> 0 | DZ9: =IFERROR((AD9*V9/1000),0) -> 0 | EA9: =IFERROR((AE9*V9/1000),0) -> 0 | EB9: =BX9-EA9 -> 0 | EC9: =(BX9-CA9)+((AV9+BP9)/1000) -> 0
A10: 3 | B10: C03 | D10: SM04 | E10: 70 | F10: D | G10: =CONCATENATE(K10,J10,"-",IF(N10="D",L10,IF(N10="H",CONCATENATE(N10,L10),CONCATENATE(N10,L10,"x",M10))),"x",P10,"-",O10,R10) -> GWA6063-T5-17x3-H9B15 | H10: =CONCATENATE(J10,,K10,L10,M10,N10,O10) -> A6063-T5GW170DH9 | I10: =CONCATENATE(J10,K10,L10,M10,N10,O10,P10,R10) -> A6063-T5GW170DH93B15 | J10: A6063-T5 | K10: GW | L10: 17 | M10: 0 | N10: D | O10: H9 | P10: 3 | Q10: 1.832 | R10: B15 | S10: =ROUND(CY10/E10,0)*2 -> 22 | T10: 6 | U10: 20 | V10: 10.1 | W10: =IF(V10="","",INT((AO10+BI10)/$V10)) -> 0 | X10: =IF(V10="","",INT((AP10+BJ10)/$V10)) -> 1445 | Y10: =IF(V10="","",INT((AQ10+BK10)/$V10)) -> 0 | Z10: =IF(V10="","",INT((AR10+BL10)/$V10)) -> 0 | AA10: =IF(V10="","",INT((AS10+BM10)/$V10)) -> 0 | AB10: =IF(V10="","",INT((AT10+BN10)/$V10)) -> 0 | AC10: =IF(V10="","",INT((AU10+BO10)/$V10)) -> 0 | AD10: =IF(V10="","",INT((AV10+BP10)/$V10)) -> 14 | AE10: =IF(V10="","",SUM(W10:AC10)) -> 1445 | AF10: =AE10 -> 1445 | AG10: =T10 -> 6 | AH10: =IFERROR(VALUE("0"&RIGHT(AG10,(LEN(AG10)-LEN(TRUNC(AG10))))),"") -> 0 | AI10: 9 | AJ10: =$CI10 -> 0 | AK10: =IF(V10="","",IF(AJ10=0,1,AJ10/$V10/$E10)) -> 1 | AL10: =IF(V10="","",MAX(ROUNDUP((IF(AI10+AJ10=0,0,AH10)+AI10+AK10-1),2),0)) -> 9 | AM10: =IF(V10="","",AG10+U10-AL10) -> 17 | AP10: =$CJ10 -> 5900 | AU10: =CK10 -> 0 | AV10: =CL10 -> 0 | AW10: =SUM(AO10:AV10) -> 5900 | AX10: =IF(V10="","",INT(AW10/$V10)) -> 584 | AY10: =IF(V10="","",AW10-AL10*$E10*$V10) -> -463 | AZ10: =IF($V10="","",AY10/$V10) -> -45.841584 | BA10: =AM10 -> 17 | BB10: =VALUE("0"&RIGHT(BA10,(LEN(BA10)-LEN(TRUNC(BA10))))) -> 0 | BC10: 13 | BD10: =$CM10 -> 0 | BE10: =IF(AA10="","",IF(BD10=0,1,BD10/$V10/$E10)) -> 1 | BF10: =IF(V10="","",MAX(ROUNDUP((IF(BC10+BD10=0,0,BB10)+BC10+BE10-1),2),0)) -> 13 | BG10: =IF(AA10="","",BA10-BF10) -> 4 | BJ10: =$CN10 -> 8700 | BO10: =CO10 -> 0 | BP10: =CP10 -> 145 | BQ10: =SUM(BI10:BP10) -> 8845 | BR10: =IF(AA10="","",INT(BQ10/$V10)) -> 875 | BS10: =IF(AA10="","",-BF10*$E10*$V10+BQ10) -> -346 | BT10: =IF($V10="","",BS10/$V10) -> -34.257426 | BU10: =IFERROR(AE10,"") -> 1445 | BV10: =IFERROR(BF10+AL10,"") -> 22 | BW10: =IFERROR(BT10+AZ10,"") -> -80.09901 | BX10: =IF($Q10="","",(BF10+AL10)*$Q10) -> 40.304 | BY10: =IFERROR(BF10+AL10,0) -> 22 | BZ10: =BY10 -> 22 | CA10: =IFERROR((BQ10+AW10)/1000,"") -> 14.745 | CB10: =IFERROR(BR10+AX10,"") -> 1459 | CC10: =IFERROR(BS10+AY10,"") -> -809 | CD10: =IFERROR(BT10+AZ10,"") -> -80.09901 | CG10: =IF(BX10="",0,(BX10-CA10)+((AV10+BP10)/1000)) -> 25.704 | CH10: =CG10 -> 25.704 | CJ10: 5900 | CN10: 8700 | CP10: 145 | CQ10: =INT(IFERROR( CJ10/$V10,0)) -> 584 | CR10: =INT(IFERROR( CK10/$V10,0)) -> 0 | CS10: =INT(IFERROR( CL10/$V10,0)) -> 0 | CT10: =INT(IFERROR( AE10-CQ10-CU10-CR10,0)) -> 861 | CU10: =INT(IFERROR( AC10-CR10,0)) -> 0 | CV10: =INT(IFERROR( AD10-CS10,0)) -> 14 | CX10: 51 | CY10: =INT(60/CX10*60*(12-(CEILING((60/CX10*60*12)/E10,1)*IF(CW10="T",0.45,IF(CW10="",5,3))/60))) -> 770 | CZ10: =IF(CX10="",0,(IF(CW10="",360,180)/(60/CX10))*1.35) -> 413.1 | DE10: =IFERROR(CQ10+CR10,"") -> 584 | DF10: =IFERROR(AL10,"") -> 9 | DG10: =IFERROR(AZ10,"") -> -45.841584 | DH10: =IFERROR(CT10+CU10,"") -> 861 | DI10: =IFERROR(BF10,"") -> 13 | DJ10: =IFERROR(BT10,"") -> -34.257426 | DK10: =IFERROR(DE10+DH10,"") -> 1445 | DL10: =IFERROR(DF10+DI10,"") -> 22 | DM10: =IFERROR(DG10+DJ10,"") -> -80.09901 | DN10: =T10 -> 6 | DO10: =U10 -> 20 | DR10: B15C030515 | DW10: =IFERROR(AL10+BF10,"") -> 22 | DX10: =IFERROR(DK10+DL10+DM10,"") -> 1386.901 | DY10: =CQ10+CR10+CS10+CT10+CU10+CV10 -> 1459 | DZ10: =IFERROR((AD10*V10/1000),0) -> 0.1414 | EA10: =IFERROR((AE10*V10/1000),0) -> 14.5945 | EB10: =BX10-EA10 -> 25.7095 | EC10: =(BX10-CA10)+((AV10+BP10)/1000) -> 25.704 | EF10: =DG10+DJ10 -> -80.09901
A11: 4 | B11: C04 | D11: 020 | E11: 283 | F11: B | G11: =CONCATENATE(K11,J11,"-",IF(N11="D",L11,IF(N11="H",CONCATENATE(N11,L11),CONCATENATE(N11,L11,"x",M11))),"x",P11,"-",O11,R11) -> TV12L14-11x2.5-H9C14 | H11: =CONCATENATE(J11,,K11,L11,M11,N11,O11) -> 12L14TV110DH9 | I11: =CONCATENATE(J11,K11,L11,M11,N11,O11,P11,R11) -> 12L14TV110DH92.5C14 | J11: 12L14 | K11: TV | L11: 11 | M11: 0 | N11: D | O11: H9 | P11: 2.5 | R11: C14 | S11: =ROUND(CY11/E11,0)*2 -> 12 | T11: 0.71 | U11: 20 | V11: 2 | W11: =IF(V11="","",INT((AO11+BI11)/$V11)) -> 0 | X11: =IF(V11="","",INT((AP11+BJ11)/$V11)) -> 1673 | Y11: =IF(V11="","",INT((AQ11+BK11)/$V11)) -> 0 | Z11: =IF(V11="","",INT((AR11+BL11)/$V11)) -> 0 | AA11: =IF(V11="","",INT((AS11+BM11)/$V11)) -> 0 | AB11: =IF(V11="","",INT((AT11+BN11)/$V11)) -> 0 | AC11: =IF(V11="","",INT((AU11+BO11)/$V11)) -> 0 | AD11: =IF(V11="","",INT((AV11+BP11)/$V11)) -> 0 | AE11: =IF(V11="","",SUM(W11:AC11)) -> 1673 | AF11: =AE11 -> 1673 | AG11: =T11 -> 0.71 | AH11: =IFERROR(VALUE("0"&RIGHT(AG11,(LEN(AG11)-LEN(TRUNC(AG11))))),"") -> 0.71 | AI11: 6 | AJ11: =$CI11 -> 0 | AK11: =IF(V11="","",IF(AJ11=0,1,AJ11/$V11/$E11)) -> 1 | AL11: =IF(V11="","",MAX(ROUNDUP((IF(AI11+AJ11=0,0,AH11)+AI11+AK11-1),2),0)) -> 6.71 | AM11: =IF(V11="","",AG11+U11-AL11) -> 14 | AP11: =$CJ11 -> 3347 | AU11: =CK11 -> 0 | AV11: =CL11 -> 0 | AW11: =SUM(AO11:AV11) -> 3347 | AX11: =IF(V11="","",INT(AW11/$V11)) -> 1673 | AY11: =IF(V11="","",AW11-AL11*$E11*$V11) -> -450.86 | AZ11: =IF($V11="","",AY11/$V11) -> -225.43 | BA11: =AM11 -> 14 | BB11: =VALUE("0"&RIGHT(BA11,(LEN(BA11)-LEN(TRUNC(BA11))))) -> 0 | BD11: =$CM11 -> 0 | BE11: =IF(AA11="","",IF(BD11=0,1,BD11/$V11/$E11)) -> 1 | BF11: =IF(V11="","",MAX(ROUNDUP((IF(BC11+BD11=0,0,BB11)+BC11+BE11-1),2),0)) -> 0 | BG11: =IF(AA11="","",BA11-BF11) -> 14 | BJ11: =$CN11 -> 0 | BO11: =CO11 -> 0 | BP11: =CP11 -> 0 | BQ11: =SUM(BI11:BP11) -> 0 | BR11: =IF(AA11="","",INT(BQ11/$V11)) -> 0 | BS11: =IF(AA11="","",-BF11*$E11*$V11+BQ11) -> 0 | BT11: =IF($V11="","",BS11/$V11) -> 0 | BU11: =IFERROR(AE11,"") -> 1673 | BV11: =IFERROR(BF11+AL11,"") -> 6.71 | BW11: =IFERROR(BT11+AZ11,"") -> -225.43 | BX11: =IF($Q11="","",(BF11+AL11)*$Q11) | BY11: =IFERROR(BF11+AL11,0) -> 6.71 | BZ11: =BY11 -> 6.71 | CA11: =IFERROR((BQ11+AW11)/1000,"") -> 3.347 | CB11: =IFERROR(BR11+AX11,"") -> 1673 | CC11: =IFERROR(BS11+AY11,"") -> -450.86 | CD11: =IFERROR(BT11+AZ11,"") -> -225.43 | CG11: =IF(BX11="",0,(BX11-CA11)+((AV11+BP11)/1000)) -> 0 | CH11: =CG11 -> 0 | CJ11: 3347 | CQ11: =INT(IFERROR( CJ11/$V11,0)) -> 1673 | CR11: =INT(IFERROR( CK11/$V11,0)) -> 0 | CS11: =INT(IFERROR( CL11/$V11,0)) -> 0 | CT11: =INT(IFERROR( AE11-CQ11-CU11-CR11,0)) -> 0 | CU11: =INT(IFERROR( AC11-CR11,0)) -> 0 | CV11: =INT(IFERROR( AD11-CS11,0)) -> 0 | CX11: 25 | CY11: =INT(60/CX11*60*(12-(CEILING((60/CX11*60*12)/E11,1)*IF(CW11="T",0.45,IF(CW11="",5,3))/60))) -> 1644 | CZ11: =IF(CX11="",0,(IF(CW11="",360,180)/(60/CX11))*1.35) -> 202.5 | DE11: =IFERROR(CQ11+CR11,"") -> 1673 | DF11: =IFERROR(AL11,"") -> 6.71 | DG11: =IFERROR(AZ11,"") -> -225.43 | DH11: =IFERROR(CT11+CU11,"") -> 0 | DI11: =IFERROR(BF11,"") -> 0 | DJ11: =IFERROR(BT11,"") -> 0 | DK11: =IFERROR(DE11+DH11,"") -> 1673 | DL11: =IFERROR(DF11+DI11,"") -> 6.71 | DM11: =IFERROR(DG11+DJ11,"") -> -225.43 | DN11: 0 | DO11: =U11 -> 20 | DR11: C14C120515 | DW11: =IFERROR(BU11+BV11,"") -> 1679.71 | DX11: =IFERROR(DK11+DL11+DM11,"") -> 1454.28 | DY11: =CQ11+CR11+CS11+CT11+CU11+CV11 -> 1673 | DZ11: =IFERROR((AD11*V11/1000),0) -> 0 | EA11: =IFERROR((AE11*V11/1000),0) -> 3.346 | EB11: =BX11-EA11 -> #VALUE! | EC11: =(BX11-CA11)+((AV11+BP11)/1000) -> #VALUE! | EF11: =DG11+DJ11 -> -225.43
A12: 5 | B12: C05 | D12: 10620 | E12: 127 | F12: A | G12: =CONCATENATE(K12,J12,"-",IF(N12="D",L12,IF(N12="H",CONCATENATE(N12,L12),CONCATENATE(N12,L12,"x",M12))),"x",P12,"-",O12,R12) -> DCC3604-10x3-H9B12 | H12: =CONCATENATE(J12,,K12,L12,M12,N12,O12) -> C3604DC100DH9 | I12: =CONCATENATE(J12,K12,L12,M12,N12,O12,P12,R12) -> C3604DC100DH93B12 | J12: C3604 | K12: DC | L12: 10 | M12: 0 | N12: D | O12: H9 | P12: 3 | Q12: 2 | R12: B12 | S12: =ROUND(CY12/E12,0)*2 -> 26 | T12: 0 | V12: 7.46 | W12: =IF(V12="","",INT((AO12+BI12)/$V12)) -> 0 | X12: =IF(V12="","",INT((AP12+BJ12)/$V12)) -> 0 | Y12: =IF(V12="","",INT((AQ12+BK12)/$V12)) -> 0 | Z12: =IF(V12="","",INT((AR12+BL12)/$V12)) -> 0 | AA12: =IF(V12="","",INT((AS12+BM12)/$V12)) -> 0 | AB12: =IF(V12="","",INT((AT12+BN12)/$V12)) -> 0 | AC12: =IF(V12="","",INT((AU12+BO12)/$V12)) -> 0 | AD12: =IF(V12="","",INT((AV12+BP12)/$V12)) -> 0 | AE12: =IF(V12="","",SUM(W12:AC12)) -> 0 | AF12: =AE12 -> 0 | AG12: =T12 -> 0 | AH12: =IFERROR(VALUE("0"&RIGHT(AG12,(LEN(AG12)-LEN(TRUNC(AG12))))),"") -> 0 | AJ12: =$CI12 -> 0 | AK12: =IF(V12="","",IF(AJ12=0,1,AJ12/$V12/$E12)) -> 1 | AL12: =IF(V12="","",MAX(ROUNDUP((IF(AI12+AJ12=0,0,AH12)+AI12+AK12-1),2),0)) -> 0 | AM12: =IF(V12="","",AG12+U12-AL12) -> 0 | AP12: =$CJ12 -> 0 | AU12: =CK12 -> 0 | AV12: =CL12 -> 0 | AW12: =SUM(AO12:AV12) -> 0 | AX12: =IF(V12="","",INT(AW12/$V12)) -> 0 | AY12: =IF(V12="","",AW12-AL12*$E12*$V12) -> 0 | AZ12: =IF($V12="","",AY12/$V12) -> 0 | BA12: =AM12 -> 0 | BB12: =VALUE("0"&RIGHT(BA12,(LEN(BA12)-LEN(TRUNC(BA12))))) -> 0 | BD12: =$CM12 -> 0 | BE12: =IF(AA12="","",IF(BD12=0,1,BD12/$V12/$E12)) -> 1 | BF12: =IF(V12="","",MAX(ROUNDUP((IF(BC12+BD12=0,0,BB12)+BC12+BE12-1),2),0)) -> 0 | BG12: =IF(AA12="","",BA12-BF12) -> 0 | BJ12: =$CN12 -> 0 | BO12: =CO12 -> 0 | BP12: =CP12 -> 0 | BQ12: =SUM(BI12:BP12) -> 0 | BR12: =IF(AA12="","",INT(BQ12/$V12)) -> 0 | BS12: =IF(AA12="","",-BF12*$E12*$V12+BQ12) -> 0 | BT12: =IF($V12="","",BS12/$V12) -> 0 | BU12: =IFERROR(AE12,"") -> 0 | BV12: =IFERROR(BF12+AL12,"") -> 0 | BW12: =IFERROR(BT12+AZ12,"") -> 0 | BX12: =IF($Q12="","",(BF12+AL12)*$Q12) -> 0 | BY12: =IFERROR(BF12+AL12,0) -> 0 | BZ12: =BY12 -> 0 | CA12: =IFERROR((BQ12+AW12)/1000,"") -> 0 | CB12: =IFERROR(BR12+AX12,"") -> 0 | CC12: =IFERROR(BS12+AY12,"") -> 0 | CD12: =IFERROR(BT12+AZ12,"") -> 0 | CG12: =IF(BX12="",0,(BX12-CA12)+((AV12+BP12)/1000)) -> 0 | CH12: =CG12 -> 0 | CQ12: =INT(IFERROR( CJ12/$V12,0)) -> 0 | CR12: =INT(IFERROR( CK12/$V12,0)) -> 0 | CS12: =INT(IFERROR( CL12/$V12,0)) -> 0 | CT12: =INT(IFERROR( AE12-CQ12-CU12-CR12,0)) -> 0 | CU12: =INT(IFERROR( AC12-CR12,0)) -> 0 | CV12: =INT(IFERROR( AD12-CS12,0)) -> 0 | CX12: 24 | CY12: =INT(60/CX12*60*(12-(CEILING((60/CX12*60*12)/E12,1)*IF(CW12="T",0.45,IF(CW12="",5,3))/60))) -> 1612 | CZ12: =IF(CX12="",0,(IF(CW12="",360,180)/(60/CX12))*1.35) -> 194.4 | DE12: =IFERROR(CQ12+CR12,"") -> 0 | DF12: =IFERROR(AL12,"") -> 0 | DG12: =IFERROR(AZ12,"") -> 0 | DH12: =IFERROR(CT12+CU12,"") -> 0 | DI12: =IFERROR(BF12,"") -> 0 | DJ12: =IFERROR(BT12,"") -> 0 | DK12: =IFERROR(DE12+DH12,"") -> 0 | DL12: =IFERROR(DF12+DI12,"") -> 0 | DM12: =IFERROR(DG12+DJ12,"") -> 0 | DN12: =T12 -> 0 | DO12: =U12 -> 0 | DW12: =IFERROR(BU12+BV12,"") -> 0 | DX12: =IFERROR(DK12+DL12+DM12,"") -> 0 | DY12: =CQ12+CR12+CS12+CT12+CU12+CV12 -> 0 | DZ12: =IFERROR((AD12*V12/1000),0) -> 0 | EA12: =IFERROR((AE12*V12/1000),0) -> 0 | EB12: =BX12-EA12 -> 0 | EC12: =(BX12-CA12)+((AV12+BP12)/1000) -> 0
A13: 6 | B13: C06 | D13: 10620 | E13: 127 | F13: D | G13: =CONCATENATE(K13,J13,"-",IF(N13="D",L13,IF(N13="H",CONCATENATE(N13,L13),CONCATENATE(N13,L13,"x",M13))),"x",P13,"-",O13,R13) -> DCC3604-10x3-H9B12 | H13: =CONCATENATE(J13,,K13,L13,M13,N13,O13) -> C3604DC100DH9 | I13: =CONCATENATE(J13,K13,L13,M13,N13,O13,P13,R13) -> C3604DC100DH93B12 | J13: C3604 | K13: DC | L13: 10 | M13: 0 | N13: D | O13: H9 | P13: 3 | Q13: 2 | R13: B12 | S13: =ROUND(CY13/E13,0)*2 -> 40 | T13: 0 | U13: 15 | V13: 7.64 | W13: =IF(V13="","",INT((AO13+BI13)/$V13)) -> 0 | X13: =IF(V13="","",INT((AP13+BJ13)/$V13)) -> 1093 | Y13: =IF(V13="","",INT((AQ13+BK13)/$V13)) -> 0 | Z13: =IF(V13="","",INT((AR13+BL13)/$V13)) -> 0 | AA13: =IF(V13="","",INT((AS13+BM13)/$V13)) -> 0 | AB13: =IF(V13="","",INT((AT13+BN13)/$V13)) -> 0 | AC13: =IF(V13="","",INT((AU13+BO13)/$V13)) -> 0 | AD13: =IF(V13="","",INT((AV13+BP13)/$V13)) -> 89 | AE13: =IF(V13="","",SUM(W13:AC13)) -> 1093 | AF13: =AE13 -> 1093 | AG13: =T13 -> 0 | AH13: =IFERROR(VALUE("0"&RIGHT(AG13,(LEN(AG13)-LEN(TRUNC(AG13))))),"") -> 0 | AI13: 4 | AJ13: =$CI13 -> 0 | AK13: =IF(V13="","",IF(AJ13=0,1,AJ13/$V13/$E13)) -> 1 | AL13: =IF(V13="","",MAX(ROUNDUP((IF(AI13+AJ13=0,0,AH13)+AI13+AK13-1),2),0)) -> 4 | AM13: =IF(V13="","",AG13+U13-AL13) -> 11 | AP13: =$CJ13 -> 3962 | AU13: =CK13 -> 0 | AV13: =CL13 -> 298 | AW13: =SUM(AO13:AV13) -> 4260 | AX13: =IF(V13="","",INT(AW13/$V13)) -> 557 | AY13: =IF(V13="","",AW13-AL13*$E13*$V13) -> 378.88 | AZ13: =IF($V13="","",AY13/$V13) -> 49.591623 | BA13: =AM13 -> 11 | BB13: =VALUE("0"&RIGHT(BA13,(LEN(BA13)-LEN(TRUNC(BA13))))) -> 0 | BC13: 5 | BD13: =$CM13 -> 0 | BE13: =IF(AA13="","",IF(BD13=0,1,BD13/$V13/$E13)) -> 1 | BF13: =IF(V13="","",MAX(ROUNDUP((IF(BC13+BD13=0,0,BB13)+BC13+BE13-1),2),0)) -> 5 | BG13: =IF(AA13="","",BA13-BF13) -> 6 | BJ13: =$CN13 -> 4389 | BO13: =CO13 -> 0 | BP13: =CP13 -> 384 | BQ13: =SUM(BI13:BP13) -> 4773 | BR13: =IF(AA13="","",INT(BQ13/$V13)) -> 624 | BS13: =IF(AA13="","",-BF13*$E13*$V13+BQ13) -> -78.4 | BT13: =IF($V13="","",BS13/$V13) -> -10.26178 | BU13: =IFERROR(AE13,"") -> 1093 | BV13: =IFERROR(BF13+AL13,"") -> 9 | BW13: =IFERROR(BT13+AZ13,"") -> 39.329843 | BX13: =IF($Q13="","",(BF13+AL13)*$Q13) -> 18 | BY13: =IFERROR(BF13+AL13,0) -> 9 | BZ13: =BY13 -> 9 | CA13: =IFERROR((BQ13+AW13)/1000,"") -> 9.033 | CB13: =IFERROR(BR13+AX13,"") -> 1181 | CC13: =IFERROR(BS13+AY13,"") -> 300.48 | CD13: =IFERROR(BT13+AZ13,"") -> 39.329843 | CG13: =IF(BX13="",0,(BX13-CA13)+((AV13+BP13)/1000)) -> 9.649 | CH13: =CG13 -> 9.649 | CJ13: 3962 | CL13: 298 | CN13: 4389 | CP13: 384 | CQ13: =INT(IFERROR( CJ13/$V13,0)) -> 518 | CR13: =INT(IFERROR( CK13/$V13,0)) -> 0 | CS13: =INT(IFERROR( CL13/$V13,0)) -> 39 | CT13: =INT(IFERROR( AE13-CQ13-CU13-CR13,0)) -> 575 | CU13: =INT(IFERROR( AC13-CR13,0)) -> 0 | CV13: =INT(IFERROR( AD13-CS13,0)) -> 50 | CX13: 14 | CY13: =INT(60/CX13*60*(12-(CEILING((60/CX13*60*12)/E13,1)*IF(CW13="T",0.45,IF(CW13="",5,3))/60))) -> 2550 | CZ13: =IF(CX13="",0,(IF(CW13="",360,180)/(60/CX13))*1.35) -> 113.4 | DE13: =IFERROR(CQ13+CR13,"") -> 518 | DF13: =IFERROR(AL13,"") -> 4 | DG13: =IFERROR(AZ13,"") -> 49.591623 | DH13: =IFERROR(CT13+CU13,"") -> 575 | DI13: =IFERROR(BF13,"") -> 5 | DJ13: =IFERROR(BT13,"") -> -10.26178 | DK13: =IFERROR(DE13+DH13,"") -> 1093 | DL13: =IFERROR(DF13+DI13,"") -> 9 | DM13: =IFERROR(DG13+DJ13,"") -> 39.329843 | DN13: =T13 -> 0 | DO13: =U13 -> 15 | DR13: B15C060515 | DW13: =IFERROR(BU13+BV13,"") -> 1102 | DX13: =IFERROR(DK13+DL13+DM13,"") -> 1141.3298 | DY13: =CQ13+CR13+CS13+CT13+CU13+CV13 -> 1182 | DZ13: =IFERROR((AD13*V13/1000),0) -> 0.67996 | EA13: =IFERROR((AE13*V13/1000),0) -> 8.35052 | EB13: =BX13-EA13 -> 9.64948 | EC13: =(BX13-CA13)+((AV13+BP13)/1000) -> 9.649
A14: 7 | B14: C07 | D14: H7 | E14: 60 | F14: A | G14: =CONCATENATE(K14,J14,"-",IF(N14="D",L14,IF(N14="H",CONCATENATE(N14,L14),CONCATENATE(N14,L14,"x",M14))),"x",P14,"-",O14,R14) -> IBC3602-7.5x3-H9A14 | H14: =CONCATENATE(J14,,K14,L14,M14,N14,O14) -> C3602IB7.50DH9 | I14: =CONCATENATE(J14,K14,L14,M14,N14,O14,P14,R14) -> C3602IB7.50DH93A14 | J14: C3602 | K14: IB | L14: 7.5 | M14: 0 | N14: D | O14: H9 | P14: 3 | Q14: 1.122 | R14: A14 | S14: =ROUND(CY14/E14,0)*2 -> 100 | T14: 0 | V14: 10.8 | W14: =IF(V14="","",INT((AO14+BI14)/$V14)) -> 0 | X14: =IF(V14="","",INT((AP14+BJ14)/$V14)) -> 0 | Y14: =IF(V14="","",INT((AQ14+BK14)/$V14)) -> 0 | Z14: =IF(V14="","",INT((AR14+BL14)/$V14)) -> 0 | AA14: =IF(V14="","",INT((AS14+BM14)/$V14)) -> 0 | AB14: =IF(V14="","",INT((AT14+BN14)/$V14)) -> 0 | AC14: =IF(V14="","",INT((AU14+BO14)/$V14)) -> 0 | AD14: =IF(V14="","",INT((AV14+BP14)/$V14)) -> 0 | AE14: =IF(V14="","",SUM(W14:AC14)) -> 0 | AF14: =AE14 -> 0 | AG14: =T14 -> 0 | AH14: =IFERROR(VALUE("0"&RIGHT(AG14,(LEN(AG14)-LEN(TRUNC(AG14))))),"") -> 0 | AJ14: =$CI14 -> 0 | AK14: =IF(V14="","",IF(AJ14=0,1,AJ14/$V14/$E14)) -> 1 | AL14: =IF(V14="","",MAX(ROUNDUP((IF(AI14+AJ14=0,0,AH14)+AI14+AK14-1),2),0)) -> 0 | AM14: =IF(V14="","",AG14+U14-AL14) -> 0 | AT14: =$CJ14 -> 0 | AU14: =CK14 -> 0 | AV14: =CL14 -> 0 | AW14: =SUM(AO14:AV14) -> 0 | AX14: =IF(V14="","",INT(AW14/$V14)) -> 0 | AY14: =IF(V14="","",AW14-AL14*$E14*$V14) -> 0 | AZ14: =IF($V14="","",AY14/$V14) -> 0 | BA14: =AM14 -> 0 | BB14: =VALUE("0"&RIGHT(BA14,(LEN(BA14)-LEN(TRUNC(BA14))))) -> 0 | BD14: =$CM14 -> 0 | BE14: =IF(AA14="","",IF(BD14=0,1,BD14/$V14/$E14)) -> 1 | BF14: =IF(V14="","",MAX(ROUNDUP((IF(BC14+BD14=0,0,BB14)+BC14+BE14-1),2),0)) -> 0 | BG14: =IF(AA14="","",BA14-BF14) -> 0 | BN14: =$CN14 -> 0 | BO14: =CO14 -> 0 | BP14: =CP14 -> 0 | BQ14: =SUM(BI14:BP14) -> 0 | BR14: =IF(AA14="","",INT(BQ14/$V14)) -> 0 | BS14: =IF(AA14="","",-BF14*$E14*$V14+BQ14) -> 0 | BT14: =IF($V14="","",BS14/$V14) -> 0 | BU14: =IFERROR(AE14,"") -> 0 | BV14: =IFERROR(BF14+AL14,"") -> 0 | BW14: =IFERROR(BT14+AZ14,"") -> 0 | BX14: =IF($Q14="","",(BF14+AL14)*$Q14) -> 0 | BY14: =IFERROR(BF14+AL14,0) -> 0 | BZ14: =BY14 -> 0 | CA14: =IFERROR((BQ14+AW14)/1000,"") -> 0 | CB14: =IFERROR(BR14+AX14,"") -> 0 | CC14: =IFERROR(BS14+AY14,"") -> 0 | CD14: =IFERROR(BT14+AZ14,"") -> 0 | CG14: =IF(BX14="",0,(BX14-CA14)+((AV14+BP14)/1000)) -> 0 | CH14: =CG14 -> 0 | CQ14: =INT(IFERROR( CJ14/$V14,0)) -> 0 | CR14: =INT(IFERROR( CK14/$V14,0)) -> 0 | CS14: =INT(IFERROR( CL14/$V14,0)) -> 0 | CT14: =INT(IFERROR( AE14-CQ14-CU14-CR14,0)) -> 0 | CU14: =INT(IFERROR( AC14-CR14,0)) -> 0 | CV14: =INT(IFERROR( AD14-CS14,0)) -> 0 | CW14: T | CX14: 14 | CY14: =INT(60/CX14*60*(12-(CEILING((60/CX14*60*12)/E14,1)*IF(CW14="T",0.45,IF(CW14="",5,3))/60))) -> 2985 | CZ14: =IF(CX14="",0,(IF(CW14="",360,180)/(60/CX14))*1.35) -> 56.7 | DE14: =IFERROR(CQ14+CR14,"") -> 0 | DF14: =IFERROR(AL14,"") -> 0 | DG14: =IFERROR(AZ14,"") -> 0 | DH14: =IFERROR(CT14+CU14,"") -> 0 | DI14: =IFERROR(BF14,"") -> 0 | DJ14: =IFERROR(BT14,"") -> 0 | DK14: =IFERROR(DE14+DH14,"") -> 0 | DL14: =IFERROR(DF14+DI14,"") -> 0 | DM14: =IFERROR(DG14+DJ14,"") -> 0 | DN14: =T14 -> 0 | DO14: =U14 -> 0 | DW14: =IFERROR(BU14+BV14,"") -> 0 | DX14: =IFERROR(DK14+DL14+DM14,"") -> 0 | DY14: =CQ14+CR14+CS14+CT14+CU14+CV14 -> 0 | DZ14: =IFERROR((AD14*V14/1000),0) -> 0 | EA14: =IFERROR((AE14*V14/1000),0) -> 0 | EB14: =BX14-EA14 -> 0 | EC14: =(BX14-CA14)+((AV14+BP14)/1000) -> 0
A15: 8 | B15: C08 | D15: S5 | E15: 30 | F15: B | G15: =CONCATENATE(K15,J15,"-",IF(N15="D",L15,IF(N15="H",CONCATENATE(N15,L15),CONCATENATE(N15,L15,"x",M15))),"x",P15,"-",O15,R15) -> TV12L14-H6x2.5-H11A14 | H15: =CONCATENATE(J15,,K15,L15,M15,N15,O15) -> 12L14TV60HH11 | I15: =CONCATENATE(J15,K15,L15,M15,N15,O15,P15,R15) -> 12L14TV60HH112.5A14 | J15: 12L14 | K15: TV | L15: 6 | M15: 0 | N15: H | O15: H11 | P15: 2.5 | Q15: 0.606 | R15: A14 | S15: =ROUND(CY15/E15,0)*2 -> 50 | T15: 0 | V15: 16.15 | W15: =IF(V15="","",INT((AO15+BI15)/$V15)) -> 0 | X15: =IF(V15="","",INT((AP15+BJ15)/$V15)) -> 0 | Y15: =IF(V15="","",INT((AQ15+BK15)/$V15)) -> 0 | Z15: =IF(V15="","",INT((AR15+BL15)/$V15)) -> 0 | AA15: =IF(V15="","",INT((AS15+BM15)/$V15)) -> 0 | AB15: =IF(V15="","",INT((AT15+BN15)/$V15)) -> 0 | AC15: =IF(V15="","",INT((AU15+BO15)/$V15)) -> 0 | AD15: =IF(V15="","",INT((AV15+BP15)/$V15)) -> 0 | AE15: =IF(V15="","",SUM(W15:AC15)) -> 0 | AF15: =AE15 -> 0 | AG15: =T15 -> 0 | AH15: =IFERROR(VALUE("0"&RIGHT(AG15,(LEN(AG15)-LEN(TRUNC(AG15))))),"") -> 0 | AJ15: =$CI15 -> 0 | AK15: =IF(V15="","",IF(AJ15=0,1,AJ15/$V15/$E15)) -> 1 | AL15: =IF(V15="","",MAX(ROUNDUP((IF(AI15+AJ15=0,0,AH15)+AI15+AK15-1),2),0)) -> 0 | AM15: =IF(V15="","",AG15+U15-AL15) -> 0 | AO15: =$CJ15 -> 0 | AU15: =CK15 -> 0 | AV15: =CL15 -> 0 | AW15: =SUM(AO15:AV15) -> 0 | AX15: =IF(V15="","",INT(AW15/$V15)) -> 0 | AY15: =IF(V15="","",AW15-AL15*$E15*$V15) -> 0 | AZ15: =IF($V15="","",AY15/$V15) -> 0 | BA15: =AM15 -> 0 | BB15: =VALUE("0"&RIGHT(BA15,(LEN(BA15)-LEN(TRUNC(BA15))))) -> 0 | BD15: =$CM15 -> 0 | BE15: =IF(AA15="","",IF(BD15=0,1,BD15/$V15/$E15)) -> 1 | BF15: =IF(V15="","",MAX(ROUNDUP((IF(BC15+BD15=0,0,BB15)+BC15+BE15-1),2),0)) -> 0 | BG15: =IF(AA15="","",BA15-BF15) -> 0 | BI15: =$CN15 -> 0 | BO15: =CO15 -> 0 | BP15: =CP15 -> 0 | BQ15: =SUM(BI15:BP15) -> 0 | BR15: =IF(AA15="","",INT(BQ15/$V15)) -> 0 | BS15: =IF(AA15="","",-BF15*$E15*$V15+BQ15) -> 0 | BT15: =IF($V15="","",BS15/$V15) -> 0 | BU15: =IFERROR(AE15,"") -> 0 | BV15: =IFERROR(BF15+AL15,"") -> 0 | BW15: =IFERROR(BT15+AZ15,"") -> 0 | BX15: =IF($Q15="","",(BF15+AL15)*$Q15) -> 0 | BY15: =IFERROR(BF15+AL15,0) -> 0 | BZ15: =BY15 -> 0 | CA15: =IFERROR((BQ15+AW15)/1000,"") -> 0 | CB15: =IFERROR(BR15+AX15,"") -> 0 | CC15: =IFERROR(BS15+AY15,"") -> 0 | CD15: =IFERROR(BT15+AZ15,"") -> 0 | CG15: =IF(BX15="",0,(BX15-CA15)+((AV15+BP15)/1000)) -> 0 | CH15: =CG15 -> 0 | CQ15: =INT(IFERROR( CJ15/$V15,0)) -> 0 | CR15: =INT(IFERROR( CK15/$V15,0)) -> 0 | CS15: =INT(IFERROR( CL15/$V15,0)) -> 0 | CT15: =INT(IFERROR( AE15-CQ15-CU15-CR15,0)) -> 0 | CU15: =INT(IFERROR( AC15-CR15,0)) -> 0 | CV15: =INT(IFERROR( AD15-CS15,0)) -> 0 | CX15: 45 | CY15: =INT(60/CX15*60*(12-(CEILING((60/CX15*60*12)/E15,1)*IF(CW15="T",0.45,IF(CW15="",5,3))/60))) -> 746 | CZ15: =IF(CX15="",0,(IF(CW15="",360,180)/(60/CX15))*1.35) -> 364.5 | DE15: =IFERROR(CQ15+CR15,"") -> 0 | DF15: =IFERROR(AL15,"") -> 0 | DG15: =IFERROR(AZ15,"") -> 0 | DH15: =IFERROR(CT15+CU15,"") -> 0 | DI15: =IFERROR(BF15,"") -> 0 | DJ15: =IFERROR(BT15,"") -> 0 | DK15: =IFERROR(DE15+DH15,"") -> 0 | DL15: =IFERROR(DF15+DI15,"") -> 0 | DM15: =IFERROR(DG15+DJ15,"") -> 0 | DN15: =T15 -> 0 | DO15: =U15 -> 0 | DW15: =IFERROR(BU15+BV15,"") -> 0 | DX15: =IFERROR(DK15+DL15+DM15,"") -> 0 | DY15: =CQ15+CR15+CS15+CT15+CU15+CV15 -> 0 | DZ15: =IFERROR((AD15*V15/1000),0) -> 0 | EA15: =IFERROR((AE15*V15/1000),0) -> 0 | EB15: =BX15-EA15 -> 0 | EC15: =EB15+DZ15 -> 0 | EF15: =DG15+DJ15 -> 0
A16: 9 | B16: C09 | D16: 131100 | E16: 68 | F16: D | G16: =CONCATENATE(K16,J16,"-",IF(N16="D",L16,IF(N16="H",CONCATENATE(N16,L16),CONCATENATE(N16,L16,"x",M16))),"x",P16,"-",O16,R16) -> GWA6063-T5-T18.15x8.6x3-H9A15 | H16: =CONCATENATE(J16,,K16,L16,M16,N16,O16) -> A6063-T5GW18.158.6TH9 | I16: =CONCATENATE(J16,K16,L16,M16,N16,O16,P16,R16) -> A6063-T5GW18.158.6TH93A15 | J16: A6063-T5 | K16: GW | L16: 18.15 | M16: 8.6 | N16: T | O16: H9 | P16: 3 | Q16: 1.641 | R16: A15 | S16: =ROUND(CY16/E16,0)*2 -> 14 | T16: 0 | V16: 9.9 | W16: =IF(V16="","",INT((AO16+BI16)/$V16)) -> 0 | X16: =IF(V16="","",INT((AP16+BJ16)/$V16)) -> 0 | Y16: =IF(V16="","",INT((AQ16+BK16)/$V16)) -> 0 | Z16: =IF(V16="","",INT((AR16+BL16)/$V16)) -> 0 | AA16: =IF(V16="","",INT((AS16+BM16)/$V16)) -> 0 | AB16: =IF(V16="","",INT((AT16+BN16)/$V16)) -> 0 | AC16: =IF(V16="","",INT((AU16+BO16)/$V16)) -> 0 | AD16: =IF(V16="","",INT((AV16+BP16)/$V16)) -> 0 | AE16: =IF(V16="","",SUM(W16:AC16)) -> 0 | AF16: =AE16 -> 0 | AG16: =T16 -> 0 | AH16: =IFERROR(VALUE("0"&RIGHT(AG16,(LEN(AG16)-LEN(TRUNC(AG16))))),"") -> 0 | AJ16: =$CI16 -> 0 | AK16: =IF(V16="","",IF(AJ16=0,1,AJ16/$V16/$E16)) -> 1 | AL16: =IF(V16="","",MAX(ROUNDUP((IF(AI16+AJ16=0,0,AH16)+AI16+AK16-1),2),0)) -> 0 | AM16: =IF(V16="","",AG16+U16-AL16) -> 0 | AP16: =$CJ16 -> 0 | AU16: =CK16 -> 0 | AV16: =CL16 -> 0 | AW16: =SUM(AO16:AV16) -> 0 | AX16: =IF(V16="","",INT(AW16/$V16)) -> 0 | AY16: =IF(V16="","",AW16-AL16*$E16*$V16) -> 0 | AZ16: =IF($V16="","",AY16/$V16) -> 0 | BA16: =AM16 -> 0 | BB16: =VALUE("0"&RIGHT(BA16,(LEN(BA16)-LEN(TRUNC(BA16))))) -> 0 | BD16: =$CM16 -> 0 | BE16: =IF(AA16="","",IF(BD16=0,1,BD16/$V16/$E16)) -> 1 | BF16: =IF(V16="","",MAX(ROUNDUP((IF(BC16+BD16=0,0,BB16)+BC16+BE16-1),2),0)) -> 0 | BG16: =IF(AA16="","",BA16-BF16) -> 0 | BJ16: =$CN16 -> 0 | BO16: =CO16 -> 0 | BP16: =CP16 -> 0 | BQ16: =SUM(BI16:BP16) -> 0 | BR16: =IF(AA16="","",INT(BQ16/$V16)) -> 0 | BS16: =IF(AA16="","",-BF16*$E16*$V16+BQ16) -> 0 | BT16: =IF($V16="","",BS16/$V16) -> 0 | BU16: =IFERROR(AE16,"") -> 0 | BV16: =IFERROR(BF16+AL16,"") -> 0 | BW16: =IFERROR(BT16+AZ16,"") -> 0 | BX16: =IF($Q16="","",(BF16+AL16)*$Q16) -> 0 | BY16: =IFERROR(BF16+AL16,0) -> 0 | BZ16: =BY16 -> 0 | CA16: =IFERROR((BQ16+AW16)/1000,"") -> 0 | CB16: =IFERROR(BR16+AX16,"") -> 0 | CC16: =IFERROR(BS16+AY16,"") -> 0 | CD16: =IFERROR(BT16+AZ16,"") -> 0 | CG16: =IF(BX16="",0,(BX16-CA16)+((AV16+BP16)/1000)) -> 0 | CH16: =CG16 -> 0 | CQ16: =INT(IFERROR( CJ16/$V16,0)) -> 0 | CR16: =INT(IFERROR( CK16/$V16,0)) -> 0 | CS16: =INT(IFERROR( CL16/$V16,0)) -> 0 | CT16: =INT(IFERROR( AE16-CQ16-CU16-CR16,0)) -> 0 | CU16: =INT(IFERROR( AC16-CR16,0)) -> 0 | CV16: =INT(IFERROR( AD16-CS16,0)) -> 0 | CX16: 83.56 | CY16: =INT(60/CX16*60*(12-(CEILING((60/CX16*60*12)/E16,1)*IF(CW16="T",0.45,IF(CW16="",5,3))/60))) -> 488 | CZ16: =IF(CX16="",0,(IF(CW16="",360,180)/(60/CX16))*1.35) -> 676.836 | DE16: =IFERROR(CQ16+CR16,"") -> 0 | DF16: =IFERROR(AL16,"") -> 0 | DG16: =IFERROR(AZ16,"") -> 0 | DH16: =IFERROR(CT16+CU16,"") -> 0 | DI16: =IFERROR(BF16,"") -> 0 | DJ16: =IFERROR(BT16,"") -> 0 | DK16: =IFERROR(DE16+DH16,"") -> 0 | DL16: =IFERROR(DF16+DI16,"") -> 0 | DM16: =IFERROR(DG16+DJ16,"") -> 0 | DN16: =T16 -> 0 | DO16: =U16 -> 0 | DW16: =IFERROR(AL16+BF16,"") -> 0 | DX16: =IFERROR(DK16+DL16+DM16,"") -> 0 | DY16: =CQ16+CR16+CS16+CT16+CU16+CV16 -> 0 | DZ16: =IFERROR((AD16*V16/1000),0) -> 0 | EA16: =IFERROR((AE16*V16/1000),0) -> 0 | EB16: =BX16-EA16 -> 0 | EC16: =EB16+DZ16 -> 0 | EF16: =DG16+DJ16 -> 0
A17: 10 | B17: C10 | D17: 31100 | E17: 91 | F17: D | G17: =CONCATENATE(K17,J17,"-",IF(N17="D",L17,IF(N17="H",CONCATENATE(N17,L17),CONCATENATE(N17,L17,"x",M17))),"x",P17,"-",O17,R17) -> GWA6063-T5-T18.15x8.6x3-H9A15 | H17: =CONCATENATE(J17,,K17,L17,M17,N17,O17) -> A6063-T5GW18.158.6TH9 | I17: =CONCATENATE(J17,K17,L17,M17,N17,O17,P17,R17) -> A6063-T5GW18.158.6TH93A15 | J17: A6063-T5 | K17: GW | L17: 18.15 | M17: 8.6 | N17: T | O17: H9 | P17: 3 | Q17: 1.641 | R17: A15 | S17: =ROUND(CY17/E17,0)*2 -> 14 | T17: 8 | U17: 10 | V17: 7.7 | W17: =IF(V17="","",INT((AO17+BI17)/$V17)) -> 0 | X17: =IF(V17="","",INT((AP17+BJ17)/$V17)) -> 1101 | Y17: =IF(V17="","",INT((AQ17+BK17)/$V17)) -> 0 | Z17: =IF(V17="","",INT((AR17+BL17)/$V17)) -> 0 | AA17: =IF(V17="","",INT((AS17+BM17)/$V17)) -> 0 | AB17: =IF(V17="","",INT((AT17+BN17)/$V17)) -> 0 | AC17: =IF(V17="","",INT((AU17+BO17)/$V17)) -> 0 | AD17: =IF(V17="","",INT((AV17+BP17)/$V17)) -> 0 | AE17: =IF(V17="","",SUM(W17:AC17)) -> 1101 | AF17: =AE17 -> 1101 | AG17: =T17 -> 8 | AH17: =IFERROR(VALUE("0"&RIGHT(AG17,(LEN(AG17)-LEN(TRUNC(AG17))))),"") -> 0 | AI17: 6 | AJ17: =$CI17 -> 0 | AK17: =IF(V17="","",IF(AJ17=0,1,AJ17/$V17/$E17)) -> 1 | AL17: =IF(V17="","",MAX(ROUNDUP((IF(AI17+AJ17=0,0,AH17)+AI17+AK17-1),2),0)) -> 6 | AM17: =IF(V17="","",AG17+U17-AL17) -> 12 | AP17: =$CJ17 -> 4404.4 | AU17: =CK17 -> 0 | AV17: =CL17 -> 0 | AW17: =SUM(AO17:AV17) -> 4404.4 | AX17: =IF(V17="","",INT(AW17/$V17)) -> 572 | AY17: =IF(V17="","",AW17-AL17*$E17*$V17) -> 200.2 | AZ17: =IF($V17="","",AY17/$V17) -> 26 | BA17: =AM17 -> 12 | BB17: =VALUE("0"&RIGHT(BA17,(LEN(BA17)-LEN(TRUNC(BA17))))) -> 0 | BC17: 6 | BD17: =$CM17 -> 0 | BE17: =IF(AA17="","",IF(BD17=0,1,BD17/$V17/$E17)) -> 1 | BF17: =IF(V17="","",MAX(ROUNDUP((IF(BC17+BD17=0,0,BB17)+BC17+BE17-1),2),0)) -> 6 | BG17: =IF(AA17="","",BA17-BF17) -> 6 | BJ17: =$CN17 -> 4078.8 | BO17: =CO17 -> 0 | BP17: =CP17 -> 0 | BQ17: =SUM(BI17:BP17) -> 4078.8 | BR17: =IF(AA17="","",INT(BQ17/$V17)) -> 529 | BS17: =IF(AA17="","",-BF17*$E17*$V17+BQ17) -> -125.4 | BT17: =IF($V17="","",BS17/$V17) -> -16.285714 | BU17: =IFERROR(AE17,"") -> 1101 | BV17: =IFERROR(BF17+AL17,"") -> 12 | BW17: =IFERROR(BT17+AZ17,"") -> 9.7142857 | BX17: =IF($Q17="","",(BF17+AL17)*$Q17) -> 19.692 | BY17: =IFERROR(BF17+AL17,0) -> 12 | BZ17: =BY17 -> 12 | CA17: =IFERROR((BQ17+AW17)/1000,"") -> 8.4832 | CB17: =IFERROR(BR17+AX17,"") -> 1101 | CC17: =IFERROR(BS17+AY17,"") -> 74.8 | CD17: =IFERROR(BT17+AZ17,"") -> 9.7142857 | CG17: =IF(BX17="",0,(BX17-CA17)+((AV17+BP17)/1000)) -> 11.2088 | CH17: =CG17 -> 11.2088 | CJ17: =572*7.7 -> 4404.4 | CN17: =412*9.9 -> 4078.8 | CQ17: =INT(IFERROR( CJ17/$V17,0)) -> 572 | CR17: =INT(IFERROR( CK17/$V17,0)) -> 0 | CS17: =INT(IFERROR( CL17/$V17,0)) -> 0 | CT17: =INT(IFERROR( AE17-CQ17-CU17-CR17,0)) -> 529 | CU17: =INT(IFERROR( AC17-CR17,0)) -> 0 | CV17: =INT(IFERROR( AD17-CS17,0)) -> 0 | CX17: 60 | CY17: =INT(60/CX17*60*(12-(CEILING((60/CX17*60*12)/E17,1)*IF(CW17="T",0.45,IF(CW17="",5,3))/60))) -> 680 | CZ17: =IF(CX17="",0,(IF(CW17="",360,180)/(60/CX17))*1.35) -> 486 | DE17: =IFERROR(CQ17+CR17,"") -> 572 | DF17: =IFERROR(AL17,"") -> 6 | DG17: =IFERROR(AZ17,"") -> 26 | DH17: =IFERROR(CT17+CU17,"") -> 529 | DI17: =IFERROR(BF17,"") -> 6 | DJ17: =IFERROR(BT17,"") -> -16.285714 | DK17: =IFERROR(DE17+DH17,"") -> 1101 | DL17: =IFERROR(DF17+DI17,"") -> 12 | DM17: =IFERROR(DG17+DJ17,"") -> 9.7142857 | DN17: =T17 -> 8 | DO17: =U17 -> 10 | DR17: A15C100515 | DW17: =IFERROR(AL17+BF17,"") -> 12 | DX17: =IFERROR(DK17+DL17+DM17,"") -> 1122.7143 | DY17: =CQ17+CR17+CS17+CT17+CU17+CV17 -> 1101 | DZ17: =IFERROR((AD17*V17/1000),0) -> 0 | EA17: =IFERROR((AE17*V17/1000),0) -> 8.4777 | EB17: =BX17-EA17 -> 11.2143 | EC17: =EB17+DZ17 -> 11.2143 | EF17: =DG17+DJ17 -> 9.7142857
A18: 11 | B18: C11 | D18: 131100 | E18: 68 | F18: D | G18: =CONCATENATE(K18,J18,"-",IF(N18="D",L18,IF(N18="H",CONCATENATE(N18,L18),CONCATENATE(N18,L18,"x",M18))),"x",P18,"-",O18,R18) -> GWA6063-T5-T18.15x8.6x3-H9A15 | H18: =CONCATENATE(J18,,K18,L18,M18,N18,O18) -> A6063-T5GW18.158.6TH9 | I18: =CONCATENATE(J18,K18,L18,M18,N18,O18,P18,R18) -> A6063-T5GW18.158.6TH93A15 | J18: A6063-T5 | K18: GW | L18: 18.15 | M18: 8.6 | N18: T | O18: H9 | P18: 3 | Q18: 1.641 | R18: A15 | S18: =ROUND(CY18/E18,0)*2 -> 16 | T18: 6 | U18: 10 | V18: 9.9 | W18: =IF(V18="","",INT((AO18+BI18)/$V18)) -> 0 | X18: =IF(V18="","",INT((AP18+BJ18)/$V18)) -> 440 | Y18: =IF(V18="","",INT((AQ18+BK18)/$V18)) -> 0 | Z18: =IF(V18="","",INT((AR18+BL18)/$V18)) -> 0 | AA18: =IF(V18="","",INT((AS18+BM18)/$V18)) -> 0 | AB18: =IF(V18="","",INT((AT18+BN18)/$V18)) -> 0 | AC18: =IF(V18="","",INT((AU18+BO18)/$V18)) -> 0 | AD18: =IF(V18="","",INT((AV18+BP18)/$V18)) -> 0 | AE18: =IF(V18="","",SUM(W18:AC18)) -> 440 | AF18: =AE18 -> 440 | AG18: =T18 -> 6 | AH18: =IFERROR(VALUE("0"&RIGHT(AG18,(LEN(AG18)-LEN(TRUNC(AG18))))),"") -> 0 | AI18: 7 | AJ18: =$CI18 -> 0 | AK18: =IF(V18="","",IF(AJ18=0,1,AJ18/$V18/$E18)) -> 1 | AL18: =IF(V18="","",MAX(ROUNDUP((IF(AI18+AJ18=0,0,AH18)+AI18+AK18-1),2),0)) -> 7 | AM18: =IF(V18="","",AG18+U18-AL18) -> 9 | AP18: =$CJ18 -> 4356 | AU18: =CK18 -> 0 | AV18: =CL18 -> 0 | AW18: =SUM(AO18:AV18) -> 4356 | AX18: =IF(V18="","",INT(AW18/$V18)) -> 440 | AY18: =IF(V18="","",AW18-AL18*$E18*$V18) -> -356.4 | AZ18: =IF($V18="","",AY18/$V18) -> -36 | BA18: =AM18 -> 9 | BB18: =VALUE("0"&RIGHT(BA18,(LEN(BA18)-LEN(TRUNC(BA18))))) -> 0 | BD18: =$CM18 -> 0 | BE18: =IF(AA18="","",IF(BD18=0,1,BD18/$V18/$E18)) -> 1 | BF18: =IF(V18="","",MAX(ROUNDUP((IF(BC18+BD18=0,0,BB18)+BC18+BE18-1),2),0)) -> 0 | BG18: =IF(AA18="","",BA18-BF18) -> 9 | BJ18: =$CN18 -> 0 | BO18: =CO18 -> 0 | BP18: =CP18 -> 0 | BQ18: =SUM(BI18:BP18) -> 0 | BR18: =IF(AA18="","",INT(BQ18/$V18)) -> 0 | BS18: =IF(AA18="","",-BF18*$E18*$V18+BQ18) -> 0 | BT18: =IF($V18="","",BS18/$V18) -> 0 | BU18: =IFERROR(AE18,"") -> 440 | BV18: =IFERROR(BF18+AL18,"") -> 7 | BW18: =IFERROR(BT18+AZ18,"") -> -36 | BX18: =IF($Q18="","",(BF18+AL18)*$Q18) -> 11.487 | BY18: =IFERROR(BF18+AL18,0) -> 7 | BZ18: =BY18 -> 7 | CA18: =IFERROR((BQ18+AW18)/1000,"") -> 4.356 | CB18: =IFERROR(BR18+AX18,"") -> 440 | CC18: =IFERROR(BS18+AY18,"") -> -356.4 | CD18: =IFERROR(BT18+AZ18,"") -> -36 | CG18: =IF(BX18="",0,(BX18-CA18)+((AV18+BP18)/1000)) -> 7.131 | CH18: =CG18 -> 7.131 | CJ18: =440*9.9 -> 4356 | CQ18: =INT(IFERROR( CJ18/$V18,0)) -> 440 | CR18: =INT(IFERROR( CK18/$V18,0)) -> 0 | CS18: =INT(IFERROR( CL18/$V18,0)) -> 0 | CT18: =INT(IFERROR( AE18-CQ18-CU18-CR18,0)) -> 0 | CU18: =INT(IFERROR( AC18-CR18,0)) -> 0 | CV18: =INT(IFERROR( AD18-CS18,0)) -> 0 | CX18: 79.33 | CY18: =INT(60/CX18*60*(12-(CEILING((60/CX18*60*12)/E18,1)*IF(CW18="T",0.45,IF(CW18="",5,3))/60))) -> 510 | CZ18: =IF(CX18="",0,(IF(CW18="",360,180)/(60/CX18))*1.35) -> 642.573 | DE18: =IFERROR(CQ18+CR18,"") -> 440 | DF18: =IFERROR(AL18,"") -> 7 | DG18: =IFERROR(AZ18,"") -> -36 | DH18: =IFERROR(CT18+CU18,"") -> 0 | DI18: =IFERROR(BF18,"") -> 0 | DJ18: =IFERROR(BT18,"") -> 0 | DK18: =IFERROR(DE18+DH18,"") -> 440 | DL18: =IFERROR(DF18+DI18,"") -> 7 | DM18: =IFERROR(DG18+DJ18,"") -> -36 | DN18: =T18 -> 6 | DO18: =U18 -> 10 | DR18: A15C110515 | DW18: =IFERROR(AL18+BF18,"") -> 7 | DX18: =IFERROR(DK18+DL18+DM18,"") -> 411 | DY18: =CQ18+CR18+CS18+CT18+CU18+CV18 -> 440 | DZ18: =IFERROR((AD18*V18/1000),0) -> 0 | EA18: =IFERROR((AE18*V18/1000),0) -> 4.356 | EB18: =BX18-EA18 -> 7.131 | EC18: =EB18+DZ18 -> 7.131 | EF18: =DG18+DJ18 -> -36
A19: 12 | B19: C12 | D19: S90001 | E19: 104 | F19: B | G19: =CONCATENATE(K19,J19,"-",IF(N19="D",L19,IF(N19="H",CONCATENATE(N19,L19),CONCATENATE(N19,L19,"x",M19))),"x",P19,"-",O19,R19) -> TV12L14-12x3-H9B14 | H19: =CONCATENATE(J19,,K19,L19,M19,N19,O19) -> 12L14TV120DH9 | I19: =CONCATENATE(J19,K19,L19,M19,N19,O19,P19,R19) -> 12L14TV120DH93B14 | J19: 12L14 | K19: TV | L19: 12 | M19: 0 | N19: D | O19: H9 | P19: 3 | Q19: 2.652 | R19: B14 | S19: =ROUND(CY19/E19,0)*2 -> 20 | T19: 0 | V19: 10.6 | W19: =IF(V19="","",INT((AO19+BI19)/$V19)) -> 0 | X19: =IF(V19="","",INT((AP19+BJ19)/$V19)) -> 0 | Y19: =IF(V19="","",INT((AQ19+BK19)/$V19)) -> 0 | Z19: =IF(V19="","",INT((AR19+BL19)/$V19)) -> 0 | AA19: =IF(V19="","",INT((AS19+BM19)/$V19)) -> 0 | AB19: =IF(V19="","",INT((AT19+BN19)/$V19)) -> 0 | AC19: =IF(V19="","",INT((AU19+BO19)/$V19)) -> 0 | AD19: =IF(V19="","",INT((AV19+BP19)/$V19)) -> 0 | AE19: =IF(V19="","",SUM(W19:AC19)) -> 0 | AF19: =AE19 -> 0 | AG19: =T19 -> 0 | AH19: =IFERROR(VALUE("0"&RIGHT(AG19,(LEN(AG19)-LEN(TRUNC(AG19))))),"") -> 0 | AJ19: =$CI19 -> 0 | AK19: =IF(V19="","",IF(AJ19=0,1,AJ19/$V19/$E19)) -> 1 | AL19: =IF(V19="","",MAX(ROUNDUP((IF(AI19+AJ19=0,0,AH19)+AI19+AK19-1),2),0)) -> 0 | AM19: =IF(V19="","",AG19+U19-AL19) -> 0 | AP19: =$CJ19 -> 0 | AU19: =CK19 -> 0 | AV19: =CL19 -> 0 | AW19: =SUM(AO19:AV19) -> 0 | AX19: =IF(V19="","",INT(AW19/$V19)) -> 0 | AY19: =IF(V19="","",AW19-AL19*$E19*$V19) -> 0 | AZ19: =IF($V19="","",AY19/$V19) -> 0 | BA19: =AM19 -> 0 | BB19: =VALUE("0"&RIGHT(BA19,(LEN(BA19)-LEN(TRUNC(BA19))))) -> 0 | BD19: =$CM19 -> 0 | BE19: =IF(AA19="","",IF(BD19=0,1,BD19/$V19/$E19)) -> 1 | BF19: =IF(V19="","",MAX(ROUNDUP((IF(BC19+BD19=0,0,BB19)+BC19+BE19-1),2),0)) -> 0 | BG19: =IF(AA19="","",BA19-BF19) -> 0 | BJ19: =$CN19 -> 0 | BO19: =CO19 -> 0 | BP19: =CP19 -> 0 | BQ19: =SUM(BI19:BP19) -> 0 | BR19: =IF(AA19="","",INT(BQ19/$V19)) -> 0 | BS19: =IF(AA19="","",-BF19*$E19*$V19+BQ19) -> 0 | BT19: =IF($V19="","",BS19/$V19) -> 0 | BU19: =IFERROR(AE19,"") -> 0 | BV19: =IFERROR(BF19+AL19,"") -> 0 | BW19: =IFERROR(BT19+AZ19,"") -> 0 | BX19: =IF($Q19="","",(BF19+AL19)*$Q19) -> 0 | BY19: =IFERROR(BF19+AL19,0) -> 0 | BZ19: =BY19 -> 0 | CA19: =IFERROR((BQ19+AW19)/1000,"") -> 0 | CB19: =IFERROR(BR19+AX19,"") -> 0 | CC19: =IFERROR(BS19+AY19,"") -> 0 | CD19: =IFERROR(BT19+AZ19,"") -> 0 | CG19: =IF(BX19="",0,(BX19-CA19)+((AV19+BP19)/1000)) -> 0 | CH19: =CG19 -> 0 | CQ19: =INT(IFERROR( CJ19/$V19,0)) -> 0 | CR19: =INT(IFERROR( CK19/$V19,0)) -> 0 | CS19: =INT(IFERROR( CL19/$V19,0)) -> 0 | CT19: =INT(IFERROR( AE19-CQ19-CU19-CR19,0)) -> 0 | CU19: =INT(IFERROR( AC19-CR19,0)) -> 0 | CV19: =INT(IFERROR( AD19-CS19,0)) -> 0 | CX19: 37.89 | CY19: =INT(60/CX19*60*(12-(CEILING((60/CX19*60*12)/E19,1)*IF(CW19="T",0.45,IF(CW19="",5,3))/60))) -> 1053 | CZ19: =IF(CX19="",0,(IF(CW19="",360,180)/(60/CX19))*1.35) -> 306.909 | DE19: =IFERROR(CQ19+CR19,"") -> 0 | DF19: =IFERROR(AL19,"") -> 0 | DG19: =IFERROR(AZ19,"") -> 0 | DH19: =IFERROR(CT19+CU19,"") -> 0 | DI19: =IFERROR(BF19,"") -> 0 | DJ19: =IFERROR(BT19,"") -> 0 | DK19: =IFERROR(DE19+DH19,"") -> 0 | DL19: =IFERROR(DF19+DI19,"") -> 0 | DM19: =IFERROR(DG19+DJ19,"") -> 0 | DN19: =T19 -> 0 | DO19: =U19 -> 0 | DW19: =IFERROR(AL19+BF19,"") -> 0 | DX19: =IFERROR(DK19+DL19+DM19,"") -> 0 | DY19: =CQ19+CR19+CS19+CT19+CU19+CV19 -> 0 | DZ19: =IFERROR((AD19*V19/1000),0) -> 0 | EA19: =IFERROR((AE19*V19/1000),0) -> 0 | EB19: =BX19-EA19 -> 0 | EC19: =EB19+DZ19 -> 0
A20: 13 | B20: C12B | D20: Y1 8800 | E20: 298 | F20: D | G20: =CONCATENATE(K20,J20,"-",IF(N20="D",L20,IF(N20="H",CONCATENATE(N20,L20),CONCATENATE(N20,L20,"x",M20))),"x",P20,"-",O20,R20) -> GWA6063-T5-8.3x3-H9B14 | H20: =CONCATENATE(J20,,K20,L20,M20,N20,O20) -> A6063-T5GW8.30DH9 | I20: =CONCATENATE(J20,K20,L20,M20,N20,O20,P20,R20) -> A6063-T5GW8.30DH93B14 | J20: A6063-T5 | K20: GW | L20: 8.3 | M20: 0 | N20: D | O20: H9 | P20: 3 | Q20: 0.435 | R20: B14 | S20: =ROUND(CY20/E20,0)*2 -> 18 | T20: 41 | U20: 3 | V20: 1.05 | W20: =IF(V20="","",INT((AO20+BI20)/$V20)) -> 0 | X20: =IF(V20="","",INT((AP20+BJ20)/$V20)) -> 0 | Y20: =IF(V20="","",INT((AQ20+BK20)/$V20)) -> 0 | Z20: =IF(V20="","",INT((AR20+BL20)/$V20)) -> 0 | AA20: =IF(V20="","",INT((AS20+BM20)/$V20)) -> 0 | AB20: =IF(V20="","",INT((AT20+BN20)/$V20)) -> 848 | AC20: =IF(V20="","",INT((AU20+BO20)/$V20)) -> 0 | AD20: =IF(V20="","",INT((AV20+BP20)/$V20)) -> 0 | AE20: =IF(V20="","",SUM(W20:AC20)) -> 848 | AF20: =AE20 -> 848 | AG20: =T20 -> 41 | AH20: =IFERROR(VALUE("0"&RIGHT(AG20,(LEN(AG20)-LEN(TRUNC(AG20))))),"") -> 0 | AI20: 3 | AJ20: =$CI20 -> 0 | AK20: =IF(V20="","",IF(AJ20=0,1,AJ20/$V20/$E20)) -> 1 | AL20: =IF(V20="","",MAX(ROUNDUP((IF(AI20+AJ20=0,0,AH20)+AI20+AK20-1),2),0)) -> 3 | AM20: =IF(V20="","",AG20+U20-AL20) -> 41 | AT20: =$CJ20 -> 891 | AU20: =CK20 -> 0 | AV20: =CL20 -> 0 | AW20: =SUM(AO20:AV20) -> 891 | AX20: =IF(V20="","",INT(AW20/$V20)) -> 848 | AY20: =IF(V20="","",AW20-AL20*$E20*$V20) -> -47.7 | AZ20: =IF($V20="","",AY20/$V20) -> -45.428571 | BA20: =AM20 -> 41 | BB20: =VALUE("0"&RIGHT(BA20,(LEN(BA20)-LEN(TRUNC(BA20))))) -> 0 | BD20: =$CM20 -> 0 | BE20: =IF(AA20="","",IF(BD20=0,1,BD20/$V20/$E20)) -> 1 | BF20: =IF(V20="","",MAX(ROUNDUP((IF(BC20+BD20=0,0,BB20)+BC20+BE20-1),2),0)) -> 0 | BG20: =IF(AA20="","",BA20-BF20) -> 41 | BN20: =$CN20 -> 0 | BO20: =CO20 -> 0 | BP20: =CP20 -> 0 | BQ20: =SUM(BI20:BP20) -> 0 | BR20: =IF(AA20="","",INT(BQ20/$V20)) -> 0 | BS20: =IF(AA20="","",-BF20*$E20*$V20+BQ20) -> 0 | BT20: =IF($V20="","",BS20/$V20) -> 0 | BU20: =IFERROR(AE20,"") -> 848 | BV20: =IFERROR(BF20+AL20,"") -> 3 | BW20: =IFERROR(BT20+AZ20,"") -> -45.428571 | BX20: =IF($Q20="","",(BF20+AL20)*$Q20) -> 1.305 | BY20: =IFERROR(BF20+AL20,0) -> 3 | BZ20: =BY20 -> 3 | CA20: =IFERROR((BQ20+AW20)/1000,"") -> 0.891 | CB20: =IFERROR(BR20+AX20,"") -> 848 | CC20: =IFERROR(BS20+AY20,"") -> -47.7 | CD20: =IFERROR(BT20+AZ20,"") -> -45.428571 | CG20: =IF(BX20="",0,(BX20-CA20)+((AV20+BP20)/1000)) -> 0.414 | CH20: =CG20 -> 0.414 | CJ20: 891 | CQ20: =INT(IFERROR( CJ20/$V20,0)) -> 848 | CR20: =INT(IFERROR( CK20/$V20,0)) -> 0 | CS20: =INT(IFERROR( CL20/$V20,0)) -> 0 | CT20: =INT(IFERROR( AE20-CQ20-CU20-CR20,0)) -> 0 | CU20: =INT(IFERROR( AC20-CR20,0)) -> 0 | CV20: =INT(IFERROR( AD20-CS20,0)) -> 0 | CX20: 15 | CY20: =INT(60/CX20*60*(12-(CEILING((60/CX20*60*12)/E20,1)*IF(CW20="T",0.45,IF(CW20="",5,3))/60))) -> 2680 | CZ20: =IF(CX20="",0,(IF(CW20="",360,180)/(60/CX20))*1.35) -> 121.5 | DE20: =IFERROR(CQ20+CR20,"") -> 848 | DF20: =IFERROR(AL20,"") -> 3 | DG20: =IFERROR(AZ20,"") -> -45.428571 | DH20: =IFERROR(CT20+CU20,"") -> 0 | DI20: =IFERROR(BF20,"") -> 0 | DJ20: =IFERROR(BT20,"") -> 0 | DK20: =IFERROR(DE20+DH20,"") -> 848 | DL20: =IFERROR(DF20+DI20,"") -> 3 | DM20: =IFERROR(DG20+DJ20,"") -> -45.428571 | DN20: =T20 -> 41 | DO20: =U20 -> 3 | DR20: B14C12B0515 | DW20: =IFERROR(BU20+BV20,"") -> 851 | DX20: =IFERROR(DK20+DL20+DM20,"") -> 805.57143 | DY20: =CQ20+CR20+CS20+CT20+CU20+CV20 -> 848 | DZ20: =IFERROR((AD20*V20/1000),0) -> 0 | EA20: =IFERROR((AE20*V20/1000),0) -> 0.8904 | EB20: =BX20-EA20 -> 0.4146 | EC20: =EB20+DZ20 -> 0.4146 | EF20: =DG20+DJ20 -> -45.428571
A21: 14 | B21: C14 | D21: 020 | E21: 283 | G21: =CONCATENATE(K21,J21,"-",IF(N21="D",L21,IF(N21="H",CONCATENATE(N21,L21),CONCATENATE(N21,L21,"x",M21))),"x",P21,"-",O21,R21) -> TV12L14-11x2.5-H9C14 | H21: =CONCATENATE(J21,,K21,L21,M21,N21,O21) -> 12L14TV110DH9 | I21: =CONCATENATE(J21,K21,L21,M21,N21,O21,P21,R21) -> 12L14TV110DH92.5C14 | J21: 12L14 | K21: TV | L21: 11 | M21: 0 | N21: D | O21: H9 | P21: 2.5 | R21: C14 | S21: =ROUND(CY21/E21,0)*2 -> 10 | T21: 2 | U21: 13 | V21: 2 | W21: =IF(V21="","",INT((AO21+BI21)/$V21)) -> 0 | X21: =IF(V21="","",INT((AP21+BJ21)/$V21)) -> 3247 | Y21: =IF(V21="","",INT((AQ21+BK21)/$V21)) -> 0 | Z21: =IF(V21="","",INT((AR21+BL21)/$V21)) -> 0 | AA21: =IF(V21="","",INT((AS21+BM21)/$V21)) -> 0 | AB21: =IF(V21="","",INT((AT21+BN21)/$V21)) -> 0 | AC21: =IF(V21="","",INT((AU21+BO21)/$V21)) -> 0 | AD21: =IF(V21="","",INT((AV21+BP21)/$V21)) -> 0 | AE21: =IF(V21="","",SUM(W21:AC21)) -> 3247 | AF21: =AE21 -> 3247 | AG21: =T21 -> 2 | AH21: =IFERROR(VALUE("0"&RIGHT(AG21,(LEN(AG21)-LEN(TRUNC(AG21))))),"") -> 0 | AI21: 6 | AJ21: =$CI21 -> 0 | AK21: =IF(V21="","",IF(AJ21=0,1,AJ21/$V21/$E21)) -> 1 | AL21: =IF(V21="","",MAX(ROUNDUP((IF(AI21+AJ21=0,0,AH21)+AI21+AK21-1),2),0)) -> 6 | AM21: =IF(V21="","",AG21+U21-AL21) -> 9 | AP21: =$CJ21 -> 3533 | AU21: =CK21 -> 0 | AV21: =CL21 -> 0 | AW21: =SUM(AO21:AV21) -> 3533 | AX21: =IF(V21="","",INT(AW21/$V21)) -> 1766 | AY21: =IF(V21="","",AW21-AL21*$E21*$V21) -> 137 | AZ21: =IF($V21="","",AY21/$V21) -> 68.5 | BA21: =AM21 -> 9 | BB21: =VALUE("0"&RIGHT(BA21,(LEN(BA21)-LEN(TRUNC(BA21))))) -> 0 | BC21: 6 | BD21: =$CM21 -> 120 | BE21: =IF(AA21="","",IF(BD21=0,1,BD21/$V21/$E21)) -> 0.21201413 | BF21: =IF(V21="","",MAX(ROUNDUP((IF(BC21+BD21=0,0,BB21)+BC21+BE21-1),2),0)) -> 5.22 | BG21: =IF(AA21="","",BA21-BF21) -> 3.78 | BJ21: =$CN21 -> 2961 | BO21: =CO21 -> 0 | BP21: =CP21 -> 0 | BQ21: =SUM(BI21:BP21) -> 2961 | BR21: =IF(AA21="","",INT(BQ21/$V21)) -> 1480 | BS21: =IF(AA21="","",-BF21*$E21*$V21+BQ21) -> 6.48 | BT21: =IF($V21="","",BS21/$V21) -> 3.24 | BU21: =IFERROR(AE21,"") -> 3247 | BV21: =IFERROR(BF21+AL21,"") -> 11.22 | BW21: =IFERROR(BT21+AZ21,"") -> 71.74 | BX21: =IF($Q21="","",(BF21+AL21)*$Q21) | BY21: =IFERROR(BF21+AL21,0) -> 11.22 | BZ21: =BY21 -> 11.22 | CA21: =IFERROR((BQ21+AW21)/1000,"") -> 6.494 | CB21: =IFERROR(BR21+AX21,"") -> 3246 | CC21: =IFERROR(BS21+AY21,"") -> 143.48 | CD21: =IFERROR(BT21+AZ21,"") -> 71.74 | CG21: =IF(BX21="",0,(BX21-CA21)+((AV21+BP21)/1000)) -> 0 | CH21: =CG21 -> 0 | CJ21: 3533 | CM21: 120 | CN21: 2961 | CQ21: =INT(IFERROR( CJ21/$V21,0)) -> 1766 | CR21: =INT(IFERROR( CK21/$V21,0)) -> 0 | CS21: =INT(IFERROR( CL21/$V21,0)) -> 0 | CT21: =INT(IFERROR( AE21-CQ21-CU21-CR21,0)) -> 1481 | CU21: =INT(IFERROR( AC21-CR21,0)) -> 0 | CV21: =INT(IFERROR( AD21-CS21,0)) -> 0 | CX21: 30 | CY21: =INT(60/CX21*60*(12-(CEILING((60/CX21*60*12)/E21,1)*IF(CW21="T",0.45,IF(CW21="",5,3))/60))) -> 1380 | CZ21: =IF(CX21="",0,(IF(CW21="",360,180)/(60/CX21))*1.35) -> 243 | DE21: =IFERROR(CQ21+CR21,"") -> 1766 | DF21: =IFERROR(AL21,"") -> 6 | DG21: =IFERROR(AZ21,"") -> 68.5 | DH21: =IFERROR(CT21+CU21,"") -> 1481 | DI21: =IFERROR(BF21,"") -> 5.22 | DJ21: =IFERROR(BT21,"") -> 3.24 | DK21: =IFERROR(DE21+DH21,"") -> 3247 | DL21: =IFERROR(DF21+DI21,"") -> 11.22 | DM21: =IFERROR(DG21+DJ21,"") -> 71.74 | DN21: 2 | DO21: =U21 -> 13 | DR21: C14C140515 | DW21: =IFERROR(BU21+BV21,"") -> 3258.22 | DX21: =IFERROR(DK21+DL21+DM21,"") -> 3329.96 | DY21: =CQ21+CR21+CS21+CT21+CU21+CV21 -> 3247 | DZ21: =IFERROR((AD21*V21/1000),0) -> 0 | EA21: =IFERROR((AE21*V21/1000),0) -> 6.494 | EB21: =BX21-EA21 -> #VALUE! | EC21: =EB21+DZ21 -> #VALUE! | EF21: =DG21+DJ21 -> 71.74
A22: 15 | B22: C15 | D22: SC5 | E22: 40 | G22: =CONCATENATE(K22,J22,"-",IF(N22="D",L22,IF(N22="H",CONCATENATE(N22,L22),CONCATENATE(N22,L22,"x",M22))),"x",P22,"-",O22,R22) -> TV12L14-5.97x2.5-H9B14 | H22: =CONCATENATE(J22,,K22,L22,M22,N22,O22) -> 12L14TV5.970DH9 | I22: =CONCATENATE(J22,K22,L22,M22,N22,O22,P22,R22) -> 12L14TV5.970DH92.5B14 | J22: 12L14 | K22: TV | L22: 5.97 | M22: 0 | N22: D | O22: H9 | P22: 2.5 | Q22: 0.547 | R22: B14 | S22: =ROUND(CY22/E22,0)*2 -> 48 | T22: 39 | U22: 61 | V22: 4.45 | W22: =IF(V22="","",INT((AO22+BI22)/$V22)) -> 0 | X22: =IF(V22="","",INT((AP22+BJ22)/$V22)) -> 1325 | Y22: =IF(V22="","",INT((AQ22+BK22)/$V22)) -> 0 | Z22: =IF(V22="","",INT((AR22+BL22)/$V22)) -> 0 | AA22: =IF(V22="","",INT((AS22+BM22)/$V22)) -> 0 | AB22: =IF(V22="","",INT((AT22+BN22)/$V22)) -> 0 | AC22: =IF(V22="","",INT((AU22+BO22)/$V22)) -> 0 | AD22: =IF(V22="","",INT((AV22+BP22)/$V22)) -> 2 | AE22: =IF(V22="","",SUM(W22:AC22)) -> 1325 | AF22: =AE22 -> 1325 | AG22: =T22 -> 39 | AH22: =IFERROR(VALUE("0"&RIGHT(AG22,(LEN(AG22)-LEN(TRUNC(AG22))))),"") -> 0 | AI22: 33 | AJ22: =$CI22 -> 0 | AK22: =IF(V22="","",IF(AJ22=0,1,AJ22/$V22/$E22)) -> 1 | AL22: =IF(V22="","",MAX(ROUNDUP((IF(AI22+AJ22=0,0,AH22)+AI22+AK22-1),2),0)) -> 33 | AM22: =IF(V22="","",AG22+U22-AL22) -> 67 | AP22: =$CJ22 -> 5900 | AU22: =CK22 -> 0 | AV22: =CL22 -> 10 | AW22: =SUM(AO22:AV22) -> 5910 | AX22: =IF(V22="","",INT(AW22/$V22)) -> 1328 | AY22: =IF(V22="","",AW22-AL22*$E22*$V22) -> 36 | AZ22: =IF($V22="","",AY22/$V22) -> 8.0898876 | BA22: =AM22 -> 67 | BB22: =VALUE("0"&RIGHT(BA22,(LEN(BA22)-LEN(TRUNC(BA22))))) -> 0 | BD22: =$CM22 -> 0 | BE22: =IF(AA22="","",IF(BD22=0,1,BD22/$V22/$E22)) -> 1 | BF22: =IF(V22="","",MAX(ROUNDUP((IF(BC22+BD22=0,0,BB22)+BC22+BE22-1),2),0)) -> 0 | BG22: =IF(AA22="","",BA22-BF22) -> 67 | BJ22: =$CN22 -> 0 | BO22: =CO22 -> 0 | BP22: =CP22 -> 0 | BQ22: =SUM(BI22:BP22) -> 0 | BR22: =IF(AA22="","",INT(BQ22/$V22)) -> 0 | BS22: =IF(AA22="","",-BF22*$E22*$V22+BQ22) -> 0 | BT22: =IF($V22="","",BS22/$V22) -> 0 | BU22: =IFERROR(AE22,"") -> 1325 | BV22: =IFERROR(BF22+AL22,"") -> 33 | BW22: =IFERROR(BT22+AZ22,"") -> 8.0898876 | BX22: =IF($Q22="","",(BF22+AL22)*$Q22) -> 18.051 | BY22: =IFERROR(BF22+AL22,0) -> 33 | BZ22: =BY22 -> 33 | CA22: =IFERROR((BQ22+AW22)/1000,"") -> 5.91 | CB22: =IFERROR(BR22+AX22,"") -> 1328 | CC22: =IFERROR(BS22+AY22,"") -> 36 | CD22: =IFERROR(BT22+AZ22,"") -> 8.0898876 | CG22: =IF(BX22="",0,(BX22-CA22)+((AV22+BP22)/1000)) -> 12.151 | CH22: =CG22 -> 12.151 | CJ22: 5900 | CL22: 10 | CQ22: =INT(IFERROR( CJ22/$V22,0)) -> 1325 | CR22: =INT(IFERROR( CK22/$V22,0)) -> 0 | CS22: =INT(IFERROR( CL22/$V22,0)) -> 2 | CT22: =INT(IFERROR( AE22-CQ22-CU22-CR22,0)) -> 0 | CU22: =INT(IFERROR( AC22-CR22,0)) -> 0 | CV22: =INT(IFERROR( AD22-CS22,0)) -> 0 | CX22: 36.09 | CY22: =INT(60/CX22*60*(12-(CEILING((60/CX22*60*12)/E22,1)*IF(CW22="T",0.45,IF(CW22="",5,3))/60))) -> 947 | CZ22: =IF(CX22="",0,(IF(CW22="",360,180)/(60/CX22))*1.35) -> 292.329 | DE22: =IFERROR(CQ22+CR22,"") -> 1325 | DF22: =IFERROR(AL22,"") -> 33 | DG22: =IFERROR(AZ22,"") -> 8.0898876 | DH22: =IFERROR(CT22+CU22,"") -> 0 | DI22: =IFERROR(BF22,"") -> 0 | DJ22: =IFERROR(BT22,"") -> 0 | DK22: =IFERROR(DE22+DH22,"") -> 1325 | DL22: =IFERROR(DF22+DI22,"") -> 33 | DM22: =IFERROR(DG22+DJ22,"") -> 8.0898876 | DN22: =T22 -> 39 | DO22: =U22 -> 61 | DR22: B14C150515 | DW22: =IFERROR(BU22+BV22,"") -> 1358 | DX22: =IFERROR(DK22+DL22+DM22,"") -> 1366.0899 | DY22: =CQ22+CR22+CS22+CT22+CU22+CV22 -> 1327 | DZ22: =IFERROR((AD22*V22/1000),0) -> 0.0089 | EA22: =IFERROR((AE22*V22/1000),0) -> 5.89625 | EB22: =BX22-EA22 -> 12.15475 | EC22: =EB22+DZ22 -> 12.16365 | EF22: =DG22+DJ22 -> 8.0898876
A23: 16 | B23: C16 | D23: 0604 | E23: 129 | F23: A | G23: =CONCATENATE(K23,J23,"-",IF(N23="D",L23,IF(N23="H",CONCATENATE(N23,L23),CONCATENATE(N23,L23,"x",M23))),"x",P23,"-",O23,R23) -> YHC3604-10.03x3-H9B12 | H23: =CONCATENATE(J23,,K23,L23,M23,N23,O23) -> C3604YH10.030DH9 | I23: =CONCATENATE(J23,K23,L23,M23,N23,O23,P23,R23) -> C3604YH10.030DH93B12 | J23: C3604 | K23: YH | L23: 10.03 | M23: 0 | N23: D | O23: H9 | P23: 3 | Q23: 2 | R23: B12 | S23: =ROUND(CY23/E23,0)*2 -> 34 | T23: 45 | V23: 4.05 | W23: =IF(V23="","",INT((AO23+BI23)/$V23)) -> 0 | X23: =IF(V23="","",INT((AP23+BJ23)/$V23)) -> 0 | Y23: =IF(V23="","",INT((AQ23+BK23)/$V23)) -> 0 | Z23: =IF(V23="","",INT((AR23+BL23)/$V23)) -> 0 | AA23: =IF(V23="","",INT((AS23+BM23)/$V23)) -> 0 | AB23: =IF(V23="","",INT((AT23+BN23)/$V23)) -> 0 | AC23: =IF(V23="","",INT((AU23+BO23)/$V23)) -> 0 | AD23: =IF(V23="","",INT((AV23+BP23)/$V23)) -> 0 | AE23: =IF(V23="","",SUM(W23:AC23)) -> 0 | AF23: =AE23 -> 0 | AG23: =T23 -> 45 | AH23: =IFERROR(VALUE("0"&RIGHT(AG23,(LEN(AG23)-LEN(TRUNC(AG23))))),"") -> 0 | AJ23: =$CI23 -> 0 | AK23: =IF(V23="","",IF(AJ23=0,1,AJ23/$V23/$E23)) -> 1 | AL23: =IF(V23="","",MAX(ROUNDUP((IF(AI23+AJ23=0,0,AH23)+AI23+AK23-1),2),0)) -> 0 | AM23: =IF(V23="","",AG23+U23-AL23) -> 45 | AP23: =$CJ23 -> 0 | AU23: =CK23 -> 0 | AV23: =CL23 -> 0 | AW23: =SUM(AO23:AV23) -> 0 | AX23: =IF(V23="","",INT(AW23/$V23)) -> 0 | AY23: =IF(V23="","",AW23-AL23*$E23*$V23) -> 0 | AZ23: =IF($V23="","",AY23/$V23) -> 0 | BA23: =AM23 -> 45 | BB23: =VALUE("0"&RIGHT(BA23,(LEN(BA23)-LEN(TRUNC(BA23))))) -> 0 | BD23: =$CM23 -> 0 | BE23: =IF(AA23="","",IF(BD23=0,1,BD23/$V23/$E23)) -> 1 | BF23: =IF(V23="","",MAX(ROUNDUP((IF(BC23+BD23=0,0,BB23)+BC23+BE23-1),2),0)) -> 0 | BG23: =IF(AA23="","",BA23-BF23) -> 45 | BJ23: =$CN23 -> 0 | BO23: =CO23 -> 0 | BP23: =CP23 -> 0 | BQ23: =SUM(BI23:BP23) -> 0 | BR23: =IF(AA23="","",INT(BQ23/$V23)) -> 0 | BS23: =IF(AA23="","",-BF23*$E23*$V23+BQ23) -> 0 | BT23: =IF($V23="","",BS23/$V23) -> 0 | BU23: =IFERROR(AE23,"") -> 0 | BV23: =IFERROR(BF23+AL23,"") -> 0 | BW23: =IFERROR(BT23+AZ23,"") -> 0 | BX23: =IF($Q23="","",(BF23+AL23)*$Q23) -> 0 | BY23: =IFERROR(BF23+AL23,0) -> 0 | BZ23: =BY23 -> 0 | CA23: =IFERROR((BQ23+AW23)/1000,"") -> 0 | CB23: =IFERROR(BR23+AX23,"") -> 0 | CC23: =IFERROR(BS23+AY23,"") -> 0 | CD23: =IFERROR(BT23+AZ23,"") -> 0 | CG23: =IF(BX23="",0,(BX23-CA23)+((AV23+BP23)/1000)) -> 0 | CH23: =CG23 -> 0 | CQ23: =INT(IFERROR( CJ23/$V23,0)) -> 0 | CR23: =INT(IFERROR( CK23/$V23,0)) -> 0 | CS23: =INT(IFERROR( CL23/$V23,0)) -> 0 | CT23: =INT(IFERROR( AE23-CQ23-CU23-CR23,0)) -> 0 | CU23: =INT(IFERROR( AC23-CR23,0)) -> 0 | CV23: =INT(IFERROR( AD23-CS23,0)) -> 0 | CX23: 17 | CY23: =INT(60/CX23*60*(12-(CEILING((60/CX23*60*12)/E23,1)*IF(CW23="T",0.45,IF(CW23="",5,3))/60))) -> 2188 | CZ23: =IF(CX23="",0,(IF(CW23="",360,180)/(60/CX23))*1.35) -> 137.7 | DE23: =IFERROR(CQ23+CR23,"") -> 0 | DF23: =IFERROR(AL23,"") -> 0 | DG23: =IFERROR(AZ23,"") -> 0 | DH23: =IFERROR(CT23+CU23,"") -> 0 | DI23: =IFERROR(BF23,"") -> 0 | DJ23: =IFERROR(BT23,"") -> 0 | DK23: =IFERROR(DE23+DH23,"") -> 0 | DL23: =IFERROR(DF23+DI23,"") -> 0 | DM23: =IFERROR(DG23+DJ23,"") -> 0 | DN23: =T23 -> 45 | DO23: =U23 -> 0 | DR23: B12C160515 | DW23: =IFERROR(AL23+BF23,"") -> 0 | DX23: =IFERROR(DK23+DL23+DM23,"") -> 0 | DY23: =CQ23+CR23+CS23+CT23+CU23+CV23 -> 0 | DZ23: =IFERROR((AD23*V23/1000),0) -> 0 | EA23: =IFERROR((AE23*V23/1000),0) -> 0 | EB23: =BX23-EA23 -> 0 | EC23: =(BX23-CA23)+((AV23+BP23)/1000) -> 0 | EF23: =DG23+DJ23 -> 0
A24: 17 | B24: C17 | D24: 131100 | E24: 68 | F24: D | G24: =CONCATENATE(K24,J24,"-",IF(N24="D",L24,IF(N24="H",CONCATENATE(N24,L24),CONCATENATE(N24,L24,"x",M24))),"x",P24,"-",O24,R24) -> GWA6063-T5-T18.15x8.6x3-H9A15 | H24: =CONCATENATE(J24,,K24,L24,M24,N24,O24) -> A6063-T5GW18.158.6TH9 | I24: =CONCATENATE(J24,K24,L24,M24,N24,O24,P24,R24) -> A6063-T5GW18.158.6TH93A15 | J24: A6063-T5 | K24: GW | L24: 18.15 | M24: 8.6 | N24: T | O24: H9 | P24: 3 | Q24: 1.641 | R24: A15 | S24: =ROUND(CY24/E24,0)*2 -> 14 | T24: 15 | U24: 10 | V24: 9.9 | W24: =IF(V24="","",INT((AO24+BI24)/$V24)) -> 0 | X24: =IF(V24="","",INT((AP24+BJ24)/$V24)) -> 455 | Y24: =IF(V24="","",INT((AQ24+BK24)/$V24)) -> 0 | Z24: =IF(V24="","",INT((AR24+BL24)/$V24)) -> 0 | AA24: =IF(V24="","",INT((AS24+BM24)/$V24)) -> 0 | AB24: =IF(V24="","",INT((AT24+BN24)/$V24)) -> 0 | AC24: =IF(V24="","",INT((AU24+BO24)/$V24)) -> 0 | AD24: =IF(V24="","",INT((AV24+BP24)/$V24)) -> 140 | AE24: =IF(V24="","",SUM(W24:AC24)) -> 455 | AF24: =AE24 -> 455 | AG24: =T24 -> 15 | AH24: =IFERROR(VALUE("0"&RIGHT(AG24,(LEN(AG24)-LEN(TRUNC(AG24))))),"") -> 0 | AI24: 2 | AJ24: =$CI24 -> 0 | AK24: =IF(V24="","",IF(AJ24=0,1,AJ24/$V24/$E24)) -> 1 | AL24: =IF(V24="","",MAX(ROUNDUP((IF(AI24+AJ24=0,0,AH24)+AI24+AK24-1),2),0)) -> 2 | AM24: =IF(V24="","",AG24+U24-AL24) -> 23 | AP24: =$CJ24 -> 742.5 | AU24: =CK24 -> 0 | AV24: =CL24 -> 836 | AW24: =SUM(AO24:AV24) -> 1578.5 | AX24: =IF(V24="","",INT(AW24/$V24)) -> 159 | AY24: =IF(V24="","",AW24-AL24*$E24*$V24) -> 232.1 | AZ24: =IF($V24="","",AY24/$V24) -> 23.444444 | BA24: =AM24 -> 23 | BB24: =VALUE("0"&RIGHT(BA24,(LEN(BA24)-LEN(TRUNC(BA24))))) -> 0 | BC24: 6 | BD24: =$CM24 -> 0 | BE24: =IF(AA24="","",IF(BD24=0,1,BD24/$V24/$E24)) -> 1 | BF24: =IF(V24="","",MAX(ROUNDUP((IF(BC24+BD24=0,0,BB24)+BC24+BE24-1),2),0)) -> 6 | BG24: =IF(AA24="","",BA24-BF24) -> 17 | BJ24: =$CN24 -> 3762 | BO24: =CO24 -> 0 | BP24: =CP24 -> 550 | BQ24: =SUM(BI24:BP24) -> 4312 | BR24: =IF(AA24="","",INT(BQ24/$V24)) -> 435 | BS24: =IF(AA24="","",-BF24*$E24*$V24+BQ24) -> 272.8 | BT24: =IF($V24="","",BS24/$V24) -> 27.555556 | BU24: =IFERROR(AE24,"") -> 455 | BV24: =IFERROR(BF24+AL24,"") -> 8 | BW24: =IFERROR(BT24+AZ24,"") -> 51 | BX24: =IF($Q24="","",(BF24+AL24)*$Q24) -> 13.128 | BY24: =IFERROR(BF24+AL24,0) -> 8 | BZ24: =BY24 -> 8 | CA24: =IFERROR((BQ24+AW24)/1000,"") -> 5.8905 | CB24: =IFERROR(BR24+AX24,"") -> 594 | CC24: =IFERROR(BS24+AY24,"") -> 504.9 | CD24: =IFERROR(BT24+AZ24,"") -> 51 | CG24: =IF(BX24="",0,(BX24-CA24)+((AV24+BP24)/1000)) -> 8.6235 | CH24: =CG24 -> 8.6235 | CJ24: =75*9.9 -> 742.5 | CL24: 836 | CN24: =380*9.9 -> 3762 | CP24: 550 | CQ24: =INT(IFERROR( CJ24/$V24,0)) -> 75 | CR24: =INT(IFERROR( CK24/$V24,0)) -> 0 | CS24: =INT(IFERROR( CL24/$V24,0)) -> 84 | CT24: =INT(IFERROR( AE24-CQ24-CU24-CR24,0)) -> 380 | CU24: =INT(IFERROR( AC24-CR24,0)) -> 0 | CV24: =INT(IFERROR( AD24-CS24,0)) -> 56 | CX24: 80.33 | CY24: =INT(60/CX24*60*(12-(CEILING((60/CX24*60*12)/E24,1)*IF(CW24="T",0.45,IF(CW24="",5,3))/60))) -> 507 | CZ24: =IF(CX24="",0,(IF(CW24="",360,180)/(60/CX24))*1.35) -> 650.673 | DE24: =IFERROR(CQ24+CR24,"") -> 75 | DF24: =IFERROR(AL24,"") -> 2 | DG24: =IFERROR(AZ24,"") -> 23.444444 | DH24: =IFERROR(CT24+CU24,"") -> 380 | DI24: =IFERROR(BF24,"") -> 6 | DJ24: =IFERROR(BT24,"") -> 27.555556 | DK24: =IFERROR(DE24+DH24,"") -> 455 | DL24: =IFERROR(DF24+DI24,"") -> 8 | DM24: =IFERROR(DG24+DJ24,"") -> 51 | DN24: =T24 -> 15 | DO24: =U24 -> 10 | DR24: A15C170515 | DW24: =IFERROR(AL24+BF24,"") -> 8 | DX24: =IFERROR(DK24+DL24+DM24,"") -> 514 | DY24: =CQ24+CR24+CS24+CT24+CU24+CV24 -> 595 | DZ24: =IFERROR((AD24*V24/1000),0) -> 1.386 | EA24: =IFERROR((AE24*V24/1000),0) -> 4.5045 | EB24: =BX24-EA24 -> 8.6235 | EC24: =EB24+DZ24 -> 10.0095 | EF24: =DG24+DJ24 -> 51
A25: 18 | B25: C18 | D25: SM04 | E25: 70 | F25: A | G25: =CONCATENATE(K25,J25,"-",IF(N25="D",L25,IF(N25="H",CONCATENATE(N25,L25),CONCATENATE(N25,L25,"x",M25))),"x",P25,"-",O25,R25) -> GWA6063-T5-17x3-H9B15 | H25: =CONCATENATE(J25,,K25,L25,M25,N25,O25) -> A6063-T5GW170DH9 | I25: =CONCATENATE(J25,K25,L25,M25,N25,O25,P25,R25) -> A6063-T5GW170DH93B15 | J25: A6063-T5 | K25: GW | L25: 17 | M25: 0 | N25: D | O25: H9 | P25: 3 | Q25: 1.832 | R25: B15 | S25: =ROUND(CY25/E25,0)*2 -> 16 | T25: 20 | V25: 10.1 | W25: =IF(V25="","",INT((AO25+BI25)/$V25)) -> 0 | X25: =IF(V25="","",INT((AP25+BJ25)/$V25)) -> 0 | Y25: =IF(V25="","",INT((AQ25+BK25)/$V25)) -> 0 | Z25: =IF(V25="","",INT((AR25+BL25)/$V25)) -> 0 | AA25: =IF(V25="","",INT((AS25+BM25)/$V25)) -> 0 | AB25: =IF(V25="","",INT((AT25+BN25)/$V25)) -> 0 | AC25: =IF(V25="","",INT((AU25+BO25)/$V25)) -> 0 | AD25: =IF(V25="","",INT((AV25+BP25)/$V25)) -> 0 | AE25: =IF(V25="","",SUM(W25:AC25)) -> 0 | AF25: =AE25 -> 0 | AG25: =T25 -> 20 | AH25: =IFERROR(VALUE("0"&RIGHT(AG25,(LEN(AG25)-LEN(TRUNC(AG25))))),"") -> 0 | AJ25: =$CI25 -> 0 | AK25: =IF(V25="","",IF(AJ25=0,1,AJ25/$V25/$E25)) -> 1 | AL25: =IF(V25="","",MAX(ROUNDUP((IF(AI25+AJ25=0,0,AH25)+AI25+AK25-1),2),0)) -> 0 | AM25: =IF(V25="","",AG25+U25-AL25) -> 20 | AP25: =$CJ25 -> 0 | AU25: =CK25 -> 0 | AV25: =CL25 -> 0 | AW25: =SUM(AO25:AV25) -> 0 | AX25: =IF(V25="","",INT(AW25/$V25)) -> 0 | AY25: =IF(V25="","",AW25-AL25*$E25*$V25) -> 0 | AZ25: =IF($V25="","",AY25/$V25) -> 0 | BA25: =AM25 -> 20 | BB25: =VALUE("0"&RIGHT(BA25,(LEN(BA25)-LEN(TRUNC(BA25))))) -> 0 | BD25: =$CM25 -> 0 | BE25: =IF(AA25="","",IF(BD25=0,1,BD25/$V25/$E25)) -> 1 | BF25: =IF(V25="","",MAX(ROUNDUP((IF(BC25+BD25=0,0,BB25)+BC25+BE25-1),2),0)) -> 0 | BG25: =IF(AA25="","",BA25-BF25) -> 20 | BJ25: =$CN25 -> 0 | BO25: =CO25 -> 0 | BP25: =CP25 -> 0 | BQ25: =SUM(BI25:BP25) -> 0 | BR25: =IF(AA25="","",INT(BQ25/$V25)) -> 0 | BS25: =IF(AA25="","",-BF25*$E25*$V25+BQ25) -> 0 | BT25: =IF($V25="","",BS25/$V25) -> 0 | BU25: =IFERROR(AE25,"") -> 0 | BV25: =IFERROR(BF25+AL25,"") -> 0 | BW25: =IFERROR(BT25+AZ25,"") -> 0 | BX25: =IF($Q25="","",(BF25+AL25)*$Q25) -> 0 | BY25: =IFERROR(BF25+AL25,0) -> 0 | BZ25: =BY25 -> 0 | CA25: =IFERROR((BQ25+AW25)/1000,"") -> 0 | CB25: =IFERROR(BR25+AX25,"") -> 0 | CC25: =IFERROR(BS25+AY25,"") -> 0 | CD25: =IFERROR(BT25+AZ25,"") -> 0 | CG25: =IF(BX25="",0,(BX25-CA25)+((AV25+BP25)/1000)) -> 0 | CH25: =CG25 -> 0 | CQ25: =INT(IFERROR( CJ25/$V25,0)) -> 0 | CR25: =INT(IFERROR( CK25/$V25,0)) -> 0 | CS25: =INT(IFERROR( CL25/$V25,0)) -> 0 | CT25: =INT(IFERROR( AE25-CQ25-CU25-CR25,0)) -> 0 | CU25: =INT(IFERROR( AC25-CR25,0)) -> 0 | CV25: =INT(IFERROR( AD25-CS25,0)) -> 0 | CX25: 69.16 | CY25: =INT(60/CX25*60*(12-(CEILING((60/CX25*60*12)/E25,1)*IF(CW25="T",0.45,IF(CW25="",5,3))/60))) -> 585 | CZ25: =IF(CX25="",0,(IF(CW25="",360,180)/(60/CX25))*1.35) -> 560.196 | DE25: =IFERROR(CQ25+CR25,"") -> 0 | DF25: =IFERROR(AL25,"") -> 0 | DG25: =IFERROR(AZ25,"") -> 0 | DH25: =IFERROR(CT25+CU25,"") -> 0 | DI25: =IFERROR(BF25,"") -> 0 | DJ25: =IFERROR(BT25,"") -> 0 | DK25: =IFERROR(DE25+DH25,"") -> 0 | DL25: =IFERROR(DF25+DI25,"") -> 0 | DM25: =IFERROR(DG25+DJ25,"") -> 0 | DN25: =T25 -> 20 | DO25: =U25 -> 0 | DR25: B15C180515 | DW25: =IFERROR(AL25+BF25,"") -> 0 | DX25: =IFERROR(DK25+DL25+DM25,"") -> 0 | DY25: =CQ25+CR25+CS25+CT25+CU25+CV25 -> 0 | DZ25: =IFERROR((AD25*V25/1000),0) -> 0 | EA25: =IFERROR((AE25*V25/1000),0) -> 0 | EB25: =BX25-EA25 -> 0 | EC25: =(BX25-CA25)+((AV25+BP25)/1000) -> 0 | EF25: =DG25+DJ25 -> 0
A26: 19 | B26: C19 | G26: =CONCATENATE(K26,J26,"-",IF(N26="D",L26,IF(N26="H",CONCATENATE(N26,L26),CONCATENATE(N26,L26,"x",M26))),"x",P26,"-",O26,R26) -> -xx- | H26: =CONCATENATE(J26,,K26,L26,M26,N26,O26) | I26: =CONCATENATE(J26,K26,L26,M26,N26,O26,P26,R26) | P26: =IFERROR(VLOOKUP(H26,#REF!,9,0),"") | Q26: =IFERROR(VLOOKUP(I26,#REF!,10,0),"") | S26: =ROUND(CY26/E26,0)*2 -> #DIV/0! | T26: 0 | V26: 1 | W26: =IF(V26="","",INT((AO26+BI26)/$V26)) -> 0 | X26: =IF(V26="","",INT((AP26+BJ26)/$V26)) -> 0 | Y26: =IF(V26="","",INT((AQ26+BK26)/$V26)) -> 0 | Z26: =IF(V26="","",INT((AR26+BL26)/$V26)) -> 0 | AA26: =IF(V26="","",INT((AS26+BM26)/$V26)) -> 0 | AB26: =IF(V26="","",INT((AT26+BN26)/$V26)) -> 0 | AC26: =IF(V26="","",INT((AU26+BO26)/$V26)) -> 0 | AD26: =IF(V26="","",INT((AV26+BP26)/$V26)) -> 0 | AE26: =IF(V26="","",SUM(W26:AC26)) -> 0 | AF26: =AE26 -> 0 | AG26: =T26 -> 0 | AH26: =IFERROR(VALUE("0"&RIGHT(AG26,(LEN(AG26)-LEN(TRUNC(AG26))))),"") -> 0 | AJ26: =$CI26 -> 0 | AK26: =IF(V26="","",IF(AJ26=0,1,AJ26/$V26/$E26)) -> 1 | AL26: =IF(V26="","",MAX(ROUNDUP((IF(AI26+AJ26=0,0,AH26)+AI26+AK26-1),2),0)) -> 0 | AM26: =IF(V26="","",AG26+U26-AL26) -> 0 | AU26: =CK26 -> 0 | AV26: =CL26 -> 0 | AW26: =SUM(AO26:AV26) -> 0 | AX26: =IF(V26="","",INT(AW26/$V26)) -> 0 | AY26: =IF(V26="","",AW26-AL26*$E26*$V26) -> 0 | AZ26: =IF($V26="","",AY26/$V26) -> 0 | BA26: =AM26 -> 0 | BB26: =VALUE("0"&RIGHT(BA26,(LEN(BA26)-LEN(TRUNC(BA26))))) -> 0 | BD26: =$CM26 -> 0 | BE26: =IF(AA26="","",IF(BD26=0,1,BD26/$V26/$E26)) -> 1 | BF26: =IF(V26="","",MAX(ROUNDUP((IF(BC26+BD26=0,0,BB26)+BC26+BE26-1),2),0)) -> 0 | BG26: =IF(AA26="","",BA26-BF26) -> 0 | BO26: =CO26 -> 0 | BP26: =CP26 -> 0 | BQ26: =SUM(BI26:BP26) -> 0 | BR26: =IF(AA26="","",INT(BQ26/$V26)) -> 0 | BS26: =IF(AA26="","",-BF26*$E26*$V26+BQ26) -> 0 | BT26: =IF($V26="","",BS26/$V26) -> 0 | BU26: =IFERROR(AE26,"") -> 0 | BV26: =IFERROR(BF26+AL26,"") -> 0 | BW26: =IFERROR(BT26+AZ26,"") -> 0 | BX26: =IF($Q26="","",(BF26+AL26)*$Q26) | BY26: =IFERROR(BF26+AL26,0) -> 0 | BZ26: =BY26 -> 0 | CA26: =IFERROR((BQ26+AW26)/1000,"") -> 0 | CB26: =IFERROR(BR26+AX26,"") -> 0 | CC26: =IFERROR(BS26+AY26,"") -> 0 | CD26: =IFERROR(BT26+AZ26,"") -> 0 | CG26: =IF(BX26="",0,(BX26-CA26)+((AV26+BP26)/1000)) -> 0 | CH26: =CG26 -> 0 | CQ26: =INT(IFERROR( CJ26/$V26,0)) -> 0 | CR26: =INT(IFERROR( CK26/$V26,0)) -> 0 | CS26: =INT(IFERROR( CL26/$V26,0)) -> 0 | CT26: =INT(IFERROR( AE26-CQ26-CU26-CR26,0)) -> 0 | CU26: =INT(IFERROR( AC26-CR26,0)) -> 0 | CV26: =INT(IFERROR( AD26-CS26,0)) -> 0 | CY26: =INT(60/CX26*60*(12-(CEILING((60/CX26*60*12)/E26,1)*IF(CW26="T",0.45,IF(CW26="",5,3))/60))) -> #DIV/0! | CZ26: =IF(CX26="",0,(IF(CW26="",360,180)/(60/CX26))*1.35) -> 0 | DE26: =IFERROR(CQ26+CR26,"") -> 0 | DF26: =IFERROR(AL26,"") -> 0 | DG26: =IFERROR(AZ26,"") -> 0 | DH26: =IFERROR(CT26+CU26,"") -> 0 | DI26: =IFERROR(BF26,"") -> 0 | DJ26: =IFERROR(BT26,"") -> 0 | DK26: =IFERROR(DE26+DH26,"") -> 0 | DL26: =IFERROR(DF26+DI26,"") -> 0 | DM26: =IFERROR(DG26+DJ26,"") -> 0 | DN26: =T26 -> 0 | DO26: =U26 -> 0 | DW26: =IFERROR(BU26+BV26,"") -> 0 | DX26: =IFERROR(DK26+DL26+DM26,"") -> 0 | DY26: =CQ26+CR26+CS26+CT26+CU26+CV26 -> 0 | DZ26: =IFERROR((AD26*V26/1000),0) -> 0 | EA26: =IFERROR((AE26*V26/1000),0) -> 0 | EB26: =BX26-EA26 -> #VALUE! | EC26: =EB26+DZ26 -> #VALUE!
A27: 20 | B27: C20 | D27: Y1 5900 | E27: 76 | F27: C | G27: =CONCATENATE(K27,J27,"-",IF(N27="D",L27,IF(N27="H",CONCATENATE(N27,L27),CONCATENATE(N27,L27,"x",M27))),"x",P27,"-",O27,R27) -> TVSUJ2-8.1x3-H9C13 | H27: =CONCATENATE(J27,,K27,L27,M27,N27,O27) -> SUJ2TV8.10DH9 | I27: =CONCATENATE(J27,K27,L27,M27,N27,O27,P27,R27) -> SUJ2TV8.10DH93C13 | J27: SUJ2 | K27: TV | L27: 8.1 | M27: 0 | N27: D | O27: H9 | P27: 3 | Q27: 1.201 | R27: C13 | S27: =ROUND(CY27/E27,0)*2 -> 52 | T27: 0 | V27: 13.63 | W27: =IF(V27="","",INT((AO27+BI27)/$V27)) -> 0 | X27: =IF(V27="","",INT((AP27+BJ27)/$V27)) -> 0 | Y27: =IF(V27="","",INT((AQ27+BK27)/$V27)) -> 0 | Z27: =IF(V27="","",INT((AR27+BL27)/$V27)) -> 0 | AA27: =IF(V27="","",INT((AS27+BM27)/$V27)) -> 0 | AB27: =IF(V27="","",INT((AT27+BN27)/$V27)) -> 0 | AC27: =IF(V27="","",INT((AU27+BO27)/$V27)) -> 0 | AD27: =IF(V27="","",INT((AV27+BP27)/$V27)) -> 0 | AE27: =IF(V27="","",SUM(W27:AC27)) -> 0 | AF27: =AE27 -> 0 | AG27: =T27 -> 0 | AH27: =IFERROR(VALUE("0"&RIGHT(AG27,(LEN(AG27)-LEN(TRUNC(AG27))))),"") -> 0 | AJ27: =$CI27 -> 0 | AK27: =IF(V27="","",IF(AJ27=0,1,AJ27/$V27/$E27)) -> 1 | AL27: =IF(V27="","",MAX(ROUNDUP((IF(AI27+AJ27=0,0,AH27)+AI27+AK27-1),2),0)) -> 0 | AM27: =IF(V27="","",AG27+U27-AL27) -> 0 | AP27: =$CJ27 -> 0 | AU27: =CK27 -> 0 | AV27: =CL27 -> 0 | AW27: =SUM(AO27:AV27) -> 0 | AX27: =IF(V27="","",INT(AW27/$V27)) -> 0 | AY27: =IF(V27="","",AW27-AL27*$E27*$V27) -> 0 | AZ27: =IF($V27="","",AY27/$V27) -> 0 | BA27: =AM27 -> 0 | BB27: =VALUE("0"&RIGHT(BA27,(LEN(BA27)-LEN(TRUNC(BA27))))) -> 0 | BD27: =$CM27 -> 0 | BE27: =IF(AA27="","",IF(BD27=0,1,BD27/$V27/$E27)) -> 1 | BF27: =IF(V27="","",MAX(ROUNDUP((IF(BC27+BD27=0,0,BB27)+BC27+BE27-1),2),0)) -> 0 | BG27: =IF(AA27="","",BA27-BF27) -> 0 | BJ27: =$CN27 -> 0 | BO27: =CO27 -> 0 | BP27: =CP27 -> 0 | BQ27: =SUM(BI27:BP27) -> 0 | BR27: =IF(AA27="","",INT(BQ27/$V27)) -> 0 | BS27: =IF(AA27="","",-BF27*$E27*$V27+BQ27) -> 0 | BT27: =IF($V27="","",BS27/$V27) -> 0 | BU27: =IFERROR(AE27,"") -> 0 | BV27: =IFERROR(BF27+AL27,"") -> 0 | BW27: =IFERROR(BT27+AZ27,"") -> 0 | BX27: =IF($Q27="","",(BF27+AL27)*$Q27) -> 0 | BY27: =IFERROR(BF27+AL27,0) -> 0 | BZ27: =BY27 -> 0 | CA27: =IFERROR((BQ27+AW27)/1000,"") -> 0 | CB27: =IFERROR(BR27+AX27,"") -> 0 | CC27: =IFERROR(BS27+AY27,"") -> 0 | CD27: =IFERROR(BT27+AZ27,"") -> 0 | CG27: =IF(BX27="",0,(BX27-CA27)+((AV27+BP27)/1000)) -> 0 | CH27: =CG27 -> 0 | CQ27: =INT(IFERROR( CJ27/$V27,0)) -> 0 | CR27: =INT(IFERROR( CK27/$V27,0)) -> 0 | CS27: =INT(IFERROR( CL27/$V27,0)) -> 0 | CT27: =INT(IFERROR( AE27-CQ27-CU27-CR27,0)) -> 0 | CU27: =INT(IFERROR( AC27-CR27,0)) -> 0 | CV27: =INT(IFERROR( AD27-CS27,0)) -> 0 | CX27: 17 | CY27: =INT(60/CX27*60*(12-(CEILING((60/CX27*60*12)/E27,1)*IF(CW27="T",0.45,IF(CW27="",5,3))/60))) -> 1941 | CZ27: =IF(CX27="",0,(IF(CW27="",360,180)/(60/CX27))*1.35) -> 137.7 | DE27: =IFERROR(CQ27+CR27,"") -> 0 | DF27: =IFERROR(AL27,"") -> 0 | DG27: =IFERROR(AZ27,"") -> 0 | DH27: =IFERROR(CT27+CU27,"") -> 0 | DI27: =IFERROR(BF27,"") -> 0 | DJ27: =IFERROR(BT27,"") -> 0 | DK27: =IFERROR(DE27+DH27,"") -> 0 | DL27: =IFERROR(DF27+DI27,"") -> 0 | DM27: =IFERROR(DG27+DJ27,"") -> 0 | DN27: =T27 -> 0 | DO27: =U27 -> 0 | DW27: =IFERROR(BU27+BV27,"") -> 0 | DX27: =IFERROR(DK27+DL27+DM27,"") -> 0 | DY27: =CQ27+CR27+CS27+CT27+CU27+CV27 -> 0 | DZ27: =IFERROR((AD27*V27/1000),0) -> 0 | EA27: =IFERROR((AE27*V27/1000),0) -> 0 | EB27: =BX27-EA27 -> 0 | EC27: =EB27+DZ27 -> 0 | EF27: =DG27+DJ27 -> 0
A28: 21 | B28: C21 | D28: 31100 | E28: 91 | G28: =CONCATENATE(K28,J28,"-",IF(N28="D",L28,IF(N28="H",CONCATENATE(N28,L28),CONCATENATE(N28,L28,"x",M28))),"x",P28,"-",O28,R28) -> GWA6063-T5-T18.15x8.6x3-H9A15 | H28: =CONCATENATE(J28,,K28,L28,M28,N28,O28) -> A6063-T5GW18.158.6TH9 | I28: =CONCATENATE(J28,K28,L28,M28,N28,O28,P28,R28) -> A6063-T5GW18.158.6TH93A15 | J28: A6063-T5 | K28: GW | L28: 18.15 | M28: 8.6 | N28: T | O28: H9 | P28: 3 | Q28: 1.641 | R28: A15 | S28: =ROUND(CY28/E28,0)*2 -> 18 | T28: 9 | U28: 10 | V28: 7.7 | W28: =IF(V28="","",INT((AO28+BI28)/$V28)) -> 0 | X28: =IF(V28="","",INT((AP28+BJ28)/$V28)) -> 928 | Y28: =IF(V28="","",INT((AQ28+BK28)/$V28)) -> 0 | Z28: =IF(V28="","",INT((AR28+BL28)/$V28)) -> 0 | AA28: =IF(V28="","",INT((AS28+BM28)/$V28)) -> 0 | AB28: =IF(V28="","",INT((AT28+BN28)/$V28)) -> 0 | AC28: =IF(V28="","",INT((AU28+BO28)/$V28)) -> 64 | AD28: =IF(V28="","",INT((AV28+BP28)/$V28)) -> 14 | AE28: =IF(V28="","",SUM(W28:AC28)) -> 992 | AF28: =AE28 -> 992 | AG28: =T28 -> 9 | AH28: =IFERROR(VALUE("0"&RIGHT(AG28,(LEN(AG28)-LEN(TRUNC(AG28))))),"") -> 0 | AI28: 6 | AJ28: =$CI28 -> 0 | AK28: =IF(V28="","",IF(AJ28=0,1,AJ28/$V28/$E28)) -> 1 | AL28: =IF(V28="","",MAX(ROUNDUP((IF(AI28+AJ28=0,0,AH28)+AI28+AK28-1),2),0)) -> 6 | AM28: =IF(V28="","",AG28+U28-AL28) -> 13 | AP28: =$CJ28 -> 3903.9 | AU28: =CK28 -> 500 | AV28: =CL28 -> 20 | AW28: =SUM(AO28:AV28) -> 4423.9 | AX28: =IF(V28="","",INT(AW28/$V28)) -> 574 | AY28: =IF(V28="","",AW28-AL28*$E28*$V28) -> 219.7 | AZ28: =IF($V28="","",AY28/$V28) -> 28.532468 | BA28: =AM28 -> 13 | BB28: =VALUE("0"&RIGHT(BA28,(LEN(BA28)-LEN(TRUNC(BA28))))) -> 0 | BC28: 5 | BD28: =$CM28 -> 0 | BE28: =IF(AA28="","",IF(BD28=0,1,BD28/$V28/$E28)) -> 1 | BF28: =IF(V28="","",MAX(ROUNDUP((IF(BC28+BD28=0,0,BB28)+BC28+BE28-1),2),0)) -> 5 | BG28: =IF(AA28="","",BA28-BF28) -> 8 | BJ28: =$CN28 -> 3241.7 | BO28: =CO28 -> 0 | BP28: =CP28 -> 95 | BQ28: =SUM(BI28:BP28) -> 3336.7 | BR28: =IF(AA28="","",INT(BQ28/$V28)) -> 433 | BS28: =IF(AA28="","",-BF28*$E28*$V28+BQ28) -> -166.8 | BT28: =IF($V28="","",BS28/$V28) -> -21.662338 | BU28: =IFERROR(AE28,"") -> 992 | BV28: =IFERROR(BF28+AL28,"") -> 11 | BW28: =IFERROR(BT28+AZ28,"") -> 6.8701299 | BX28: =IF($Q28="","",(BF28+AL28)*$Q28) -> 18.051 | BY28: =IFERROR(BF28+AL28,0) -> 11 | BZ28: =BY28 -> 11 | CA28: =IFERROR((BQ28+AW28)/1000,"") -> 7.7606 | CB28: =IFERROR(BR28+AX28,"") -> 1007 | CC28: =IFERROR(BS28+AY28,"") -> 52.9 | CD28: =IFERROR(BT28+AZ28,"") -> 6.8701299 | CG28: =IF(BX28="",0,(BX28-CA28)+((AV28+BP28)/1000)) -> 10.4054 | CH28: =CG28 -> 10.4054 | CJ28: =507*7.7 -> 3903.9 | CK28: 500 | CL28: 20 | CN28: =421*7.7 -> 3241.7 | CP28: 95 | CQ28: =INT(IFERROR( CJ28/$V28,0)) -> 507 | CR28: =INT(IFERROR( CK28/$V28,0)) -> 64 | CS28: =INT(IFERROR( CL28/$V28,0)) -> 2 | CT28: =INT(IFERROR( AE28-CQ28-CU28-CR28,0)) -> 421 | CU28: =INT(IFERROR( AC28-CR28,0)) -> 0 | CV28: =INT(IFERROR( AD28-CS28,0)) -> 12 | CX28: 49.97 | CY28: =INT(60/CX28*60*(12-(CEILING((60/CX28*60*12)/E28,1)*IF(CW28="T",0.45,IF(CW28="",5,3))/60))) -> 804 | CZ28: =IF(CX28="",0,(IF(CW28="",360,180)/(60/CX28))*1.35) -> 404.757 | DE28: =IFERROR(CQ28+CR28,"") -> 571 | DF28: =IFERROR(AL28,"") -> 6 | DG28: =IFERROR(AZ28,"") -> 28.532468 | DH28: =IFERROR(CT28+CU28,"") -> 421 | DI28: =IFERROR(BF28,"") -> 5 | DJ28: =IFERROR(BT28,"") -> -21.662338 | DK28: =IFERROR(DE28+DH28,"") -> 992 | DL28: =IFERROR(DF28+DI28,"") -> 11 | DM28: =IFERROR(DG28+DJ28,"") -> 6.8701299 | DN28: =T28 -> 9 | DO28: =U28 -> 10 | DR28: A15C210515 | DW28: =IFERROR(BU28+BV28,"") -> 1003 | DX28: =IFERROR(DK28+DL28+DM28,"") -> 1009.8701 | DY28: =CQ28+CR28+CS28+CT28+CU28+CV28 -> 1006 | DZ28: =IFERROR((AD28*V28/1000),0) -> 0.1078 | EA28: =IFERROR((AE28*V28/1000),0) -> 7.6384 | EB28: =BX28-EA28 -> 10.4126 | EC28: =EB28+DZ28 -> 10.5204 | EF28: =DG28+DJ28 -> 6.8701299
A29: 22 | B29: C22 | D29: 020 | E29: 283 | F29: A | G29: =CONCATENATE(K29,J29,"-",IF(N29="D",L29,IF(N29="H",CONCATENATE(N29,L29),CONCATENATE(N29,L29,"x",M29))),"x",P29,"-",O29,R29) -> TV12L14-11x2.5-H9C14 | H29: =CONCATENATE(J29,,K29,L29,M29,N29,O29) -> 12L14TV110DH9 | I29: =CONCATENATE(J29,K29,L29,M29,N29,O29,P29,R29) -> 12L14TV110DH92.5C14 | J29: 12L14 | K29: TV | L29: 11 | M29: 0 | N29: D | O29: H9 | P29: 2.5 | R29: C14 | S29: =ROUND(CY29/E29,0)*2 -> 6 | T29: 5 | U29: 15 | V29: 2 | W29: =IF(V29="","",INT((AO29+BI29)/$V29)) -> 0 | X29: =IF(V29="","",INT((AP29+BJ29)/$V29)) -> 3571 | Y29: =IF(V29="","",INT((AQ29+BK29)/$V29)) -> 0 | Z29: =IF(V29="","",INT((AR29+BL29)/$V29)) -> 0 | AA29: =IF(V29="","",INT((AS29+BM29)/$V29)) -> 0 | AB29: =IF(V29="","",INT((AT29+BN29)/$V29)) -> 0 | AC29: =IF(V29="","",INT((AU29+BO29)/$V29)) -> 0 | AD29: =IF(V29="","",INT((AV29+BP29)/$V29)) -> 10 | AE29: =IF(V29="","",SUM(W29:AC29)) -> 3571 | AF29: =AE29 -> 3571 | AG29: =T29 -> 5 | AH29: =IFERROR(VALUE("0"&RIGHT(AG29,(LEN(AG29)-LEN(TRUNC(AG29))))),"") -> 0 | AI29: 6 | AJ29: =$CI29 -> 0 | AK29: =IF(V29="","",IF(AJ29=0,1,AJ29/$V29/$E29)) -> 1 | AL29: =IF(V29="","",MAX(ROUNDUP((IF(AI29+AJ29=0,0,AH29)+AI29+AK29-1),2),0)) -> 6 | AM29: =IF(V29="","",AG29+U29-AL29) -> 14 | AP29: =$CJ29 -> 3282 | AU29: =CK29 -> 0 | AV29: =CL29 -> 0 | AW29: =SUM(AO29:AV29) -> 3282 | AX29: =IF(V29="","",INT(AW29/$V29)) -> 1641 | AY29: =IF(V29="","",AW29-AL29*$E29*$V29) -> -114 | AZ29: =IF($V29="","",AY29/$V29) -> -57 | BA29: =AM29 -> 14 | BB29: =VALUE("0"&RIGHT(BA29,(LEN(BA29)-LEN(TRUNC(BA29))))) -> 0 | BC29: 7 | BD29: =$CM29 -> 0 | BE29: =IF(AA29="","",IF(BD29=0,1,BD29/$V29/$E29)) -> 1 | BF29: =IF(V29="","",MAX(ROUNDUP((IF(BC29+BD29=0,0,BB29)+BC29+BE29-1),2),0)) -> 7 | BG29: =IF(AA29="","",BA29-BF29) -> 7 | BJ29: =$CN29 -> 3860 | BO29: =CO29 -> 0 | BP29: =CP29 -> 20 | BQ29: =SUM(BI29:BP29) -> 3880 | BR29: =IF(AA29="","",INT(BQ29/$V29)) -> 1940 | BS29: =IF(AA29="","",-BF29*$E29*$V29+BQ29) -> -82 | BT29: =IF($V29="","",BS29/$V29) -> -41 | BU29: =IFERROR(AE29,"") -> 3571 | BV29: =IFERROR(BF29+AL29,"") -> 13 | BW29: =IFERROR(BT29+AZ29,"") -> -98 | BX29: =IF($Q29="","",(BF29+AL29)*$Q29) | BY29: =IFERROR(BF29+AL29,0) -> 13 | BZ29: =BY29 -> 13 | CA29: =IFERROR((BQ29+AW29)/1000,"") -> 7.162 | CB29: =IFERROR(BR29+AX29,"") -> 3581 | CC29: =IFERROR(BS29+AY29,"") -> -196 | CD29: =IFERROR(BT29+AZ29,"") -> -98 | CG29: =IF(BX29="",0,(BX29-CA29)+((AV29+BP29)/1000)) -> 0 | CH29: =CG29 -> 0 | CJ29: 3282 | CN29: 3860 | CP29: 20 | CQ29: =INT(IFERROR( CJ29/$V29,0)) -> 1641 | CR29: =INT(IFERROR( CK29/$V29,0)) -> 0 | CS29: =INT(IFERROR( CL29/$V29,0)) -> 0 | CT29: =INT(IFERROR( AE29-CQ29-CU29-CR29,0)) -> 1930 | CU29: =INT(IFERROR( AC29-CR29,0)) -> 0 | CV29: =INT(IFERROR( AD29-CS29,0)) -> 10 | CX29: 48 | CY29: =INT(60/CX29*60*(12-(CEILING((60/CX29*60*12)/E29,1)*IF(CW29="T",0.45,IF(CW29="",5,3))/60))) -> 875 | CZ29: =IF(CX29="",0,(IF(CW29="",360,180)/(60/CX29))*1.35) -> 388.8 | DE29: =IFERROR(CQ29+CR29,"") -> 1641 | DF29: =IFERROR(AL29,"") -> 6 | DG29: =IFERROR(AZ29,"") -> -57 | DH29: =IFERROR(CT29+CU29,"") -> 1930 | DI29: =IFERROR(BF29,"") -> 7 | DJ29: =IFERROR(BT29,"") -> -41 | DK29: =IFERROR(DE29+DH29,"") -> 3571 | DL29: =IFERROR(DF29+DI29,"") -> 13 | DM29: =IFERROR(DG29+DJ29,"") -> -98 | DN29: =T29 -> 5 | DO29: =U29 -> 15 | DR29: C14C220515 | DW29: =IFERROR(AL29+BF29,"") -> 13 | DX29: =IFERROR(DK29+DL29+DM29,"") -> 3486 | DY29: =CQ29+CR29+CS29+CT29+CU29+CV29 -> 3581 | DZ29: =IFERROR((AD29*V29/1000),0) -> 0.02 | EA29: =IFERROR((AE29*V29/1000),0) -> 7.142 | EB29: =BX29-EA29 -> #VALUE! | EC29: =(BX29-CA29)+((AV29+BP29)/1000) -> #VALUE! | EF29: =DG29+DJ29 -> -98
A30: 23 | B30: C23 | D30: SM02 | E30: 168 | F30: D | G30: =CONCATENATE(K30,J30,"-",IF(N30="D",L30,IF(N30="H",CONCATENATE(N30,L30),CONCATENATE(N30,L30,"x",M30))),"x",P30,"-",O30,R30) -> GWA6063-T5-T15x8.6x3-H9E14 | H30: =CONCATENATE(J30,,K30,L30,M30,N30,O30) -> A6063-T5GW158.6TH9 | I30: =CONCATENATE(J30,K30,L30,M30,N30,O30,P30,R30) -> A6063-T5GW158.6TH93E14 | J30: A6063-T5 | K30: GW | L30: 15 | M30: 8.6 | N30: T | O30: H9 | P30: 3 | Q30: 0.755 | R30: E14 | S30: =ROUND(CY30/E30,0)*2 -> 26 | T30: 0 | U30: 40 | V30: 3 | W30: =IF(V30="","",INT((AO30+BI30)/$V30)) -> 0 | X30: =IF(V30="","",INT((AP30+BJ30)/$V30)) -> 2633 | Y30: =IF(V30="","",INT((AQ30+BK30)/$V30)) -> 0 | Z30: =IF(V30="","",INT((AR30+BL30)/$V30)) -> 0 | AA30: =IF(V30="","",INT((AS30+BM30)/$V30)) -> 0 | AB30: =IF(V30="","",INT((AT30+BN30)/$V30)) -> 0 | AC30: =IF(V30="","",INT((AU30+BO30)/$V30)) -> 0 | AD30: =IF(V30="","",INT((AV30+BP30)/$V30)) -> 5 | AE30: =IF(V30="","",SUM(W30:AC30)) -> 2633 | AF30: =AE30 -> 2633 | AG30: =T30 -> 0 | AH30: =IFERROR(VALUE("0"&RIGHT(AG30,(LEN(AG30)-LEN(TRUNC(AG30))))),"") -> 0 | AI30: 7 | AJ30: =$CI30 -> 0 | AK30: =IF(V30="","",IF(AJ30=0,1,AJ30/$V30/$E30)) -> 1 | AL30: =IF(V30="","",MAX(ROUNDUP((IF(AI30+AJ30=0,0,AH30)+AI30+AK30-1),2),0)) -> 7 | AM30: =IF(V30="","",AG30+U30-AL30) -> 33 | AP30: =$CJ30 -> 3400 | AU30: =CK30 -> 0 | AV30: =CL30 -> 5 | AW30: =SUM(AO30:AV30) -> 3405 | AX30: =IF(V30="","",INT(AW30/$V30)) -> 1135 | AY30: =IF(V30="","",AW30-AL30*$E30*$V30) -> -123 | AZ30: =IF($V30="","",AY30/$V30) -> -41 | BA30: =AM30 -> 33 | BB30: =VALUE("0"&RIGHT(BA30,(LEN(BA30)-LEN(TRUNC(BA30))))) -> 0 | BC30: 9 | BD30: =$CM30 -> 0 | BE30: =IF(AA30="","",IF(BD30=0,1,BD30/$V30/$E30)) -> 1 | BF30: =IF(V30="","",MAX(ROUNDUP((IF(BC30+BD30=0,0,BB30)+BC30+BE30-1),2),0)) -> 9 | BG30: =IF(AA30="","",BA30-BF30) -> 24 | BJ30: =$CN30 -> 4500 | BO30: =CO30 -> 0 | BP30: =CP30 -> 10 | BQ30: =SUM(BI30:BP30) -> 4510 | BR30: =IF(AA30="","",INT(BQ30/$V30)) -> 1503 | BS30: =IF(AA30="","",-BF30*$E30*$V30+BQ30) -> -26 | BT30: =IF($V30="","",BS30/$V30) -> -8.6666667 | BU30: =IFERROR(AE30,"") -> 2633 | BV30: =IFERROR(BF30+AL30,"") -> 16 | BW30: =IFERROR(BT30+AZ30,"") -> -49.666667 | BX30: =IF($Q30="","",(BF30+AL30)*$Q30) -> 12.08 | BY30: =IFERROR(BF30+AL30,0) -> 16 | BZ30: =BY30 -> 16 | CA30: =IFERROR((BQ30+AW30)/1000,"") -> 7.915 | CB30: =IFERROR(BR30+AX30,"") -> 2638 | CC30: =IFERROR(BS30+AY30,"") -> -149 | CD30: =IFERROR(BT30+AZ30,"") -> -49.666667 | CG30: =IF(BX30="",0,(BX30-CA30)+((AV30+BP30)/1000)) -> 4.18 | CH30: =CG30 -> 4.18 | CJ30: 3400 | CL30: 5 | CN30: 4500 | CP30: 10 | CQ30: =INT(IFERROR( CJ30/$V30,0)) -> 1133 | CR30: =INT(IFERROR( CK30/$V30,0)) -> 0 | CS30: =INT(IFERROR( CL30/$V30,0)) -> 1 | CT30: =INT(IFERROR( AE30-CQ30-CU30-CR30,0)) -> 1500 | CU30: =INT(IFERROR( AC30-CR30,0)) -> 0 | CV30: =INT(IFERROR( AD30-CS30,0)) -> 4 | CX30: 18 | CY30: =INT(60/CX30*60*(12-(CEILING((60/CX30*60*12)/E30,1)*IF(CW30="T",0.45,IF(CW30="",5,3))/60))) -> 2150 | CZ30: =IF(CX30="",0,(IF(CW30="",360,180)/(60/CX30))*1.35) -> 145.8 | DE30: =IFERROR(CQ30+CR30,"") -> 1133 | DF30: =IFERROR(AL30,"") -> 7 | DG30: =IFERROR(AZ30,"") -> -41 | DH30: =IFERROR(CT30+CU30,"") -> 1500 | DI30: =IFERROR(BF30,"") -> 9 | DJ30: =IFERROR(BT30,"") -> -8.6666667 | DK30: =IFERROR(DE30+DH30,"") -> 2633 | DL30: =IFERROR(DF30+DI30,"") -> 16 | DM30: =IFERROR(DG30+DJ30,"") -> -49.666667 | DN30: =T30 -> 0 | DO30: =U30 -> 40 | DR30: E14C230515 | DW30: =IFERROR(BU30+BV30,"") -> 2649 | DX30: =IFERROR(DK30+DL30+DM30,"") -> 2599.3333 | DY30: =CQ30+CR30+CS30+CT30+CU30+CV30 -> 2638 | DZ30: =IFERROR((AD30*V30/1000),0) -> 0.015 | EA30: =IFERROR((AE30*V30/1000),0) -> 7.899 | EB30: =BX30-EA30 -> 4.181 | EC30: =EB30+DZ30 -> 4.196 | EF30: =DG30+DJ30 -> -49.666667
A31: 24 | B31: C24 | D31: CO15 | E31: 172 | F31: C | G31: =CONCATENATE(K31,J31,"-",IF(N31="D",L31,IF(N31="H",CONCATENATE(N31,L31),CONCATENATE(N31,L31,"x",M31))),"x",P31,"-",O31,R31) -> YHC3604-4x3-H9A14 | H31: =CONCATENATE(J31,,K31,L31,M31,N31,O31) -> C3604YH40DH9 | I31: =CONCATENATE(J31,K31,L31,M31,N31,O31,P31,R31) -> C3604YH40DH93A14 | J31: C3604 | K31: YH | L31: 4 | M31: 0 | N31: D | O31: H9 | P31: 3 | Q31: 0.167 | R31: A14 | S31: =ROUND(CY31/E31,0)*2 -> 36 | T31: 29 | U31: 51 | V31: 0.765 | W31: =IF(V31="","",INT((AO31+BI31)/$V31)) -> 0 | X31: =IF(V31="","",INT((AP31+BJ31)/$V31)) -> 0 | Y31: =IF(V31="","",INT((AQ31+BK31)/$V31)) -> 0 | Z31: =IF(V31="","",INT((AR31+BL31)/$V31)) -> 0 | AA31: =IF(V31="","",INT((AS31+BM31)/$V31)) -> 0 | AB31: =IF(V31="","",INT((AT31+BN31)/$V31)) -> 1949 | AC31: =IF(V31="","",INT((AU31+BO31)/$V31)) -> 1284 | AD31: =IF(V31="","",INT((AV31+BP31)/$V31)) -> 0 | AE31: =IF(V31="","",SUM(W31:AC31)) -> 3233 | AF31: =AE31 -> 3233 | AG31: =T31 -> 29 | AH31: =IFERROR(VALUE("0"&RIGHT(AG31,(LEN(AG31)-LEN(TRUNC(AG31))))),"") -> 0 | AI31: 19 | AJ31: =$CI31 -> 0 | AK31: =IF(V31="","",IF(AJ31=0,1,AJ31/$V31/$E31)) -> 1 | AL31: =IF(V31="","",MAX(ROUNDUP((IF(AI31+AJ31=0,0,AH31)+AI31+AK31-1),2),0)) -> 19 | AM31: =IF(V31="","",AG31+U31-AL31) -> 61 | AT31: =$CJ31 -> 1491 | AU31: =CK31 -> 983 | AV31: =CL31 -> 0 | AW31: =SUM(AO31:AV31) -> 2474 | AX31: =IF(V31="","",INT(AW31/$V31)) -> 3233 | AY31: =IF(V31="","",AW31-AL31*$E31*$V31) -> -26.02 | AZ31: =IF($V31="","",AY31/$V31) -> -34.013072 | BA31: =AM31 -> 61 | BB31: =VALUE("0"&RIGHT(BA31,(LEN(BA31)-LEN(TRUNC(BA31))))) -> 0 | BD31: =$CM31 -> 0 | BE31: =IF(AA31="","",IF(BD31=0,1,BD31/$V31/$E31)) -> 1 | BF31: =IF(V31="","",MAX(ROUNDUP((IF(BC31+BD31=0,0,BB31)+BC31+BE31-1),2),0)) -> 0 | BG31: =IF(AA31="","",BA31-BF31) -> 61 | BN31: =$CN31 -> 0 | BO31: =CO31 -> 0 | BP31: =CP31 -> 0 | BQ31: =SUM(BI31:BP31) -> 0 | BR31: =IF(AA31="","",INT(BQ31/$V31)) -> 0 | BS31: =IF(AA31="","",-BF31*$E31*$V31+BQ31) -> 0 | BT31: =IF($V31="","",BS31/$V31) -> 0 | BU31: =IFERROR(AE31,"") -> 3233 | BV31: =IFERROR(BF31+AL31,"") -> 19 | BW31: =IFERROR(BT31+AZ31,"") -> -34.013072 | BX31: =IF($Q31="","",(BF31+AL31)*$Q31) -> 3.173 | BY31: =IFERROR(BF31+AL31,0) -> 19 | BZ31: =BY31 -> 19 | CA31: =IFERROR((BQ31+AW31)/1000,"") -> 2.474 | CB31: =IFERROR(BR31+AX31,"") -> 3233 | CC31: =IFERROR(BS31+AY31,"") -> -26.02 | CD31: =IFERROR(BT31+AZ31,"") -> -34.013072 | CG31: =IF(BX31="",0,(BX31-CA31)+((AV31+BP31)/1000)) -> 0.699 | CH31: =CG31 -> 0.699 | CJ31: 1491 | CK31: 983 | CQ31: =INT(IFERROR( CJ31/$V31,0)) -> 1949 | CR31: =INT(IFERROR( CK31/$V31,0)) -> 1284 | CS31: =INT(IFERROR( CL31/$V31,0)) -> 0 | CT31: =INT(IFERROR( AE31-CQ31-CU31-CR31,0)) -> 0 | CU31: =INT(IFERROR( AC31-CR31,0)) -> 0 | CV31: =INT(IFERROR( AD31-CS31,0)) -> 0 | CW31: T | CX31: 14 | CY31: =INT(60/CX31*60*(12-(CEILING((60/CX31*60*12)/E31,1)*IF(CW31="T",0.45,IF(CW31="",5,3))/60))) -> 3051 | CZ31: =IF(CX31="",0,(IF(CW31="",360,180)/(60/CX31))*1.35) -> 56.7 | DE31: =IFERROR(CQ31+CR31,"") -> 3233 | DF31: =IFERROR(AL31,"") -> 19 | DG31: =IFERROR(AZ31,"") -> -34.013072 | DH31: =IFERROR(CT31+CU31,"") -> 0 | DI31: =IFERROR(BF31,"") -> 0 | DJ31: =IFERROR(BT31,"") -> 0 | DK31: =IFERROR(DE31+DH31,"") -> 3233 | DL31: =IFERROR(DF31+DI31,"") -> 19 | DM31: =IFERROR(DG31+DJ31,"") -> -34.013072 | DN31: =T31 -> 29 | DO31: =U31 -> 51 | DR31: A14C240515 | DW31: =IFERROR(BU31+BV31,"") -> 3252 | DX31: =IFERROR(DK31+DL31+DM31,"") -> 3217.9869 | DY31: =CQ31+CR31+CS31+CT31+CU31+CV31 -> 3233 | DZ31: =IFERROR((AD31*V31/1000),0) -> 0 | EA31: =IFERROR((AE31*V31/1000),0) -> 2.473245 | EB31: =BX31-EA31 -> 0.699755 | EC31: =EB31+DZ31 -> 0.699755 | EF31: =DG31+DJ31 -> -34.013072
A32: 25 | B32: C25 | D32: N4 | E32: 328 | F32: B | G32: =CONCATENATE(K32,J32,"-",IF(N32="D",L32,IF(N32="H",CONCATENATE(N32,L32),CONCATENATE(N32,L32,"x",M32))),"x",P32,"-",O32,R32) -> WZ12L14-H13x3-H11A08 | H32: =CONCATENATE(J32,,K32,L32,M32,N32,O32) -> 12L14WZ130HH11 | I32: =CONCATENATE(J32,K32,L32,M32,N32,O32,P32,R32) -> 12L14WZ130HH113A08 | J32: 12L14 | K32: WZ | L32: 13 | M32: 0 | N32: H | O32: H11 | P32: 3 | Q32: 3.413 | R32: A08 | S32: =ROUND(CY32/E32,0)*2 -> 10 | T32: 14 | V32: 2.14 | W32: =IF(V32="","",INT((AO32+BI32)/$V32)) -> 0 | X32: =IF(V32="","",INT((AP32+BJ32)/$V32)) -> 0 | Y32: =IF(V32="","",INT((AQ32+BK32)/$V32)) -> 0 | Z32: =IF(V32="","",INT((AR32+BL32)/$V32)) -> 0 | AA32: =IF(V32="","",INT((AS32+BM32)/$V32)) -> 0 | AB32: =IF(V32="","",INT((AT32+BN32)/$V32)) -> 0 | AC32: =IF(V32="","",INT((AU32+BO32)/$V32)) -> 0 | AD32: =IF(V32="","",INT((AV32+BP32)/$V32)) -> 0 | AE32: =IF(V32="","",SUM(W32:AC32)) -> 0 | AF32: =AE32 -> 0 | AG32: =T32 -> 14 | AH32: =IFERROR(VALUE("0"&RIGHT(AG32,(LEN(AG32)-LEN(TRUNC(AG32))))),"") -> 0 | AJ32: =$CI32 -> 0 | AK32: =IF(V32="","",IF(AJ32=0,1,AJ32/$V32/$E32)) -> 1 | AL32: =IF(V32="","",MAX(ROUNDUP((IF(AI32+AJ32=0,0,AH32)+AI32+AK32-1),2),0)) -> 0 | AM32: =IF(V32="","",AG32+U32-AL32) -> 14 | AP32: =$CJ32 -> 0 | AU32: =CK32 -> 0 | AV32: =CL32 -> 0 | AW32: =SUM(AO32:AV32) -> 0 | AX32: =IF(V32="","",INT(AW32/$V32)) -> 0 | AY32: =IF(V32="","",AW32-AL32*$E32*$V32) -> 0 | AZ32: =IF($V32="","",AY32/$V32) -> 0 | BA32: =AM32 -> 14 | BB32: =VALUE("0"&RIGHT(BA32,(LEN(BA32)-LEN(TRUNC(BA32))))) -> 0 | BD32: =$CM32 -> 0 | BE32: =IF(AA32="","",IF(BD32=0,1,BD32/$V32/$E32)) -> 1 | BF32: =IF(V32="","",MAX(ROUNDUP((IF(BC32+BD32=0,0,BB32)+BC32+BE32-1),2),0)) -> 0 | BG32: =IF(AA32="","",BA32-BF32) -> 14 | BJ32: =$CN32 -> 0 | BO32: =CO32 -> 0 | BP32: =CP32 -> 0 | BQ32: =SUM(BI32:BP32) -> 0 | BR32: =IF(AA32="","",INT(BQ32/$V32)) -> 0 | BS32: =IF(AA32="","",-BF32*$E32*$V32+BQ32) -> 0 | BT32: =IF($V32="","",BS32/$V32) -> 0 | BU32: =IFERROR(AE32,"") -> 0 | BV32: =IFERROR(BF32+AL32,"") -> 0 | BW32: =IFERROR(BT32+AZ32,"") -> 0 | BX32: =IF($Q32="","",(BF32+AL32)*$Q32) -> 0 | BY32: =IFERROR(BF32+AL32,0) -> 0 | BZ32: =BY32 -> 0 | CA32: =IFERROR((BQ32+AW32)/1000,"") -> 0 | CB32: =IFERROR(BR32+AX32,"") -> 0 | CC32: =IFERROR(BS32+AY32,"") -> 0 | CD32: =IFERROR(BT32+AZ32,"") -> 0 | CG32: =IF(BX32="",0,(BX32-CA32)+((AV32+BP32)/1000)) -> 0 | CH32: =CG32 -> 0 | CQ32: =INT(IFERROR( CJ32/$V32,0)) -> 0 | CR32: =INT(IFERROR( CK32/$V32,0)) -> 0 | CS32: =INT(IFERROR( CL32/$V32,0)) -> 0 | CT32: =INT(IFERROR( AE32-CQ32-CU32-CR32,0)) -> 0 | CU32: =INT(IFERROR( AC32-CR32,0)) -> 0 | CV32: =INT(IFERROR( AD32-CS32,0)) -> 0 | CX32: 24 | CY32: =INT(60/CX32*60*(12-(CEILING((60/CX32*60*12)/E32,1)*IF(CW32="T",0.45,IF(CW32="",5,3))/60))) -> 1725 | CZ32: =IF(CX32="",0,(IF(CW32="",360,180)/(60/CX32))*1.35) -> 194.4 | DE32: =IFERROR(CQ32+CR32,"") -> 0 | DF32: =IFERROR(AL32,"") -> 0 | DG32: =IFERROR(AZ32,"") -> 0 | DH32: =IFERROR(CT32+CU32,"") -> 0 | DI32: =IFERROR(BF32,"") -> 0 | DJ32: =IFERROR(BT32,"") -> 0 | DK32: =IFERROR(DE32+DH32,"") -> 0 | DL32: =IFERROR(DF32+DI32,"") -> 0 | DM32: =IFERROR(DG32+DJ32,"") -> 0 | DN32: =T32 -> 14 | DO32: =U32 -> 0 | DR32: A08C250515 | DW32: =IFERROR(BU32+BV32,"") -> 0 | DX32: =IFERROR(DK32+DL32+DM32,"") -> 0 | DY32: =CQ32+CR32+CS32+CT32+CU32+CV32 -> 0 | DZ32: =IFERROR((AD32*V32/1000),0) -> 0 | EA32: =IFERROR((AE32*V32/1000),0) -> 0 | EB32: =BX32-EA32 -> 0 | EC32: =EB32+DZ32 -> 0 | EF32: =DG32+DJ32 -> 0
A33: 26 | B33: C26 | D33: 555 | E33: 24 | F33: A | G33: =CONCATENATE(K33,J33,"-",IF(N33="D",L33,IF(N33="H",CONCATENATE(N33,L33),CONCATENATE(N33,L33,"x",M33))),"x",P33,"-",O33,R33) -> YHC3604-4x3-H9A14 | H33: =CONCATENATE(J33,,K33,L33,M33,N33,O33) -> C3604YH40DH9 | I33: =CONCATENATE(J33,K33,L33,M33,N33,O33,P33,R33) -> C3604YH40DH93A14 | J33: C3604 | K33: YH | L33: 4 | M33: 0 | N33: D | O33: H9 | P33: 3 | Q33: 0.318 | R33: A14 | S33: =ROUND(CY33/E33,0)*2 -> 272 | T33: 0 | V33: 11.6 | W33: =IF(V33="","",INT((AO33+BI33)/$V33)) -> 0 | X33: =IF(V33="","",INT((AP33+BJ33)/$V33)) -> 0 | Y33: =IF(V33="","",INT((AQ33+BK33)/$V33)) -> 0 | Z33: =IF(V33="","",INT((AR33+BL33)/$V33)) -> 0 | AA33: =IF(V33="","",INT((AS33+BM33)/$V33)) -> 0 | AB33: =IF(V33="","",INT((AT33+BN33)/$V33)) -> 0 | AC33: =IF(V33="","",INT((AU33+BO33)/$V33)) -> 0 | AD33: =IF(V33="","",INT((AV33+BP33)/$V33)) -> 0 | AE33: =IF(V33="","",SUM(W33:AC33)) -> 0 | AF33: =AE33 -> 0 | AG33: =T33 -> 0 | AH33: =IFERROR(VALUE("0"&RIGHT(AG33,(LEN(AG33)-LEN(TRUNC(AG33))))),"") -> 0 | AJ33: =$CI33 -> 0 | AK33: =IF(V33="","",IF(AJ33=0,1,AJ33/$V33/$E33)) -> 1 | AL33: =IF(V33="","",MAX(ROUNDUP((IF(AI33+AJ33=0,0,AH33)+AI33+AK33-1),2),0)) -> 0 | AM33: =IF(V33="","",AG33+U33-AL33) -> 0 | AP33: =$CJ33 -> 0 | AU33: =CK33 -> 0 | AV33: =CL33 -> 0 | AW33: =SUM(AO33:AV33) -> 0 | AX33: =IF(V33="","",INT(AW33/$V33)) -> 0 | AY33: =IF(V33="","",AW33-AL33*$E33*$V33) -> 0 | AZ33: =IF($V33="","",AY33/$V33) -> 0 | BA33: =AM33 -> 0 | BB33: =VALUE("0"&RIGHT(BA33,(LEN(BA33)-LEN(TRUNC(BA33))))) -> 0 | BD33: =$CM33 -> 0 | BE33: =IF(AA33="","",IF(BD33=0,1,BD33/$V33/$E33)) -> 1 | BF33: =IF(V33="","",MAX(ROUNDUP((IF(BC33+BD33=0,0,BB33)+BC33+BE33-1),2),0)) -> 0 | BG33: =IF(AA33="","",BA33-BF33) -> 0 | BJ33: =$CN33 -> 0 | BO33: =CO33 -> 0 | BP33: =CP33 -> 0 | BQ33: =SUM(BI33:BP33) -> 0 | BR33: =IF(AA33="","",INT(BQ33/$V33)) -> 0 | BS33: =IF(AA33="","",-BF33*$E33*$V33+BQ33) -> 0 | BT33: =IF($V33="","",BS33/$V33) -> 0 | BU33: =IFERROR(AE33,"") -> 0 | BV33: =IFERROR(BF33+AL33,"") -> 0 | BW33: =IFERROR(BT33+AZ33,"") -> 0 | BX33: =IF($Q33="","",(BF33+AL33)*$Q33) -> 0 | BY33: =IFERROR(BF33+AL33,0) -> 0 | BZ33: =BY33 -> 0 | CA33: =IFERROR((BQ33+AW33)/1000,"") -> 0 | CB33: =IFERROR(BR33+AX33,"") -> 0 | CC33: =IFERROR(BS33+AY33,"") -> 0 | CD33: =IFERROR(BT33+AZ33,"") -> 0 | CG33: =IF(BX33="",0,(BX33-CA33)+((AV33+BP33)/1000)) -> 0 | CH33: =CG33 -> 0 | CQ33: =INT(IFERROR( CJ33/$V33,0)) -> 0 | CR33: =INT(IFERROR( CK33/$V33,0)) -> 0 | CS33: =INT(IFERROR( CL33/$V33,0)) -> 0 | CT33: =INT(IFERROR( AE33-CQ33-CU33-CR33,0)) -> 0 | CU33: =INT(IFERROR( AC33-CR33,0)) -> 0 | CV33: =INT(IFERROR( AD33-CS33,0)) -> 0 | CW33: T | CX33: 12 | CY33: =INT(60/CX33*60*(12-(CEILING((60/CX33*60*12)/E33,1)*IF(CW33="T",0.45,IF(CW33="",5,3))/60))) -> 3262 | CZ33: =IF(CX33="",0,(IF(CW33="",360,180)/(60/CX33))*1.35) -> 48.6 | DE33: =IFERROR(CQ33+CR33,"") -> 0 | DF33: =IFERROR(AL33,"") -> 0 | DG33: =IFERROR(AZ33,"") -> 0 | DH33: =IFERROR(CT33+CU33,"") -> 0 | DI33: =IFERROR(BF33,"") -> 0 | DJ33: =IFERROR(BT33,"") -> 0 | DK33: =IFERROR(DE33+DH33,"") -> 0 | DL33: =IFERROR(DF33+DI33,"") -> 0 | DM33: =IFERROR(DG33+DJ33,"") -> 0 | DN33: =T33 -> 0 | DO33: =U33 -> 0 | DW33: =IFERROR(BU33+BV33,"") -> 0 | DX33: =IFERROR(DK33+DL33+DM33,"") -> 0 | DY33: =CQ33+CR33+CS33+CT33+CU33+CV33 -> 0 | DZ33: =IFERROR((AD33*V33/1000),0) -> 0 | EA33: =IFERROR((AE33*V33/1000),0) -> 0 | EB33: =BX33-EA33 -> 0 | EC33: =EB33+DZ33 -> 0 | EF33: =DG33+DJ33 -> 0
A34: 27 | B34: C27 | D34: P9 | E34: 189 | F34: C | G34: =CONCATENATE(K34,J34,"-",IF(N34="D",L34,IF(N34="H",CONCATENATE(N34,L34),CONCATENATE(N34,L34,"x",M34))),"x",P34,"-",O34,R34) -> SSSUS304K-4x3-H9A08 | H34: =CONCATENATE(J34,,K34,L34,M34,N34,O34) -> SUS304KSS40DH9 | I34: =CONCATENATE(J34,K34,L34,M34,N34,O34,P34,R34) -> SUS304KSS40DH93A08 | J34: SUS304K | K34: SS | L34: 4 | M34: 0 | N34: D | O34: H9 | P34: 3 | Q34: 0.296 | R34: A08 | S34: =ROUND(CY34/E34,0)*2 -> 46 | T34: 0 | V34: 0.45 | W34: =IF(V34="","",INT((AO34+BI34)/$V34)) -> 0 | X34: =IF(V34="","",INT((AP34+BJ34)/$V34)) -> 0 | Y34: =IF(V34="","",INT((AQ34+BK34)/$V34)) -> 0 | Z34: =IF(V34="","",INT((AR34+BL34)/$V34)) -> 0 | AA34: =IF(V34="","",INT((AS34+BM34)/$V34)) -> 0 | AB34: =IF(V34="","",INT((AT34+BN34)/$V34)) -> 0 | AC34: =IF(V34="","",INT((AU34+BO34)/$V34)) -> 0 | AD34: =IF(V34="","",INT((AV34+BP34)/$V34)) -> 0 | AE34: =IF(V34="","",SUM(W34:AC34)) -> 0 | AF34: =AE34 -> 0 | AG34: =T34 -> 0 | AH34: =IFERROR(VALUE("0"&RIGHT(AG34,(LEN(AG34)-LEN(TRUNC(AG34))))),"") -> 0 | AJ34: =$CI34 -> 0 | AK34: =IF(V34="","",IF(AJ34=0,1,AJ34/$V34/$E34)) -> 1 | AL34: =IF(V34="","",MAX(ROUNDUP((IF(AI34+AJ34=0,0,AH34)+AI34+AK34-1),2),0)) -> 0 | AM34: =IF(V34="","",AG34+U34-AL34) -> 0 | AT34: =$CJ34 -> 0 | AU34: =CK34 -> 0 | AV34: =CL34 -> 0 | AW34: =SUM(AO34:AV34) -> 0 | AX34: =IF(V34="","",INT(AW34/$V34)) -> 0 | AY34: =IF(V34="","",AW34-AL34*$E34*$V34) -> 0 | AZ34: =IF($V34="","",AY34/$V34) -> 0 | BA34: =AM34 -> 0 | BB34: =VALUE("0"&RIGHT(BA34,(LEN(BA34)-LEN(TRUNC(BA34))))) -> 0 | BD34: =$CM34 -> 0 | BE34: =IF(AA34="","",IF(BD34=0,1,BD34/$V34/$E34)) -> 1 | BF34: =IF(V34="","",MAX(ROUNDUP((IF(BC34+BD34=0,0,BB34)+BC34+BE34-1),2),0)) -> 0 | BG34: =IF(AA34="","",BA34-BF34) -> 0 | BN34: =$CN34 -> 0 | BO34: =CO34 -> 0 | BP34: =CP34 -> 0 | BQ34: =SUM(BI34:BP34) -> 0 | BR34: =IF(AA34="","",INT(BQ34/$V34)) -> 0 | BS34: =IF(AA34="","",-BF34*$E34*$V34+BQ34) -> 0 | BT34: =IF($V34="","",BS34/$V34) -> 0 | BU34: =IFERROR(AE34,"") -> 0 | BV34: =IFERROR(BF34+AL34,"") -> 0 | BW34: =IFERROR(BT34+AZ34,"") -> 0 | BX34: =IF($Q34="","",(BF34+AL34)*$Q34) -> 0 | BY34: =IFERROR(BF34+AL34,0) -> 0 | BZ34: =BY34 -> 0 | CA34: =IFERROR((BQ34+AW34)/1000,"") -> 0 | CB34: =IFERROR(BR34+AX34,"") -> 0 | CC34: =IFERROR(BS34+AY34,"") -> 0 | CD34: =IFERROR(BT34+AZ34,"") -> 0 | CG34: =IF(BX34="",0,(BX34-CA34)+((AV34+BP34)/1000)) -> 0 | CH34: =CG34 -> 0 | CQ34: =INT(IFERROR( CJ34/$V34,0)) -> 0 | CR34: =INT(IFERROR( CK34/$V34,0)) -> 0 | CS34: =INT(IFERROR( CL34/$V34,0)) -> 0 | CT34: =INT(IFERROR( AE34-CQ34-CU34-CR34,0)) -> 0 | CU34: =INT(IFERROR( AC34-CR34,0)) -> 0 | CV34: =INT(IFERROR( AD34-CS34,0)) -> 0 | CX34: 8 | CY34: =INT(60/CX34*60*(12-(CEILING((60/CX34*60*12)/E34,1)*IF(CW34="T",0.45,IF(CW34="",5,3))/60))) -> 4312 | CZ34: =IF(CX34="",0,(IF(CW34="",360,180)/(60/CX34))*1.35) -> 64.8 | DE34: =IFERROR(CQ34+CR34,"") -> 0 | DF34: =IFERROR(AL34,"") -> 0 | DG34: =IFERROR(AZ34,"") -> 0 | DH34: =IFERROR(CT34+CU34,"") -> 0 | DI34: =IFERROR(BF34,"") -> 0 | DJ34: =IFERROR(BT34,"") -> 0 | DK34: =IFERROR(DE34+DH34,"") -> 0 | DL34: =IFERROR(DF34+DI34,"") -> 0 | DM34: =IFERROR(DG34+DJ34,"") -> 0 | DN34: =T34 -> 0 | DO34: =U34 -> 0 | DW34: =IFERROR(BU34+BV34,"") -> 0 | DX34: =IFERROR(DK34+DL34+DM34,"") -> 0 | DY34: =CQ34+CR34+CS34+CT34+CU34+CV34 -> 0 | DZ34: =IFERROR((AD34*V34/1000),0) -> 0 | EA34: =IFERROR((AE34*V34/1000),0) -> 0 | EB34: =BX34-EA34 -> 0 | EC34: =(BX34-CA34)+((AV34+BP34)/1000) -> 0 | EF34: =DG34+DJ34 -> 0
A35: 28 | B35: C28 | D35: 699 | E35: 186 | F35: A | G35: =CONCATENATE(K35,J35,"-",IF(N35="D",L35,IF(N35="H",CONCATENATE(N35,L35),CONCATENATE(N35,L35,"x",M35))),"x",P35,"-",O35,R35) -> IBC3604-6.5x3-H9A14 | H35: =CONCATENATE(J35,,K35,L35,M35,N35,O35) -> C3604IB6.50DH9 | I35: =CONCATENATE(J35,K35,L35,M35,N35,O35,P35,R35) -> C3604IB6.50DH93A14 | J35: C3604 | K35: IB | L35: 6.5 | M35: 0 | N35: D | O35: H9 | P35: 3 | Q35: 0.841 | R35: A14 | S35: =ROUND(CY35/E35,0)*2 -> 34 | T35: 0 | V35: 1.05 | W35: =IF(V35="","",INT((AO35+BI35)/$V35)) -> 0 | X35: =IF(V35="","",INT((AP35+BJ35)/$V35)) -> 0 | Y35: =IF(V35="","",INT((AQ35+BK35)/$V35)) -> 0 | Z35: =IF(V35="","",INT((AR35+BL35)/$V35)) -> 0 | AA35: =IF(V35="","",INT((AS35+BM35)/$V35)) -> 0 | AB35: =IF(V35="","",INT((AT35+BN35)/$V35)) -> 0 | AC35: =IF(V35="","",INT((AU35+BO35)/$V35)) -> 0 | AD35: =IF(V35="","",INT((AV35+BP35)/$V35)) -> 0 | AE35: =IF(V35="","",SUM(W35:AC35)) -> 0 | AF35: =AE35 -> 0 | AG35: =T35 -> 0 | AH35: =IFERROR(VALUE("0"&RIGHT(AG35,(LEN(AG35)-LEN(TRUNC(AG35))))),"") -> 0 | AJ35: =$CI35 -> 0 | AK35: =IF(V35="","",IF(AJ35=0,1,AJ35/$V35/$E35)) -> 1 | AL35: =IF(V35="","",MAX(ROUNDUP((IF(AI35+AJ35=0,0,AH35)+AI35+AK35-1),2),0)) -> 0 | AM35: =IF(V35="","",AG35+U35-AL35) -> 0 | AT35: =$CJ35 -> 0 | AU35: =CK35 -> 0 | AV35: =CL35 -> 0 | AW35: =SUM(AO35:AV35) -> 0 | AX35: =IF(V35="","",INT(AW35/$V35)) -> 0 | AY35: =IF(V35="","",AW35-AL35*$E35*$V35) -> 0 | AZ35: =IF($V35="","",AY35/$V35) -> 0 | BA35: =AM35 -> 0 | BB35: =VALUE("0"&RIGHT(BA35,(LEN(BA35)-LEN(TRUNC(BA35))))) -> 0 | BD35: =$CM35 -> 0 | BE35: =IF(AA35="","",IF(BD35=0,1,BD35/$V35/$E35)) -> 1 | BF35: =IF(V35="","",MAX(ROUNDUP((IF(BC35+BD35=0,0,BB35)+BC35+BE35-1),2),0)) -> 0 | BG35: =IF(AA35="","",BA35-BF35) -> 0 | BN35: =$CN35 -> 0 | BO35: =CO35 -> 0 | BP35: =CP35 -> 0 | BQ35: =SUM(BI35:BP35) -> 0 | BR35: =IF(AA35="","",INT(BQ35/$V35)) -> 0 | BS35: =IF(AA35="","",-BF35*$E35*$V35+BQ35) -> 0 | BT35: =IF($V35="","",BS35/$V35) -> 0 | BU35: =IFERROR(AE35,"") -> 0 | BV35: =IFERROR(BF35+AL35,"") -> 0 | BW35: =IFERROR(BT35+AZ35,"") -> 0 | BX35: =IF($Q35="","",(BF35+AL35)*$Q35) -> 0 | BY35: =IFERROR(BF35+AL35,0) -> 0 | BZ35: =BY35 -> 0 | CA35: =IFERROR((BQ35+AW35)/1000,"") -> 0 | CB35: =IFERROR(BR35+AX35,"") -> 0 | CC35: =IFERROR(BS35+AY35,"") -> 0 | CD35: =IFERROR(BT35+AZ35,"") -> 0 | CG35: =IF(BX35="",0,(BX35-CA35)+((AV35+BP35)/1000)) -> 0 | CH35: =CG35 -> 0 | CQ35: =INT(IFERROR( CJ35/$V35,0)) -> 0 | CR35: =INT(IFERROR( CK35/$V35,0)) -> 0 | CS35: =INT(IFERROR( CL35/$V35,0)) -> 0 | CT35: =INT(IFERROR( AE35-CQ35-CU35-CR35,0)) -> 0 | CU35: =INT(IFERROR( AC35-CR35,0)) -> 0 | CV35: =INT(IFERROR( AD35-CS35,0)) -> 0 | CW35: A | CX35: 13 | CY35: =INT(60/CX35*60*(12-(CEILING((60/CX35*60*12)/E35,1)*IF(CW35="T",0.45,IF(CW35="",5,3))/60))) -> 3073 | CZ35: =IF(CX35="",0,(IF(CW35="",360,180)/(60/CX35))*1.35) -> 52.65 | DE35: =IFERROR(CQ35+CR35,"") -> 0 | DF35: =IFERROR(AL35,"") -> 0 | DG35: =IFERROR(AZ35,"") -> 0 | DH35: =IFERROR(CT35+CU35,"") -> 0 | DI35: =IFERROR(BF35,"") -> 0 | DJ35: =IFERROR(BT35,"") -> 0 | DK35: =IFERROR(DE35+DH35,"") -> 0 | DL35: =IFERROR(DF35+DI35,"") -> 0 | DM35: =IFERROR(DG35+DJ35,"") -> 0 | DN35: =T35 -> 0 | DO35: =U35 -> 0 | DW35: =IFERROR(BU35+BV35,"") -> 0 | DX35: =IFERROR(DK35+DL35+DM35,"") -> 0 | DY35: =CQ35+CR35+CS35+CT35+CU35+CV35 -> 0 | DZ35: =IFERROR((AD35*V35/1000),0) -> 0 | EA35: =IFERROR((AE35*V35/1000),0) -> 0 | EB35: =BX35-EA35 -> 0 | EC35: =(BX35-CA35)+((AV35+BP35)/1000) -> 0 | EF35: =DG35+DJ35 -> 0
A36: 29 | B36: C29 | D36: SC5 | E36: 40 | F36: B | G36: =CONCATENATE(K36,J36,"-",IF(N36="D",L36,IF(N36="H",CONCATENATE(N36,L36),CONCATENATE(N36,L36,"x",M36))),"x",P36,"-",O36,R36) -> TV12L14-5.97x2.5-H9B14 | H36: =CONCATENATE(J36,,K36,L36,M36,N36,O36) -> 12L14TV5.970DH9 | I36: =CONCATENATE(J36,K36,L36,M36,N36,O36,P36,R36) -> 12L14TV5.970DH92.5B14 | J36: 12L14 | K36: TV | L36: 5.97 | M36: 0 | N36: D | O36: H9 | P36: 2.5 | Q36: 0.547 | R36: B14 | S36: =ROUND(CY36/E36,0)*2 -> 76 | T36: 79 | U36: 21 | V36: 4.45 | W36: =IF(V36="","",INT((AO36+BI36)/$V36)) -> 0 | X36: =IF(V36="","",INT((AP36+BJ36)/$V36)) -> 3078 | Y36: =IF(V36="","",INT((AQ36+BK36)/$V36)) -> 0 | Z36: =IF(V36="","",INT((AR36+BL36)/$V36)) -> 0 | AA36: =IF(V36="","",INT((AS36+BM36)/$V36)) -> 0 | AB36: =IF(V36="","",INT((AT36+BN36)/$V36)) -> 0 | AC36: =IF(V36="","",INT((AU36+BO36)/$V36)) -> 0 | AD36: =IF(V36="","",INT((AV36+BP36)/$V36)) -> 8 | AE36: =IF(V36="","",SUM(W36:AC36)) -> 3078 | AF36: =AE36 -> 3078 | AG36: =T36 -> 79 | AH36: =IFERROR(VALUE("0"&RIGHT(AG36,(LEN(AG36)-LEN(TRUNC(AG36))))),"") -> 0 | AI36: 39 | AJ36: =$CI36 -> 0 | AK36: =IF(V36="","",IF(AJ36=0,1,AJ36/$V36/$E36)) -> 1 | AL36: =IF(V36="","",MAX(ROUNDUP((IF(AI36+AJ36=0,0,AH36)+AI36+AK36-1),2),0)) -> 39 | AM36: =IF(V36="","",AG36+U36-AL36) -> 61 | AP36: =$CJ36 -> 7000 | AU36: =CK36 -> 0 | AV36: =CL36 -> 0 | AW36: =SUM(AO36:AV36) -> 7000 | AX36: =IF(V36="","",INT(AW36/$V36)) -> 1573 | AY36: =IF(V36="","",AW36-AL36*$E36*$V36) -> 58 | AZ36: =IF($V36="","",AY36/$V36) -> 13.033708 | BA36: =AM36 -> 61 | BB36: =VALUE("0"&RIGHT(BA36,(LEN(BA36)-LEN(TRUNC(BA36))))) -> 0 | BC36: 38 | BD36: =$CM36 -> 0 | BE36: =IF(AA36="","",IF(BD36=0,1,BD36/$V36/$E36)) -> 1 | BF36: =IF(V36="","",MAX(ROUNDUP((IF(BC36+BD36=0,0,BB36)+BC36+BE36-1),2),0)) -> 38 | BG36: =IF(AA36="","",BA36-BF36) -> 23 | BJ36: =$CN36 -> 6700 | BO36: =CO36 -> 0 | BP36: =CP36 -> 38 | BQ36: =SUM(BI36:BP36) -> 6738 | BR36: =IF(AA36="","",INT(BQ36/$V36)) -> 1514 | BS36: =IF(AA36="","",-BF36*$E36*$V36+BQ36) -> -26 | BT36: =IF($V36="","",BS36/$V36) -> -5.8426966 | BU36: =IFERROR(AE36,"") -> 3078 | BV36: =IFERROR(BF36+AL36,"") -> 77 | BW36: =IFERROR(BT36+AZ36,"") -> 7.1910112 | BX36: =IF($Q36="","",(BF36+AL36)*$Q36) -> 42.119 | BY36: =IFERROR(BF36+AL36,0) -> 77 | BZ36: =BY36 -> 77 | CA36: =IFERROR((BQ36+AW36)/1000,"") -> 13.738 | CB36: =IFERROR(BR36+AX36,"") -> 3087 | CC36: =IFERROR(BS36+AY36,"") -> 32 | CD36: =IFERROR(BT36+AZ36,"") -> 7.1910112 | CG36: =IF(BX36="",0,(BX36-CA36)+((AV36+BP36)/1000)) -> 28.419 | CH36: =CG36 -> 28.419 | CJ36: 7000 | CN36: 6700 | CP36: 38 | CQ36: =INT(IFERROR( CJ36/$V36,0)) -> 1573 | CR36: =INT(IFERROR( CK36/$V36,0)) -> 0 | CS36: =INT(IFERROR( CL36/$V36,0)) -> 0 | CT36: =INT(IFERROR( AE36-CQ36-CU36-CR36,0)) -> 1505 | CU36: =INT(IFERROR( AC36-CR36,0)) -> 0 | CV36: =INT(IFERROR( AD36-CS36,0)) -> 8 | CW36: A | CX36: 23 | CY36: =INT(60/CX36*60*(12-(CEILING((60/CX36*60*12)/E36,1)*IF(CW36="T",0.45,IF(CW36="",5,3))/60))) -> 1510 | CZ36: =IF(CX36="",0,(IF(CW36="",360,180)/(60/CX36))*1.35) -> 93.15 | DE36: =IFERROR(CQ36+CR36,"") -> 1573 | DF36: =IFERROR(AL36,"") -> 39 | DG36: =IFERROR(AZ36,"") -> 13.033708 | DH36: =IFERROR(CT36+CU36,"") -> 1505 | DI36: =IFERROR(BF36,"") -> 38 | DJ36: =IFERROR(BT36,"") -> -5.8426966 | DK36: =IFERROR(DE36+DH36,"") -> 3078 | DL36: =IFERROR(DF36+DI36,"") -> 77 | DM36: =IFERROR(DG36+DJ36,"") -> 7.1910112 | DN36: =T36 -> 79 | DO36: =U36 -> 21 | DR36: B14C290515 | DW36: =IFERROR(AL36+BF36,"") -> 77 | DX36: =IFERROR(DK36+DL36+DM36,"") -> 3162.191 | DY36: =CQ36+CR36+CS36+CT36+CU36+CV36 -> 3086 | DZ36: =IFERROR((AD36*V36/1000),0) -> 0.0356 | EA36: =IFERROR((AE36*V36/1000),0) -> 13.6971 | EB36: =BX36-EA36 -> 28.4219 | EC36: =EB36+DZ36 -> 28.4575 | EF36: =DG36+DJ36 -> 7.1910112
A37: 30 | B37: C30 | D37: F3 91B | E37: 243 | F37: A | G37: =CONCATENATE(K37,J37,"-",IF(N37="D",L37,IF(N37="H",CONCATENATE(N37,L37),CONCATENATE(N37,L37,"x",M37))),"x",P37,"-",O37,R37) -> GAA5052-5.7x3-H9A14 | H37: =CONCATENATE(J37,,K37,L37,M37,N37,O37) -> A5052GA5.70DH9 | I37: =CONCATENATE(J37,K37,L37,M37,N37,O37,P37,R37) -> A5052GA5.70DH93A14 | J37: A5052 | K37: GA | L37: 5.7 | M37: 0 | N37: D | O37: H9 | P37: 3 | Q37: 0.204 | R37: A14 | S37: =ROUND(CY37/E37,0)*2 -> 18 | T37: 9 | U37: 11 | V37: 0.11 | W37: =IF(V37="","",INT((AO37+BI37)/$V37)) -> 0 | X37: =IF(V37="","",INT((AP37+BJ37)/$V37)) -> 0 | Y37: =IF(V37="","",INT((AQ37+BK37)/$V37)) -> 0 | Z37: =IF(V37="","",INT((AR37+BL37)/$V37)) -> 0 | AA37: =IF(V37="","",INT((AS37+BM37)/$V37)) -> 0 | AB37: =IF(V37="","",INT((AT37+BN37)/$V37)) -> 0 | AC37: =IF(V37="","",INT((AU37+BO37)/$V37)) -> 0 | AD37: =IF(V37="","",INT((AV37+BP37)/$V37)) -> 0 | AE37: =IF(V37="","",SUM(W37:AC37)) -> 0 | AF37: =AE37 -> 0 | AG37: =T37 -> 9 | AH37: =IFERROR(VALUE("0"&RIGHT(AG37,(LEN(AG37)-LEN(TRUNC(AG37))))),"") -> 0 | AJ37: =$CI37 -> 0 | AK37: =IF(V37="","",IF(AJ37=0,1,AJ37/$V37/$E37)) -> 1 | AL37: =IF(V37="","",MAX(ROUNDUP((IF(AI37+AJ37=0,0,AH37)+AI37+AK37-1),2),0)) -> 0 | AM37: =IF(V37="","",AG37+U37-AL37) -> 20 | AT37: =$CJ37 -> 0 | AU37: =CK37 -> 0 | AV37: =CL37 -> 0 | AW37: =SUM(AO37:AV37) -> 0 | AX37: =IF(V37="","",INT(AW37/$V37)) -> 0 | AY37: =IF(V37="","",AW37-AL37*$E37*$V37) -> 0 | AZ37: =IF($V37="","",AY37/$V37) -> 0 | BA37: =AM37 -> 20 | BB37: =VALUE("0"&RIGHT(BA37,(LEN(BA37)-LEN(TRUNC(BA37))))) -> 0 | BD37: =$CM37 -> 0 | BE37: =IF(AA37="","",IF(BD37=0,1,BD37/$V37/$E37)) -> 1 | BF37: =IF(V37="","",MAX(ROUNDUP((IF(BC37+BD37=0,0,BB37)+BC37+BE37-1),2),0)) -> 0 | BG37: =IF(AA37="","",BA37-BF37) -> 20 | BN37: =$CN37 -> 0 | BO37: =CO37 -> 0 | BP37: =CP37 -> 0 | BQ37: =SUM(BI37:BP37) -> 0 | BR37: =IF(AA37="","",INT(BQ37/$V37)) -> 0 | BS37: =IF(AA37="","",-BF37*$E37*$V37+BQ37) -> 0 | BT37: =IF($V37="","",BS37/$V37) -> 0 | BU37: =IFERROR(AE37,"") -> 0 | BV37: =IFERROR(BF37+AL37,"") -> 0 | BW37: =IFERROR(BT37+AZ37,"") -> 0 | BX37: =IF($Q37="","",(BF37+AL37)*$Q37) -> 0 | BY37: =IFERROR(BF37+AL37,0) -> 0 | BZ37: =BY37 -> 0 | CA37: =IFERROR((BQ37+AW37)/1000,"") -> 0 | CB37: =IFERROR(BR37+AX37,"") -> 0 | CC37: =IFERROR(BS37+AY37,"") -> 0 | CD37: =IFERROR(BT37+AZ37,"") -> 0 | CG37: =IF(BX37="",0,(BX37-CA37)+((AV37+BP37)/1000)) -> 0 | CH37: =CG37 -> 0 | CQ37: =INT(IFERROR( CJ37/$V37,0)) -> 0 | CR37: =INT(IFERROR( CK37/$V37,0)) -> 0 | CS37: =INT(IFERROR( CL37/$V37,0)) -> 0 | CT37: =INT(IFERROR( AE37-CQ37-CU37-CR37,0)) -> 0 | CU37: =INT(IFERROR( AC37-CR37,0)) -> 0 | CV37: =INT(IFERROR( AD37-CS37,0)) -> 0 | CW37: A | CX37: 18 | CY37: =INT(60/CX37*60*(12-(CEILING((60/CX37*60*12)/E37,1)*IF(CW37="T",0.45,IF(CW37="",5,3))/60))) -> 2300 | CZ37: =IF(CX37="",0,(IF(CW37="",360,180)/(60/CX37))*1.35) -> 72.9 | DE37: =IFERROR(CQ37+CR37,"") -> 0 | DF37: =IFERROR(AL37,"") -> 0 | DG37: =IFERROR(AZ37,"") -> 0 | DH37: =IFERROR(CT37+CU37,"") -> 0 | DI37: =IFERROR(BF37,"") -> 0 | DJ37: =IFERROR(BT37,"") -> 0 | DK37: =IFERROR(DE37+DH37,"") -> 0 | DL37: =IFERROR(DF37+DI37,"") -> 0 | DM37: =IFERROR(DG37+DJ37,"") -> 0 | DN37: =T37 -> 9 | DO37: =U37 -> 11 | DR37: A14C300515 | DW37: =IFERROR(BU37+BV37,"") -> 0 | DX37: =IFERROR(DK37+DL37+DM37,"") -> 0 | DY37: =CQ37+CR37+CS37+CT37+CU37+CV37 -> 0 | DZ37: =IFERROR((AD37*V37/1000),0) -> 0 | EA37: =IFERROR((AE37*V37/1000),0) -> 0 | EB37: =BX37-EA37 -> 0 | EC37: =EB37+DZ37 -> 0 | EF37: =DG37+DJ37 -> 0
A38: 31 | B38: C31 | D38: Y1 800 | E38: 373 | F38: C | G38: =CONCATENATE(K38,J38,"-",IF(N38="D",L38,IF(N38="H",CONCATENATE(N38,L38),CONCATENATE(N38,L38,"x",M38))),"x",P38,"-",O38,R38) -> MESUS303-5x3-H7B13 | H38: =CONCATENATE(J38,,K38,L38,M38,N38,O38) -> SUS303ME50DH7 | I38: =CONCATENATE(J38,K38,L38,M38,N38,O38,P38,R38) -> SUS303ME50DH73B13 | J38: SUS303 | K38: ME | L38: 5 | M38: 0 | N38: D | O38: H7 | P38: 3 | Q38: 0.47 | R38: B13 | S38: =ROUND(CY38/E38,0)*2 -> 4 | T38: 19 | V38: 0.915 | W38: =IF(V38="","",INT((AO38+BI38)/$V38)) -> 0 | X38: =IF(V38="","",INT((AP38+BJ38)/$V38)) -> 0 | Y38: =IF(V38="","",INT((AQ38+BK38)/$V38)) -> 0 | Z38: =IF(V38="","",INT((AR38+BL38)/$V38)) -> 0 | AA38: =IF(V38="","",INT((AS38+BM38)/$V38)) -> 0 | AB38: =IF(V38="","",INT((AT38+BN38)/$V38)) -> 0 | AC38: =IF(V38="","",INT((AU38+BO38)/$V38)) -> 0 | AD38: =IF(V38="","",INT((AV38+BP38)/$V38)) -> 0 | AE38: =IF(V38="","",SUM(W38:AC38)) -> 0 | AF38: =AE38 -> 0 | AG38: =T38 -> 19 | AH38: =IFERROR(VALUE("0"&RIGHT(AG38,(LEN(AG38)-LEN(TRUNC(AG38))))),"") -> 0 | AJ38: =$CI38 -> 0 | AK38: =IF(V38="","",IF(AJ38=0,1,AJ38/$V38/$E38)) -> 1 | AL38: =IF(V38="","",MAX(ROUNDUP((IF(AI38+AJ38=0,0,AH38)+AI38+AK38-1),2),0)) -> 0 | AM38: =IF(V38="","",AG38+U38-AL38) -> 19 | AP38: =$CJ38 -> 0 | AU38: =CK38 -> 0 | AV38: =CL38 -> 0 | AW38: =SUM(AO38:AV38) -> 0 | AX38: =IF(V38="","",INT(AW38/$V38)) -> 0 | AY38: =IF(V38="","",AW38-AL38*$E38*$V38) -> 0 | AZ38: =IF($V38="","",AY38/$V38) -> 0 | BA38: =AM38 -> 19 | BB38: =VALUE("0"&RIGHT(BA38,(LEN(BA38)-LEN(TRUNC(BA38))))) -> 0 | BD38: =$CM38 -> 0 | BE38: =IF(AA38="","",IF(BD38=0,1,BD38/$V38/$E38)) -> 1 | BF38: =IF(V38="","",MAX(ROUNDUP((IF(BC38+BD38=0,0,BB38)+BC38+BE38-1),2),0)) -> 0 | BG38: =IF(AA38="","",BA38-BF38) -> 19 | BJ38: =$CN38 -> 0 | BO38: =CO38 -> 0 | BP38: =CP38 -> 0 | BQ38: =SUM(BI38:BP38) -> 0 | BR38: =IF(AA38="","",INT(BQ38/$V38)) -> 0 | BS38: =IF(AA38="","",-BF38*$E38*$V38+BQ38) -> 0 | BT38: =IF($V38="","",BS38/$V38) -> 0 | BU38: =IFERROR(AE38,"") -> 0 | BV38: =IFERROR(BF38+AL38,"") -> 0 | BW38: =IFERROR(BT38+AZ38,"") -> 0 | BX38: =IF($Q38="","",(BF38+AL38)*$Q38) -> 0 | BY38: =IFERROR(BF38+AL38,0) -> 0 | BZ38: =BY38 -> 0 | CA38: =IFERROR((BQ38+AW38)/1000,"") -> 0 | CB38: =IFERROR(BR38+AX38,"") -> 0 | CC38: =IFERROR(BS38+AY38,"") -> 0 | CD38: =IFERROR(BT38+AZ38,"") -> 0 | CG38: =IF(BX38="",0,(BX38-CA38)+((AV38+BP38)/1000)) -> 0 | CH38: =CG38 -> 0 | CQ38: =INT(IFERROR( CJ38/$V38,0)) -> 0 | CR38: =INT(IFERROR( CK38/$V38,0)) -> 0 | CS38: =INT(IFERROR( CL38/$V38,0)) -> 0 | CT38: =INT(IFERROR( AE38-CQ38-CU38-CR38,0)) -> 0 | CU38: =INT(IFERROR( AC38-CR38,0)) -> 0 | CV38: =INT(IFERROR( AD38-CS38,0)) -> 0 | CW38: A | CX38: 60 | CY38: =INT(60/CX38*60*(12-(CEILING((60/CX38*60*12)/E38,1)*IF(CW38="T",0.45,IF(CW38="",5,3))/60))) -> 714 | CZ38: =IF(CX38="",0,(IF(CW38="",360,180)/(60/CX38))*1.35) -> 243 | DE38: =IFERROR(CQ38+CR38,"") -> 0 | DF38: =IFERROR(AL38,"") -> 0 | DG38: =IFERROR(AZ38,"") -> 0 | DH38: =IFERROR(CT38+CU38,"") -> 0 | DI38: =IFERROR(BF38,"") -> 0 | DJ38: =IFERROR(BT38,"") -> 0 | DK38: =IFERROR(DE38+DH38,"") -> 0 | DL38: =IFERROR(DF38+DI38,"") -> 0 | DM38: =IFERROR(DG38+DJ38,"") -> 0 | DN38: =T38 -> 19 | DO38: =U38 -> 0 | DR38: B13C310515 | DW38: =IFERROR(BU38+BV38,"") -> 0 | DX38: =IFERROR(DK38+DL38+DM38,"") -> 0 | DY38: =CQ38+CR38+CS38+CT38+CU38+CV38 -> 0 | DZ38: =IFERROR((AD38*V38/1000),0) -> 0 | EA38: =IFERROR((AE38*V38/1000),0) -> 0 | EB38: =BX38-EA38 -> 0 | EC38: =EB38+DZ38 -> 0 | EF38: =DG38+DJ38 -> 0
A39: 32 | B39: C32 | D39: F3 91B | E39: 243 | G39: =CONCATENATE(K39,J39,"-",IF(N39="D",L39,IF(N39="H",CONCATENATE(N39,L39),CONCATENATE(N39,L39,"x",M39))),"x",P39,"-",O39,R39) -> GAA5052-5.7x3-H9A14 | H39: =CONCATENATE(J39,,K39,L39,M39,N39,O39) -> A5052GA5.70DH9 | I39: =CONCATENATE(J39,K39,L39,M39,N39,O39,P39,R39) -> A5052GA5.70DH93A14 | J39: A5052 | K39: GA | L39: 5.7 | M39: 0 | N39: D | O39: H9 | P39: 3 | Q39: 0.204 | R39: A14 | S39: =ROUND(CY39/E39,0)*2 -> 10 | T39: 16 | V39: 0.11 | W39: =IF(V39="","",INT((AO39+BI39)/$V39)) -> 0 | X39: =IF(V39="","",INT((AP39+BJ39)/$V39)) -> 0 | Y39: =IF(V39="","",INT((AQ39+BK39)/$V39)) -> 0 | Z39: =IF(V39="","",INT((AR39+BL39)/$V39)) -> 0 | AA39: =IF(V39="","",INT((AS39+BM39)/$V39)) -> 0 | AB39: =IF(V39="","",INT((AT39+BN39)/$V39)) -> 0 | AC39: =IF(V39="","",INT((AU39+BO39)/$V39)) -> 0 | AD39: =IF(V39="","",INT((AV39+BP39)/$V39)) -> 0 | AE39: =IF(V39="","",SUM(W39:AC39)) -> 0 | AF39: =AE39 -> 0 | AG39: =T39 -> 16 | AH39: =IFERROR(VALUE("0"&RIGHT(AG39,(LEN(AG39)-LEN(TRUNC(AG39))))),"") -> 0 | AJ39: =$CI39 -> 0 | AK39: =IF(V39="","",IF(AJ39=0,1,AJ39/$V39/$E39)) -> 1 | AL39: =IF(V39="","",MAX(ROUNDUP((IF(AI39+AJ39=0,0,AH39)+AI39+AK39-1),2),0)) -> 0 | AM39: =IF(V39="","",AG39+U39-AL39) -> 16 | AT39: =$CJ39 -> 0 | AU39: =CK39 -> 0 | AV39: =CL39 -> 0 | AW39: =SUM(AO39:AV39) -> 0 | AX39: =IF(V39="","",INT(AW39/$V39)) -> 0 | AY39: =IF(V39="","",AW39-AL39*$E39*$V39) -> 0 | AZ39: =IF($V39="","",AY39/$V39) -> 0 | BA39: =AM39 -> 16 | BB39: =VALUE("0"&RIGHT(BA39,(LEN(BA39)-LEN(TRUNC(BA39))))) -> 0 | BD39: =$CM39 -> 0 | BE39: =IF(AA39="","",IF(BD39=0,1,BD39/$V39/$E39)) -> 1 | BF39: =IF(V39="","",MAX(ROUNDUP((IF(BC39+BD39=0,0,BB39)+BC39+BE39-1),2),0)) -> 0 | BG39: =IF(AA39="","",BA39-BF39) -> 16 | BN39: =$CN39 -> 0 | BO39: =CO39 -> 0 | BP39: =CP39 -> 0 | BQ39: =SUM(BI39:BP39) -> 0 | BR39: =IF(AA39="","",INT(BQ39/$V39)) -> 0 | BS39: =IF(AA39="","",-BF39*$E39*$V39+BQ39) -> 0 | BT39: =IF($V39="","",BS39/$V39) -> 0 | BU39: =IFERROR(AE39,"") -> 0 | BV39: =IFERROR(BF39+AL39,"") -> 0 | BW39: =IFERROR(BT39+AZ39,"") -> 0 | BX39: =IF($Q39="","",(BF39+AL39)*$Q39) -> 0 | BY39: =IFERROR(BF39+AL39,0) -> 0 | BZ39: =BY39 -> 0 | CA39: =IFERROR((BQ39+AW39)/1000,"") -> 0 | CB39: =IFERROR(BR39+AX39,"") -> 0 | CC39: =IFERROR(BS39+AY39,"") -> 0 | CD39: =IFERROR(BT39+AZ39,"") -> 0 | CG39: =IF(BX39="",0,(BX39-CA39)+((AV39+BP39)/1000)) -> 0 | CH39: =CG39 -> 0 | CQ39: =INT(IFERROR( CJ39/$V39,0)) -> 0 | CR39: =INT(IFERROR( CK39/$V39,0)) -> 0 | CS39: =INT(IFERROR( CL39/$V39,0)) -> 0 | CT39: =INT(IFERROR( AE39-CQ39-CU39-CR39,0)) -> 0 | CU39: =INT(IFERROR( AC39-CR39,0)) -> 0 | CV39: =INT(IFERROR( AD39-CS39,0)) -> 0 | CW39: A | CX39: 35 | CY39: =INT(60/CX39*60*(12-(CEILING((60/CX39*60*12)/E39,1)*IF(CW39="T",0.45,IF(CW39="",5,3))/60))) -> 1203 | CZ39: =IF(CX39="",0,(IF(CW39="",360,180)/(60/CX39))*1.35) -> 141.75 | DE39: =IFERROR(CQ39+CR39,"") -> 0 | DF39: =IFERROR(AL39,"") -> 0 | DG39: =IFERROR(AZ39,"") -> 0 | DH39: =IFERROR(CT39+CU39,"") -> 0 | DI39: =IFERROR(BF39,"") -> 0 | DJ39: =IFERROR(BT39,"") -> 0 | DK39: =IFERROR(DE39+DH39,"") -> 0 | DL39: =IFERROR(DF39+DI39,"") -> 0 | DM39: =IFERROR(DG39+DJ39,"") -> 0 | DN39: =T39 -> 16 | DO39: =U39 -> 0 | DR39: A14C320515 | DW39: =IFERROR(BU39+BV39,"") -> 0 | DX39: =IFERROR(DK39+DL39+DM39,"") -> 0 | DY39: =CQ39+CR39+CS39+CT39+CU39+CV39 -> 0 | DZ39: =IFERROR((AD39*V39/1000),0) -> 0 | EA39: =IFERROR((AE39*V39/1000),0) -> 0 | EB39: =BX39-EA39 -> 0 | EC39: =EB39+DZ39 -> 0 | EF39: =DG39+DJ39 -> 0
A40: 33 | B40: C33 | D40: LD5 | E40: 1166 | F40: A | G40: =CONCATENATE(K40,J40,"-",IF(N40="D",L40,IF(N40="H",CONCATENATE(N40,L40),CONCATENATE(N40,L40,"x",M40))),"x",P40,"-",O40,R40) -> MIC3602-3x2.5-H9A14 | H40: =CONCATENATE(J40,,K40,L40,M40,N40,O40) -> C3602MI30DH9 | I40: =CONCATENATE(J40,K40,L40,M40,N40,O40,P40,R40) -> C3602MI30DH92.5A14 | J40: C3602 | K40: MI | L40: 3 | M40: 0 | N40: D | O40: H9 | P40: 2.5 | Q40: 0.148 | R40: A14 | S40: =ROUND(CY40/E40,0)*2 -> 6 | T40: 41 | U40: 11 | V40: 0.125 | W40: =IF(V40="","",INT((AO40+BI40)/$V40)) -> 0 | X40: =IF(V40="","",INT((AP40+BJ40)/$V40)) -> 0 | Y40: =IF(V40="","",INT((AQ40+BK40)/$V40)) -> 0 | Z40: =IF(V40="","",INT((AR40+BL40)/$V40)) -> 0 | AA40: =IF(V40="","",INT((AS40+BM40)/$V40)) -> 0 | AB40: =IF(V40="","",INT((AT40+BN40)/$V40)) -> 1368 | AC40: =IF(V40="","",INT((AU40+BO40)/$V40)) -> 0 | AD40: =IF(V40="","",INT((AV40+BP40)/$V40)) -> 560 | AE40: =IF(V40="","",SUM(W40:AC40)) -> 1368 | AF40: =AE40 -> 1368 | AG40: =T40 -> 41 | AH40: =IFERROR(VALUE("0"&RIGHT(AG40,(LEN(AG40)-LEN(TRUNC(AG40))))),"") -> 0 | AJ40: =$CI40 -> 0 | AK40: =IF(V40="","",IF(AJ40=0,1,AJ40/$V40/$E40)) -> 1 | AL40: =IF(V40="","",MAX(ROUNDUP((IF(AI40+AJ40=0,0,AH40)+AI40+AK40-1),2),0)) -> 0 | AM40: =IF(V40="","",AG40+U40-AL40) -> 52 | AT40: =$CJ40 -> 0 | AU40: =CK40 -> 0 | AV40: =CL40 -> 0 | AW40: =SUM(AO40:AV40) -> 0 | AX40: =IF(V40="","",INT(AW40/$V40)) -> 0 | AY40: =IF(V40="","",AW40-AL40*$E40*$V40) -> 0 | AZ40: =IF($V40="","",AY40/$V40) -> 0 | BA40: =AM40 -> 52 | BB40: =VALUE("0"&RIGHT(BA40,(LEN(BA40)-LEN(TRUNC(BA40))))) -> 0 | BC40: 2 | BD40: =$CM40 -> 0 | BE40: =IF(AA40="","",IF(BD40=0,1,BD40/$V40/$E40)) -> 1 | BF40: =IF(V40="","",MAX(ROUNDUP((IF(BC40+BD40=0,0,BB40)+BC40+BE40-1),2),0)) -> 2 | BG40: =IF(AA40="","",BA40-BF40) -> 50 | BN40: =$CN40 -> 171 | BO40: =CO40 -> 0 | BP40: =CP40 -> 70 | BQ40: =SUM(BI40:BP40) -> 241 | BR40: =IF(AA40="","",INT(BQ40/$V40)) -> 1928 | BS40: =IF(AA40="","",-BF40*$E40*$V40+BQ40) -> -50.5 | BT40: =IF($V40="","",BS40/$V40) -> -404 | BU40: =IFERROR(AE40,"") -> 1368 | BV40: =IFERROR(BF40+AL40,"") -> 2 | BW40: =IFERROR(BT40+AZ40,"") -> -404 | BX40: =IF($Q40="","",(BF40+AL40)*$Q40) -> 0.296 | BY40: =IFERROR(BF40+AL40,0) -> 2 | BZ40: =BY40 -> 2 | CA40: =IFERROR((BQ40+AW40)/1000,"") -> 0.241 | CB40: =IFERROR(BR40+AX40,"") -> 1928 | CC40: =IFERROR(BS40+AY40,"") -> -50.5 | CD40: =IFERROR(BT40+AZ40,"") -> -404 | CG40: =IF(BX40="",0,(BX40-CA40)+((AV40+BP40)/1000)) -> 0.125 | CH40: =CG40 -> 0.125 | CN40: 171 | CP40: 70 | CQ40: =INT(IFERROR( CJ40/$V40,0)) -> 0 | CR40: =INT(IFERROR( CK40/$V40,0)) -> 0 | CS40: =INT(IFERROR( CL40/$V40,0)) -> 0 | CT40: =INT(IFERROR( AE40-CQ40-CU40-CR40,0)) -> 1368 | CU40: =INT(IFERROR( AC40-CR40,0)) -> 0 | CV40: =INT(IFERROR( AD40-CS40,0)) -> 560 | CW40: A | CX40: 11 | CY40: =INT(60/CX40*60*(12-(CEILING((60/CX40*60*12)/E40,1)*IF(CW40="T",0.45,IF(CW40="",5,3))/60))) -> 3861 | CZ40: =IF(CX40="",0,(IF(CW40="",360,180)/(60/CX40))*1.35) -> 44.55 | DE40: =IFERROR(CQ40+CR40,"") -> 0 | DF40: =IFERROR(AL40,"") -> 0 | DG40: =IFERROR(AZ40,"") -> 0 | DH40: =IFERROR(CT40+CU40,"") -> 1368 | DI40: =IFERROR(BF40,"") -> 2 | DJ40: =IFERROR(BT40,"") -> -404 | DK40: =IFERROR(DE40+DH40,"") -> 1368 | DL40: =IFERROR(DF40+DI40,"") -> 2 | DM40: =IFERROR(DG40+DJ40,"") -> -404 | DN40: =T40 -> 41 | DO40: =U40 -> 11 | DR40: A14C330515 | DW40: =IFERROR(AL40+BF40,"") -> 2 | DX40: =IFERROR(DK40+DL40+DM40,"") -> 966 | DY40: =CQ40+CR40+CS40+CT40+CU40+CV40 -> 1928 | DZ40: =IFERROR((AD40*V40/1000),0) -> 0.07 | EA40: =IFERROR((AE40*V40/1000),0) -> 0.171 | EB40: =BX40-EA40 -> 0.125 | EC40: =(BX40-CA40)+((AV40+BP40)/1000) -> 0.125 | EF40: =DG40+DJ40 -> -404
A41: 34 | B41: C34 | D41: F3 104 | E41: 394 | F41: A | G41: =CONCATENATE(K41,J41,"-",IF(N41="D",L41,IF(N41="H",CONCATENATE(N41,L41),CONCATENATE(N41,L41,"x",M41))),"x",P41,"-",O41,R41) -> MESUS303Cu-3x3-H9A14 | H41: =CONCATENATE(J41,,K41,L41,M41,N41,O41) -> SUS303CuME30DH9 | I41: =CONCATENATE(J41,K41,L41,M41,N41,O41,P41,R41) -> SUS303CuME30DH93A14 | J41: SUS303Cu | K41: ME | L41: 3 | M41: 0 | N41: D | O41: H9 | P41: 3 | Q41: 0.167 | R41: A14 | S41: =ROUND(CY41/E41,0)*2 -> 18 | T41: 10 | V41: 0.03 | W41: =IF(V41="","",INT((AO41+BI41)/$V41)) -> 0 | X41: =IF(V41="","",INT((AP41+BJ41)/$V41)) -> 0 | Y41: =IF(V41="","",INT((AQ41+BK41)/$V41)) -> 0 | Z41: =IF(V41="","",INT((AR41+BL41)/$V41)) -> 0 | AA41: =IF(V41="","",INT((AS41+BM41)/$V41)) -> 0 | AB41: =IF(V41="","",INT((AT41+BN41)/$V41)) -> 0 | AC41: =IF(V41="","",INT((AU41+BO41)/$V41)) -> 0 | AD41: =IF(V41="","",INT((AV41+BP41)/$V41)) -> 0 | AE41: =IF(V41="","",SUM(W41:AC41)) -> 0 | AF41: =AE41 -> 0 | AG41: =T41 -> 10 | AH41: =IFERROR(VALUE("0"&RIGHT(AG41,(LEN(AG41)-LEN(TRUNC(AG41))))),"") -> 0 | AJ41: =$CI41 -> 0 | AK41: =IF(V41="","",IF(AJ41=0,1,AJ41/$V41/$E41)) -> 1 | AL41: =IF(V41="","",MAX(ROUNDUP((IF(AI41+AJ41=0,0,AH41)+AI41+AK41-1),2),0)) -> 0 | AM41: =IF(V41="","",AG41+U41-AL41) -> 10 | AT41: =$CJ41 -> 0 | AU41: =CK41 -> 0 | AV41: =CL41 -> 0 | AW41: =SUM(AO41:AV41) -> 0 | AX41: =IF(V41="","",INT(AW41/$V41)) -> 0 | AY41: =IF(V41="","",AW41-AL41*$E41*$V41) -> 0 | AZ41: =IF($V41="","",AY41/$V41) -> 0 | BA41: =AM41 -> 10 | BB41: =VALUE("0"&RIGHT(BA41,(LEN(BA41)-LEN(TRUNC(BA41))))) -> 0 | BD41: =$CM41 -> 0 | BE41: =IF(AA41="","",IF(BD41=0,1,BD41/$V41/$E41)) -> 1 | BF41: =IF(V41="","",MAX(ROUNDUP((IF(BC41+BD41=0,0,BB41)+BC41+BE41-1),2),0)) -> 0 | BG41: =IF(AA41="","",BA41-BF41) -> 10 | BN41: =$CN41 -> 0 | BO41: =CO41 -> 0 | BP41: =CP41 -> 0 | BQ41: =SUM(BI41:BP41) -> 0 | BR41: =IF(AA41="","",INT(BQ41/$V41)) -> 0 | BS41: =IF(AA41="","",-BF41*$E41*$V41+BQ41) -> 0 | BT41: =IF($V41="","",BS41/$V41) -> 0 | BU41: =IFERROR(AE41,"") -> 0 | BV41: =IFERROR(BF41+AL41,"") -> 0 | BW41: =IFERROR(BT41+AZ41,"") -> 0 | BX41: =IF($Q41="","",(BF41+AL41)*$Q41) -> 0 | BY41: =IFERROR(BF41+AL41,0) -> 0 | BZ41: =BY41 -> 0 | CA41: =IFERROR((BQ41+AW41)/1000,"") -> 0 | CB41: =IFERROR(BR41+AX41,"") -> 0 | CC41: =IFERROR(BS41+AY41,"") -> 0 | CD41: =IFERROR(BT41+AZ41,"") -> 0 | CG41: =IF(BX41="",0,(BX41-CA41)+((AV41+BP41)/1000)) -> 0 | CH41: =CG41 -> 0 | CQ41: =INT(IFERROR( CJ41/$V41,0)) -> 0 | CR41: =INT(IFERROR( CK41/$V41,0)) -> 0 | CS41: =INT(IFERROR( CL41/$V41,0)) -> 0 | CT41: =INT(IFERROR( AE41-CQ41-CU41-CR41,0)) -> 0 | CU41: =INT(IFERROR( AC41-CR41,0)) -> 0 | CV41: =INT(IFERROR( AD41-CS41,0)) -> 0 | CW41: A | CX41: 12 | CY41: =INT(60/CX41*60*(12-(CEILING((60/CX41*60*12)/E41,1)*IF(CW41="T",0.45,IF(CW41="",5,3))/60))) -> 3450 | CZ41: =IF(CX41="",0,(IF(CW41="",360,180)/(60/CX41))*1.35) -> 48.6 | DE41: =IFERROR(CQ41+CR41,"") -> 0 | DF41: =IFERROR(AL41,"") -> 0 | DG41: =IFERROR(AZ41,"") -> 0 | DH41: =IFERROR(CT41+CU41,"") -> 0 | DI41: =IFERROR(BF41,"") -> 0 | DJ41: =IFERROR(BT41,"") -> 0 | DK41: =IFERROR(DE41+DH41,"") -> 0 | DL41: =IFERROR(DF41+DI41,"") -> 0 | DM41: =IFERROR(DG41+DJ41,"") -> 0 | DN41: =T41 -> 10 | DO41: =U41 -> 0 | DR41: A14C340515 | DW41: =IFERROR(AL41+BF41,"") -> 0 | DX41: =IFERROR(DK41+DL41+DM41,"") -> 0 | DY41: =CQ41+CR41+CS41+CT41+CU41+CV41 -> 0 | DZ41: =IFERROR((AD41*V41/1000),0) -> 0 | EA41: =IFERROR((AE41*V41/1000),0) -> 0 | EB41: =BX41-EA41 -> 0 | EC41: =(BX41-CA41)+((AV41+BP41)/1000) -> 0 | EF41: =DG41+DJ41 -> 0
A42: 35 | B42: C35 | D42: H4 | E42: 78 | F42: A | G42: =CONCATENATE(K42,J42,"-",IF(N42="D",L42,IF(N42="H",CONCATENATE(N42,L42),CONCATENATE(N42,L42,"x",M42))),"x",P42,"-",O42,R42) -> IBC3604-6x3-H9C13 | H42: =CONCATENATE(J42,,K42,L42,M42,N42,O42) -> C3604IB60DH9 | I42: =CONCATENATE(J42,K42,L42,M42,N42,O42,P42,R42) -> C3604IB60DH93C13 | J42: C3604 | K42: IB | L42: 6 | M42: 0 | N42: D | O42: H9 | P42: 3 | Q42: 0.717 | R42: C13 | S42: =ROUND(CY42/E42,0)*2 -> 42 | T42: 0 | V42: 3.26 | W42: =IF(V42="","",INT((AO42+BI42)/$V42)) -> 0 | X42: =IF(V42="","",INT((AP42+BJ42)/$V42)) -> 0 | Y42: =IF(V42="","",INT((AQ42+BK42)/$V42)) -> 0 | Z42: =IF(V42="","",INT((AR42+BL42)/$V42)) -> 0 | AA42: =IF(V42="","",INT((AS42+BM42)/$V42)) -> 0 | AB42: =IF(V42="","",INT((AT42+BN42)/$V42)) -> 0 | AC42: =IF(V42="","",INT((AU42+BO42)/$V42)) -> 0 | AD42: =IF(V42="","",INT((AV42+BP42)/$V42)) -> 0 | AE42: =IF(V42="","",SUM(W42:AC42)) -> 0 | AF42: =AE42 -> 0 | AG42: =T42 -> 0 | AH42: =IFERROR(VALUE("0"&RIGHT(AG42,(LEN(AG42)-LEN(TRUNC(AG42))))),"") -> 0 | AJ42: =$CI42 -> 0 | AK42: =IF(V42="","",IF(AJ42=0,1,AJ42/$V42/$E42)) -> 1 | AL42: =IF(V42="","",MAX(ROUNDUP((IF(AI42+AJ42=0,0,AH42)+AI42+AK42-1),2),0)) -> 0 | AM42: =IF(V42="","",AG42+U42-AL42) -> 0 | AT42: =$CJ42 -> 0 | AU42: =CK42 -> 0 | AV42: =CL42 -> 0 | AW42: =SUM(AO42:AV42) -> 0 | AX42: =IF(V42="","",INT(AW42/$V42)) -> 0 | AY42: =IF(V42="","",AW42-AL42*$E42*$V42) -> 0 | AZ42: =IF($V42="","",AY42/$V42) -> 0 | BA42: =AM42 -> 0 | BB42: =VALUE("0"&RIGHT(BA42,(LEN(BA42)-LEN(TRUNC(BA42))))) -> 0 | BD42: =$CM42 -> 0 | BE42: =IF(AA42="","",IF(BD42=0,1,BD42/$V42/$E42)) -> 1 | BF42: =IF(V42="","",MAX(ROUNDUP((IF(BC42+BD42=0,0,BB42)+BC42+BE42-1),2),0)) -> 0 | BG42: =IF(AA42="","",BA42-BF42) -> 0 | BN42: =$CN42 -> 0 | BO42: =CO42 -> 0 | BP42: =CP42 -> 0 | BQ42: =SUM(BI42:BP42) -> 0 | BR42: =IF(AA42="","",INT(BQ42/$V42)) -> 0 | BS42: =IF(AA42="","",-BF42*$E42*$V42+BQ42) -> 0 | BT42: =IF($V42="","",BS42/$V42) -> 0 | BU42: =IFERROR(AE42,"") -> 0 | BV42: =IFERROR(BF42+AL42,"") -> 0 | BW42: =IFERROR(BT42+AZ42,"") -> 0 | BX42: =IF($Q42="","",(BF42+AL42)*$Q42) -> 0 | BY42: =IFERROR(BF42+AL42,0) -> 0 | BZ42: =BY42 -> 0 | CA42: =IFERROR((BQ42+AW42)/1000,"") -> 0 | CB42: =IFERROR(BR42+AX42,"") -> 0 | CC42: =IFERROR(BS42+AY42,"") -> 0 | CD42: =IFERROR(BT42+AZ42,"") -> 0 | CG42: =IF(BX42="",0,(BX42-CA42)+((AV42+BP42)/1000)) -> 0 | CH42: =CG42 -> 0 | CQ42: =INT(IFERROR( CJ42/$V42,0)) -> 0 | CR42: =INT(IFERROR( CK42/$V42,0)) -> 0 | CS42: =INT(IFERROR( CL42/$V42,0)) -> 0 | CT42: =INT(IFERROR( AE42-CQ42-CU42-CR42,0)) -> 0 | CU42: =INT(IFERROR( AC42-CR42,0)) -> 0 | CV42: =INT(IFERROR( AD42-CS42,0)) -> 0 | CW42: A | CX42: 24 | CY42: =INT(60/CX42*60*(12-(CEILING((60/CX42*60*12)/E42,1)*IF(CW42="T",0.45,IF(CW42="",5,3))/60))) -> 1620 | CZ42: =IF(CX42="",0,(IF(CW42="",360,180)/(60/CX42))*1.35) -> 97.2 | DE42: =IFERROR(CQ42+CR42,"") -> 0 | DF42: =IFERROR(AL42,"") -> 0 | DG42: =IFERROR(AZ42,"") -> 0 | DH42: =IFERROR(CT42+CU42,"") -> 0 | DI42: =IFERROR(BF42,"") -> 0 | DJ42: =IFERROR(BT42,"") -> 0 | DK42: =IFERROR(DE42+DH42,"") -> 0 | DL42: =IFERROR(DF42+DI42,"") -> 0 | DM42: =IFERROR(DG42+DJ42,"") -> 0 | DN42: =T42 -> 0 | DO42: =U42 -> 0 | DW42: =IFERROR(AL42+BF42,"") -> 0 | DX42: =IFERROR(DK42+DL42+DM42,"") -> 0 | DY42: =CQ42+CR42+CS42+CT42+CU42+CV42 -> 0 | DZ42: =IFERROR((AD42*V42/1000),0) -> 0 | EA42: =IFERROR((AE42*V42/1000),0) -> 0 | EB42: =BX42-EA42 -> 0 | EC42: =(BX42-CA42)+((AV42+BP42)/1000) -> 0 | EF42: =DG42+DJ42 -> 0
A43: 36 | B43: C36 | D43: 2401 | E43: 163 | F43: A | G43: =CONCATENATE(K43,J43,"-",IF(N43="D",L43,IF(N43="H",CONCATENATE(N43,L43),CONCATENATE(N43,L43,"x",M43))),"x",P43,"-",O43,R43) -> IBC3604-5.5x3-H9A14 | H43: =CONCATENATE(J43,,K43,L43,M43,N43,O43) -> C3604IB5.50DH9 | I43: =CONCATENATE(J43,K43,L43,M43,N43,O43,P43,R43) -> C3604IB5.50DH93A14 | J43: C3604 | K43: IB | L43: 5.5 | M43: 0 | N43: D | O43: H9 | P43: 3 | Q43: 0.604 | R43: A14 | S43: =ROUND(CY43/E43,0)*2 -> 16 | T43: 44 | U43: 26 | V43: 1.1 | W43: =IF(V43="","",INT((AO43+BI43)/$V43)) -> 0 | X43: =IF(V43="","",INT((AP43+BJ43)/$V43)) -> 7271 | Y43: =IF(V43="","",INT((AQ43+BK43)/$V43)) -> 0 | Z43: =IF(V43="","",INT((AR43+BL43)/$V43)) -> 0 | AA43: =IF(V43="","",INT((AS43+BM43)/$V43)) -> 0 | AB43: =IF(V43="","",INT((AT43+BN43)/$V43)) -> 0 | AC43: =IF(V43="","",INT((AU43+BO43)/$V43)) -> 0 | AD43: =IF(V43="","",INT((AV43+BP43)/$V43)) -> 61 | AE43: =IF(V43="","",SUM(W43:AC43)) -> 7271 | AF43: =AE43 -> 7271 | AG43: =T43 -> 44 | AH43: =IFERROR(VALUE("0"&RIGHT(AG43,(LEN(AG43)-LEN(TRUNC(AG43))))),"") -> 0 | AI43: 21 | AJ43: =$CI43 -> 0 | AK43: =IF(V43="","",IF(AJ43=0,1,AJ43/$V43/$E43)) -> 1 | AL43: =IF(V43="","",MAX(ROUNDUP((IF(AI43+AJ43=0,0,AH43)+AI43+AK43-1),2),0)) -> 21 | AM43: =IF(V43="","",AG43+U43-AL43) -> 49 | AP43: =$CJ43 -> 3661 | AU43: =CK43 -> 0 | AV43: =CL43 -> 0 | AW43: =SUM(AO43:AV43) -> 3661 | AX43: =IF(V43="","",INT(AW43/$V43)) -> 3328 | AY43: =IF(V43="","",AW43-AL43*$E43*$V43) -> -104.3 | AZ43: =IF($V43="","",AY43/$V43) -> -94.818182 | BA43: =AM43 -> 49 | BB43: =VALUE("0"&RIGHT(BA43,(LEN(BA43)-LEN(TRUNC(BA43))))) -> 0 | BC43: 24 | BD43: =$CM43 -> 0 | BE43: =IF(AA43="","",IF(BD43=0,1,BD43/$V43/$E43)) -> 1 | BF43: =IF(V43="","",MAX(ROUNDUP((IF(BC43+BD43=0,0,BB43)+BC43+BE43-1),2),0)) -> 24 | BG43: =IF(AA43="","",BA43-BF43) -> 25 | BJ43: =$CN43 -> 4338 | BO43: =CO43 -> 0 | BP43: =CP43 -> 68 | BQ43: =SUM(BI43:BP43) -> 4406 | BR43: =IF(AA43="","",INT(BQ43/$V43)) -> 4005 | BS43: =IF(AA43="","",-BF43*$E43*$V43+BQ43) -> 102.8 | BT43: =IF($V43="","",BS43/$V43) -> 93.454545 | BU43: =IFERROR(AE43,"") -> 7271 | BV43: =IFERROR(BF43+AL43,"") -> 45 | BW43: =IFERROR(BT43+AZ43,"") -> -1.3636364 | BX43: =IF($Q43="","",(BF43+AL43)*$Q43) -> 27.18 | BY43: =IFERROR(BF43+AL43,0) -> 45 | BZ43: =BY43 -> 45 | CA43: =IFERROR((BQ43+AW43)/1000,"") -> 8.067 | CB43: =IFERROR(BR43+AX43,"") -> 7333 | CC43: =IFERROR(BS43+AY43,"") -> -1.5 | CD43: =IFERROR(BT43+AZ43,"") -> -1.3636364 | CG43: =IF(BX43="",0,(BX43-CA43)+((AV43+BP43)/1000)) -> 19.181 | CH43: =CG43 -> 19.181 | CJ43: 3661 | CN43: 4338 | CP43: 68 | CQ43: =INT(IFERROR( CJ43/$V43,0)) -> 3328 | CR43: =INT(IFERROR( CK43/$V43,0)) -> 0 | CS43: =INT(IFERROR( CL43/$V43,0)) -> 0 | CT43: =INT(IFERROR( AE43-CQ43-CU43-CR43,0)) -> 3943 | CU43: =INT(IFERROR( AC43-CR43,0)) -> 0 | CV43: =INT(IFERROR( AD43-CS43,0)) -> 61 | CW43: A | CX43: 32 | CY43: =INT(60/CX43*60*(12-(CEILING((60/CX43*60*12)/E43,1)*IF(CW43="T",0.45,IF(CW43="",5,3))/60))) -> 1299 | CZ43: =IF(CX43="",0,(IF(CW43="",360,180)/(60/CX43))*1.35) -> 129.6 | DE43: =IFERROR(CQ43+CR43,"") -> 3328 | DF43: =IFERROR(AL43,"") -> 21 | DG43: =IFERROR(AZ43,"") -> -94.818182 | DH43: =IFERROR(CT43+CU43,"") -> 3943 | DI43: =IFERROR(BF43,"") -> 24 | DJ43: =IFERROR(BT43,"") -> 93.454545 | DK43: =IFERROR(DE43+DH43,"") -> 7271 | DL43: =IFERROR(DF43+DI43,"") -> 45 | DM43: =IFERROR(DG43+DJ43,"") -> -1.3636364 | DN43: =T43 -> 44 | DO43: =U43 -> 26 | DR43: A14C360515 | DW43: =IFERROR(BU43+BV43,"") -> 7316 | DX43: =IFERROR(DK43+DL43+DM43,"") -> 7314.6364 | DY43: =CQ43+CR43+CS43+CT43+CU43+CV43 -> 7332 | DZ43: =IFERROR((AD43*V43/1000),0) -> 0.0671 | EA43: =IFERROR((AE43*V43/1000),0) -> 7.9981 | EB43: =BX43-EA43 -> 19.1819 | EC43: =EB43+DZ43 -> 19.249 | EF43: =DG43+DJ43 -> -1.3636364
A44: 37 | B44: C37 | D44: P7 | E44: 172 | F44: B | G44: =CONCATENATE(K44,J44,"-",IF(N44="D",L44,IF(N44="H",CONCATENATE(N44,L44),CONCATENATE(N44,L44,"x",M44))),"x",P44,"-",O44,R44) -> MESUS303-4x3-H9A10 | H44: =CONCATENATE(J44,,K44,L44,M44,N44,O44) -> SUS303ME40DH9 | I44: =CONCATENATE(J44,K44,L44,M44,N44,O44,P44,R44) -> SUS303ME40DH93A10 | J44: SUS303 | K44: ME | L44: 4 | M44: 0 | N44: D | O44: H9 | P44: 3 | Q44: 0.296 | R44: A10 | S44: =ROUND(CY44/E44,0)*2 -> 38 | T44: 6 | U44: 27 | V44: 0.82 | W44: =IF(V44="","",INT((AO44+BI44)/$V44)) -> 0 | X44: =IF(V44="","",INT((AP44+BJ44)/$V44)) -> 3752 | Y44: =IF(V44="","",INT((AQ44+BK44)/$V44)) -> 0 | Z44: =IF(V44="","",INT((AR44+BL44)/$V44)) -> 0 | AA44: =IF(V44="","",INT((AS44+BM44)/$V44)) -> 0 | AB44: =IF(V44="","",INT((AT44+BN44)/$V44)) -> 0 | AC44: =IF(V44="","",INT((AU44+BO44)/$V44)) -> 0 | AD44: =IF(V44="","",INT((AV44+BP44)/$V44)) -> 0 | AE44: =IF(V44="","",SUM(W44:AC44)) -> 3752 | AF44: =AE44 -> 3752 | AG44: =T44 -> 6 | AH44: =IFERROR(VALUE("0"&RIGHT(AG44,(LEN(AG44)-LEN(TRUNC(AG44))))),"") -> 0 | AI44: 12 | AJ44: =$CI44 -> 60 | AK44: =IF(V44="","",IF(AJ44=0,1,AJ44/$V44/$E44)) -> 0.42541123 | AL44: =IF(V44="","",MAX(ROUNDUP((IF(AI44+AJ44=0,0,AH44)+AI44+AK44-1),2),0)) -> 11.43 | AM44: =IF(V44="","",AG44+U44-AL44) -> 21.57 | AP44: =$CJ44 -> 1595 | AU44: =CK44 -> 0 | AV44: =CL44 -> 0 | AW44: =SUM(AO44:AV44) -> 1595 | AX44: =IF(V44="","",INT(AW44/$V44)) -> 1945 | AY44: =IF(V44="","",AW44-AL44*$E44*$V44) -> -17.0872 | AZ44: =IF($V44="","",AY44/$V44) -> -20.838049 | BA44: =AM44 -> 21.57 | BB44: =VALUE("0"&RIGHT(BA44,(LEN(BA44)-LEN(TRUNC(BA44))))) -> 0.57 | BC44: 11 | BD44: =$CM44 -> 0 | BE44: =IF(AA44="","",IF(BD44=0,1,BD44/$V44/$E44)) -> 1 | BF44: =IF(V44="","",MAX(ROUNDUP((IF(BC44+BD44=0,0,BB44)+BC44+BE44-1),2),0)) -> 11.57 | BG44: =IF(AA44="","",BA44-BF44) -> 10 | BJ44: =$CN44 -> 1482 | BO44: =CO44 -> 0 | BP44: =CP44 -> 0 | BQ44: =SUM(BI44:BP44) -> 1482 | BR44: =IF(AA44="","",INT(BQ44/$V44)) -> 1807 | BS44: =IF(AA44="","",-BF44*$E44*$V44+BQ44) -> -149.8328 | BT44: =IF($V44="","",BS44/$V44) -> -182.72293 | BU44: =IFERROR(AE44,"") -> 3752 | BV44: =IFERROR(BF44+AL44,"") -> 23 | BW44: =IFERROR(BT44+AZ44,"") -> -203.56098 | BX44: =IF($Q44="","",(BF44+AL44)*$Q44) -> 6.808 | BY44: =IFERROR(BF44+AL44,0) -> 23 | BZ44: =BY44 -> 23 | CA44: =IFERROR((BQ44+AW44)/1000,"") -> 3.077 | CB44: =IFERROR(BR44+AX44,"") -> 3752 | CC44: =IFERROR(BS44+AY44,"") -> -166.92 | CD44: =IFERROR(BT44+AZ44,"") -> -203.56098 | CG44: =IF(BX44="",0,(BX44-CA44)+((AV44+BP44)/1000)) -> 3.731 | CH44: =CG44 -> 3.731 | CI44: 60 | CJ44: 1595 | CN44: 1482 | CQ44: =INT(IFERROR( CJ44/$V44,0)) -> 1945 | CR44: =INT(IFERROR( CK44/$V44,0)) -> 0 | CS44: =INT(IFERROR( CL44/$V44,0)) -> 0 | CT44: =INT(IFERROR( AE44-CQ44-CU44-CR44,0)) -> 1807 | CU44: =INT(IFERROR( AC44-CR44,0)) -> 0 | CV44: =INT(IFERROR( AD44-CS44,0)) -> 0 | CW44: A | CX44: 12 | CY44: =INT(60/CX44*60*(12-(CEILING((60/CX44*60*12)/E44,1)*IF(CW44="T",0.45,IF(CW44="",5,3))/60))) -> 3285 | CZ44: =IF(CX44="",0,(IF(CW44="",360,180)/(60/CX44))*1.35) -> 48.6 | DE44: =IFERROR(CQ44+CR44,"") -> 1945 | DF44: =IFERROR(AL44,"") -> 11.43 | DG44: =IFERROR(AZ44,"") -> -20.838049 | DH44: =IFERROR(CT44+CU44,"") -> 1807 | DI44: =IFERROR(BF44,"") -> 11.57 | DJ44: =IFERROR(BT44,"") -> -182.72293 | DK44: =IFERROR(DE44+DH44,"") -> 3752 | DL44: =IFERROR(DF44+DI44,"") -> 23 | DM44: =IFERROR(DG44+DJ44,"") -> -203.56098 | DN44: =T44 -> 6 | DO44: =U44 -> 27 | DR44: A10C370515 | DW44: =IFERROR(AL44+BF44,"") -> 23 | DX44: =IFERROR(DK44+DL44+DM44,"") -> 3571.439 | DY44: =CQ44+CR44+CS44+CT44+CU44+CV44 -> 3752 | DZ44: =IFERROR((AD44*V44/1000),0) -> 0 | EA44: =IFERROR((AE44*V44/1000),0) -> 3.07664 | EB44: =BX44-EA44 -> 3.73136 | EC44: =EB44+DZ44 -> 3.73136 | EF44: =DG44+DJ44 -> -203.56098
A45: 38 | B45: C38 | D45: S12584 | E45: 92 | F45: A | G45: =CONCATENATE(K45,J45,"-",IF(N45="D",L45,IF(N45="H",CONCATENATE(N45,L45),CONCATENATE(N45,L45,"x",M45))),"x",P45,"-",O45,R45) -> IBC3604-6.2x3-H9A14 | H45: =CONCATENATE(J45,,K45,L45,M45,N45,O45) -> C3604IB6.20DH9 | I45: =CONCATENATE(J45,K45,L45,M45,N45,O45,P45,R45) -> C3604IB6.20DH93A14 | J45: C3604 | K45: IB | L45: 6.2 | M45: 0 | N45: D | O45: H9 | P45: 3 | Q45: 0.764 | R45: A14 | S45: =ROUND(CY45/E45,0)*2 -> 54 | T45: 0 | V45: 4.25 | W45: =IF(V45="","",INT((AO45+BI45)/$V45)) -> 0 | X45: =IF(V45="","",INT((AP45+BJ45)/$V45)) -> 0 | Y45: =IF(V45="","",INT((AQ45+BK45)/$V45)) -> 0 | Z45: =IF(V45="","",INT((AR45+BL45)/$V45)) -> 0 | AA45: =IF(V45="","",INT((AS45+BM45)/$V45)) -> 0 | AB45: =IF(V45="","",INT((AT45+BN45)/$V45)) -> 0 | AC45: =IF(V45="","",INT((AU45+BO45)/$V45)) -> 0 | AD45: =IF(V45="","",INT((AV45+BP45)/$V45)) -> 0 | AE45: =IF(V45="","",SUM(W45:AC45)) -> 0 | AF45: =AE45 -> 0 | AG45: =T45 -> 0 | AH45: =IFERROR(VALUE("0"&RIGHT(AG45,(LEN(AG45)-LEN(TRUNC(AG45))))),"") -> 0 | AJ45: =$CI45 -> 0 | AK45: =IF(V45="","",IF(AJ45=0,1,AJ45/$V45/$E45)) -> 1 | AL45: =IF(V45="","",MAX(ROUNDUP((IF(AI45+AJ45=0,0,AH45)+AI45+AK45-1),2),0)) -> 0 | AM45: =IF(V45="","",AG45+U45-AL45) -> 0 | AP45: =$CJ45 -> 0 | AU45: =CK45 -> 0 | AV45: =CL45 -> 0 | AW45: =SUM(AO45:AV45) -> 0 | AX45: =IF(V45="","",INT(AW45/$V45)) -> 0 | AY45: =IF(V45="","",AW45-AL45*$E45*$V45) -> 0 | AZ45: =IF($V45="","",AY45/$V45) -> 0 | BA45: =AM45 -> 0 | BB45: =VALUE("0"&RIGHT(BA45,(LEN(BA45)-LEN(TRUNC(BA45))))) -> 0 | BD45: =$CM45 -> 0 | BE45: =IF(AA45="","",IF(BD45=0,1,BD45/$V45/$E45)) -> 1 | BF45: =IF(V45="","",MAX(ROUNDUP((IF(BC45+BD45=0,0,BB45)+BC45+BE45-1),2),0)) -> 0 | BG45: =IF(AA45="","",BA45-BF45) -> 0 | BJ45: =$CN45 -> 0 | BO45: =CO45 -> 0 | BP45: =CP45 -> 0 | BQ45: =SUM(BI45:BP45) -> 0 | BR45: =IF(AA45="","",INT(BQ45/$V45)) -> 0 | BS45: =IF(AA45="","",-BF45*$E45*$V45+BQ45) -> 0 | BT45: =IF($V45="","",BS45/$V45) -> 0 | BU45: =IFERROR(AE45,"") -> 0 | BV45: =IFERROR(BF45+AL45,"") -> 0 | BW45: =IFERROR(BT45+AZ45,"") -> 0 | BX45: =IF($Q45="","",(BF45+AL45)*$Q45) -> 0 | BY45: =IFERROR(BF45+AL45,0) -> 0 | BZ45: =BY45 -> 0 | CA45: =IFERROR((BQ45+AW45)/1000,"") -> 0 | CB45: =IFERROR(BR45+AX45,"") -> 0 | CC45: =IFERROR(BS45+AY45,"") -> 0 | CD45: =IFERROR(BT45+AZ45,"") -> 0 | CG45: =IF(BX45="",0,(BX45-CA45)+((AV45+BP45)/1000)) -> 0 | CH45: =CG45 -> 0 | CQ45: =INT(IFERROR( CJ45/$V45,0)) -> 0 | CR45: =INT(IFERROR( CK45/$V45,0)) -> 0 | CS45: =INT(IFERROR( CL45/$V45,0)) -> 0 | CT45: =INT(IFERROR( AE45-CQ45-CU45-CR45,0)) -> 0 | CU45: =INT(IFERROR( AC45-CR45,0)) -> 0 | CV45: =INT(IFERROR( AD45-CS45,0)) -> 0 | CW45: A | CX45: 15 | CY45: =INT(60/CX45*60*(12-(CEILING((60/CX45*60*12)/E45,1)*IF(CW45="T",0.45,IF(CW45="",5,3))/60))) -> 2496 | CZ45: =IF(CX45="",0,(IF(CW45="",360,180)/(60/CX45))*1.35) -> 60.75 | DE45: =IFERROR(CQ45+CR45,"") -> 0 | DF45: =IFERROR(AL45,"") -> 0 | DG45: =IFERROR(AZ45,"") -> 0 | DH45: =IFERROR(CT45+CU45,"") -> 0 | DI45: =IFERROR(BF45,"") -> 0 | DJ45: =IFERROR(BT45,"") -> 0 | DK45: =IFERROR(DE45+DH45,"") -> 0 | DL45: =IFERROR(DF45+DI45,"") -> 0 | DM45: =IFERROR(DG45+DJ45,"") -> 0 | DN45: =T45 -> 0 | DO45: =U45 -> 0 | DW45: =IFERROR(BU45+BV45,"") -> 0 | DX45: =IFERROR(DK45+DL45+DM45,"") -> 0 | DY45: =CQ45+CR45+CS45+CT45+CU45+CV45 -> 0 | DZ45: =IFERROR((AD45*V45/1000),0) -> 0 | EA45: =IFERROR((AE45*V45/1000),0) -> 0 | EB45: =BX45-EA45 -> 0 | EC45: =EB45+DZ45 -> 0 | EF45: =DG45+DJ45 -> 0
A46: 39 | B46: C39 | D46: 0010 | E46: 88 | F46: B | G46: =CONCATENATE(K46,J46,"-",IF(N46="D",L46,IF(N46="H",CONCATENATE(N46,L46),CONCATENATE(N46,L46,"x",M46))),"x",P46,"-",O46,R46) -> TV12L14-4.76x2.5-H9B14 | H46: =CONCATENATE(J46,,K46,L46,M46,N46,O46) -> 12L14TV4.760DH9 | I46: =CONCATENATE(J46,K46,L46,M46,N46,O46,P46,R46) -> 12L14TV4.760DH92.5B14 | J46: 12L14 | K46: TV | L46: 4.76 | M46: 0 | N46: D | O46: H9 | P46: 2.5 | Q46: 0.347 | R46: B14 | S46: =ROUND(CY46/E46,0)*2 -> 44 | T46: 20 | U46: 40 | V46: 2.25 | W46: =IF(V46="","",INT((AO46+BI46)/$V46)) -> 0 | X46: =IF(V46="","",INT((AP46+BJ46)/$V46)) -> 0 | Y46: =IF(V46="","",INT((AQ46+BK46)/$V46)) -> 0 | Z46: =IF(V46="","",INT((AR46+BL46)/$V46)) -> 0 | AA46: =IF(V46="","",INT((AS46+BM46)/$V46)) -> 1950 | AB46: =IF(V46="","",INT((AT46+BN46)/$V46)) -> 0 | AC46: =IF(V46="","",INT((AU46+BO46)/$V46)) -> 0 | AD46: =IF(V46="","",INT((AV46+BP46)/$V46)) -> 128 | AE46: =IF(V46="","",SUM(W46:AC46)) -> 1950 | AF46: =AE46 -> 1950 | AG46: =T46 -> 20 | AH46: =IFERROR(VALUE("0"&RIGHT(AG46,(LEN(AG46)-LEN(TRUNC(AG46))))),"") -> 0 | AI46: 8 | AJ46: =$CI46 -> 0 | AK46: =IF(V46="","",IF(AJ46=0,1,AJ46/$V46/$E46)) -> 1 | AL46: =IF(V46="","",MAX(ROUNDUP((IF(AI46+AJ46=0,0,AH46)+AI46+AK46-1),2),0)) -> 8 | AM46: =IF(V46="","",AG46+U46-AL46) -> 52 | AS46: =$CJ46 -> 1311 | AU46: =CK46 -> 0 | AV46: =CL46 -> 127 | AW46: =SUM(AO46:AV46) -> 1438 | AX46: =IF(V46="","",INT(AW46/$V46)) -> 639 | AY46: =IF(V46="","",AW46-AL46*$E46*$V46) -> -146 | AZ46: =IF($V46="","",AY46/$V46) -> -64.888889 | BA46: =AM46 -> 52 | BB46: =VALUE("0"&RIGHT(BA46,(LEN(BA46)-LEN(TRUNC(BA46))))) -> 0 | BC46: 16 | BD46: =$CM46 -> 0 | BE46: =IF(AA46="","",IF(BD46=0,1,BD46/$V46/$E46)) -> 1 | BF46: =IF(V46="","",MAX(ROUNDUP((IF(BC46+BD46=0,0,BB46)+BC46+BE46-1),2),0)) -> 16 | BG46: =IF(AA46="","",BA46-BF46) -> 36 | BM46: =$CN46 -> 3077 | BO46: =CO46 -> 0 | BP46: =CP46 -> 161 | BQ46: =SUM(BI46:BP46) -> 3238 | BR46: =IF(AA46="","",INT(BQ46/$V46)) -> 1439 | BS46: =IF(AA46="","",-BF46*$E46*$V46+BQ46) -> 70 | BT46: =IF($V46="","",BS46/$V46) -> 31.111111 | BU46: =IFERROR(AE46,"") -> 1950 | BV46: =IFERROR(BF46+AL46,"") -> 24 | BW46: =IFERROR(BT46+AZ46,"") -> -33.777778 | BX46: =IF($Q46="","",(BF46+AL46)*$Q46) -> 8.328 | BY46: =IFERROR(BF46+AL46,0) -> 24 | BZ46: =BY46 -> 24 | CA46: =IFERROR((BQ46+AW46)/1000,"") -> 4.676 | CB46: =IFERROR(BR46+AX46,"") -> 2078 | CC46: =IFERROR(BS46+AY46,"") -> -76 | CD46: =IFERROR(BT46+AZ46,"") -> -33.777778 | CG46: =IF(BX46="",0,(BX46-CA46)+((AV46+BP46)/1000)) -> 3.94 | CH46: =CG46 -> 3.94 | CJ46: 1311 | CL46: 127 | CN46: 3077 | CP46: 161 | CQ46: =INT(IFERROR( CJ46/$V46,0)) -> 582 | CR46: =INT(IFERROR( CK46/$V46,0)) -> 0 | CS46: =INT(IFERROR( CL46/$V46,0)) -> 56 | CT46: =INT(IFERROR( AE46-CQ46-CU46-CR46,0)) -> 1368 | CU46: =INT(IFERROR( AC46-CR46,0)) -> 0 | CV46: =INT(IFERROR( AD46-CS46,0)) -> 72 | CW46: A | CX46: 20 | CY46: =INT(60/CX46*60*(12-(CEILING((60/CX46*60*12)/E46,1)*IF(CW46="T",0.45,IF(CW46="",5,3))/60))) -> 1935 | CZ46: =IF(CX46="",0,(IF(CW46="",360,180)/(60/CX46))*1.35) -> 81 | DE46: =IFERROR(CQ46+CR46,"") -> 582 | DF46: =IFERROR(AL46,"") -> 8 | DG46: =IFERROR(AZ46,"") -> -64.888889 | DH46: =IFERROR(CT46+CU46,"") -> 1368 | DI46: =IFERROR(BF46,"") -> 16 | DJ46: =IFERROR(BT46,"") -> 31.111111 | DK46: =IFERROR(DE46+DH46,"") -> 1950 | DL46: =IFERROR(DF46+DI46,"") -> 24 | DM46: =IFERROR(DG46+DJ46,"") -> -33.777778 | DN46: =T46 -> 20 | DO46: =U46 -> 40 | DR46: B14C390515 | DW46: =IFERROR(AL46+BF46,"") -> 24 | DX46: =IFERROR(DK46+DL46+DM46,"") -> 1940.2222 | DY46: =CQ46+CR46+CS46+CT46+CU46+CV46 -> 2078 | DZ46: =IFERROR((AD46*V46/1000),0) -> 0.288 | EA46: =IFERROR((AE46*V46/1000),0) -> 4.3875 | EB46: =BX46-EA46 -> 3.9405 | EC46: =EB46+DZ46 -> 4.2285 | EF46: =DG46+DJ46 -> -33.777778
A47: 40 | B47: C40 | D47: PL8 | E47: 69 | F47: C | G47: =CONCATENATE(K47,J47,"-",IF(N47="D",L47,IF(N47="H",CONCATENATE(N47,L47),CONCATENATE(N47,L47,"x",M47))),"x",P47,"-",O47,R47) -> MESUS303-2.5x3-H9B14 | H47: =CONCATENATE(J47,,K47,L47,M47,N47,O47) -> SUS303ME2.50DH9 | I47: =CONCATENATE(J47,K47,L47,M47,N47,O47,P47,R47) -> SUS303ME2.50DH93B14 | J47: SUS303 | K47: ME | L47: 2.5 | M47: 0 | N47: D | O47: H9 | P47: 3 | Q47: 0.117 | R47: B14 | S47: =ROUND(CY47/E47,0)*2 -> 62 | T47: 0 | V47: 1.46 | W47: =IF(V47="","",INT((AO47+BI47)/$V47)) -> 0 | X47: =IF(V47="","",INT((AP47+BJ47)/$V47)) -> 0 | Y47: =IF(V47="","",INT((AQ47+BK47)/$V47)) -> 0 | Z47: =IF(V47="","",INT((AR47+BL47)/$V47)) -> 0 | AA47: =IF(V47="","",INT((AS47+BM47)/$V47)) -> 0 | AB47: =IF(V47="","",INT((AT47+BN47)/$V47)) -> 0 | AC47: =IF(V47="","",INT((AU47+BO47)/$V47)) -> 0 | AD47: =IF(V47="","",INT((AV47+BP47)/$V47)) -> 0 | AE47: =IF(V47="","",SUM(W47:AC47)) -> 0 | AF47: =AE47 -> 0 | AG47: =T47 -> 0 | AH47: =IFERROR(VALUE("0"&RIGHT(AG47,(LEN(AG47)-LEN(TRUNC(AG47))))),"") -> 0 | AJ47: =$CI47 -> 0 | AK47: =IF(V47="","",IF(AJ47=0,1,AJ47/$V47/$E47)) -> 1 | AL47: =IF(V47="","",MAX(ROUNDUP((IF(AI47+AJ47=0,0,AH47)+AI47+AK47-1),2),0)) -> 0 | AM47: =IF(V47="","",AG47+U47-AL47) -> 0 | AP47: =$CJ47 -> 0 | AU47: =CK47 -> 0 | AV47: =CL47 -> 0 | AW47: =SUM(AO47:AV47) -> 0 | AX47: =IF(V47="","",INT(AW47/$V47)) -> 0 | AY47: =IF(V47="","",AW47-AL47*$E47*$V47) -> 0 | AZ47: =IF($V47="","",AY47/$V47) -> 0 | BA47: =AM47 -> 0 | BB47: =VALUE("0"&RIGHT(BA47,(LEN(BA47)-LEN(TRUNC(BA47))))) -> 0 | BD47: =$CM47 -> 0 | BE47: =IF(AA47="","",IF(BD47=0,1,BD47/$V47/$E47)) -> 1 | BF47: =IF(V47="","",MAX(ROUNDUP((IF(BC47+BD47=0,0,BB47)+BC47+BE47-1),2),0)) -> 0 | BG47: =IF(AA47="","",BA47-BF47) -> 0 | BJ47: =$CN47 -> 0 | BO47: =CO47 -> 0 | BP47: =CP47 -> 0 | BQ47: =SUM(BI47:BP47) -> 0 | BR47: =IF(AA47="","",INT(BQ47/$V47)) -> 0 | BS47: =IF(AA47="","",-BF47*$E47*$V47+BQ47) -> 0 | BT47: =IF($V47="","",BS47/$V47) -> 0 | BU47: =IFERROR(AE47,"") -> 0 | BV47: =IFERROR(BF47+AL47,"") -> 0 | BW47: =IFERROR(BT47+AZ47,"") -> 0 | BX47: =IF($Q47="","",(BF47+AL47)*$Q47) -> 0 | BY47: =IFERROR(BF47+AL47,0) -> 0 | BZ47: =BY47 -> 0 | CA47: =IFERROR((BQ47+AW47)/1000,"") -> 0 | CB47: =IFERROR(BR47+AX47,"") -> 0 | CC47: =IFERROR(BS47+AY47,"") -> 0 | CD47: =IFERROR(BT47+AZ47,"") -> 0 | CG47: =IF(BX47="",0,(BX47-CA47)+((AV47+BP47)/1000)) -> 0 | CH47: =CG47 -> 0 | CQ47: =INT(IFERROR( CJ47/$V47,0)) -> 0 | CR47: =INT(IFERROR( CK47/$V47,0)) -> 0 | CS47: =INT(IFERROR( CL47/$V47,0)) -> 0 | CT47: =INT(IFERROR( AE47-CQ47-CU47-CR47,0)) -> 0 | CU47: =INT(IFERROR( AC47-CR47,0)) -> 0 | CV47: =INT(IFERROR( AD47-CS47,0)) -> 0 | CW47: A | CX47: 17 | CY47: =INT(60/CX47*60*(12-(CEILING((60/CX47*60*12)/E47,1)*IF(CW47="T",0.45,IF(CW47="",5,3))/60))) -> 2149 | CZ47: =IF(CX47="",0,(IF(CW47="",360,180)/(60/CX47))*1.35) -> 68.85 | DE47: =IFERROR(CQ47+CR47,"") -> 0 | DF47: =IFERROR(AL47,"") -> 0 | DG47: =IFERROR(AZ47,"") -> 0 | DH47: =IFERROR(CT47+CU47,"") -> 0 | DI47: =IFERROR(BF47,"") -> 0 | DJ47: =IFERROR(BT47,"") -> 0 | DK47: =IFERROR(DE47+DH47,"") -> 0 | DL47: =IFERROR(DF47+DI47,"") -> 0 | DM47: =IFERROR(DG47+DJ47,"") -> 0 | DN47: =T47 -> 0 | DO47: =U47 -> 0 | DW47: =IFERROR(BU47+BV47,"") -> 0 | DX47: =IFERROR(DK47+DL47+DM47,"") -> 0 | DY47: =CQ47+CR47+CS47+CT47+CU47+CV47 -> 0 | DZ47: =IFERROR((AD47*V47/1000),0) -> 0 | EA47: =IFERROR((AE47*V47/1000),0) -> 0 | EB47: =BX47-EA47 -> 0 | EC47: =EB47+DZ47 -> 0 | EF47: =DG47+DJ47 -> 0
A48: 41 | B48: C41 | D48: 3TH | E48: 261 | F48: B | G48: =CONCATENATE(K48,J48,"-",IF(N48="D",L48,IF(N48="H",CONCATENATE(N48,L48),CONCATENATE(N48,L48,"x",M48))),"x",P48,"-",O48,R48) -> TV12L14-3.975x2.5-H7A12 | H48: =CONCATENATE(J48,,K48,L48,M48,N48,O48) -> 12L14TV3.9750DH7 | I48: =CONCATENATE(J48,K48,L48,M48,N48,O48,P48,R48) -> 12L14TV3.9750DH72.5A12 | J48: 12L14 | K48: TV | L48: 3.975 | M48: 0 | N48: D | O48: H7 | P48: 2.5 | Q48: 0.241 | R48: A12 | S48: =ROUND(CY48/E48,0)*2 -> 16 | T48: 26 | V48: 0.3 | W48: =IF(V48="","",INT((AO48+BI48)/$V48)) -> 0 | X48: =IF(V48="","",INT((AP48+BJ48)/$V48)) -> 0 | Y48: =IF(V48="","",INT((AQ48+BK48)/$V48)) -> 0 | Z48: =IF(V48="","",INT((AR48+BL48)/$V48)) -> 0 | AA48: =IF(V48="","",INT((AS48+BM48)/$V48)) -> 0 | AB48: =IF(V48="","",INT((AT48+BN48)/$V48)) -> 0 | AC48: =IF(V48="","",INT((AU48+BO48)/$V48)) -> 0 | AD48: =IF(V48="","",INT((AV48+BP48)/$V48)) -> 0 | AE48: =IF(V48="","",SUM(W48:AC48)) -> 0 | AF48: =AE48 -> 0 | AG48: =T48 -> 26 | AH48: =IFERROR(VALUE("0"&RIGHT(AG48,(LEN(AG48)-LEN(TRUNC(AG48))))),"") -> 0 | AJ48: =$CI48 -> 0 | AK48: =IF(V48="","",IF(AJ48=0,1,AJ48/$V48/$E48)) -> 1 | AL48: =IF(V48="","",MAX(ROUNDUP((IF(AI48+AJ48=0,0,AH48)+AI48+AK48-1),2),0)) -> 0 | AM48: =IF(V48="","",AG48+U48-AL48) -> 26 | AP48: =$CJ48 -> 0 | AU48: =CK48 -> 0 | AV48: =CL48 -> 0 | AW48: =SUM(AO48:AV48) -> 0 | AX48: =IF(V48="","",INT(AW48/$V48)) -> 0 | AY48: =IF(V48="","",AW48-AL48*$E48*$V48) -> 0 | AZ48: =IF($V48="","",AY48/$V48) -> 0 | BA48: =AM48 -> 26 | BB48: =VALUE("0"&RIGHT(BA48,(LEN(BA48)-LEN(TRUNC(BA48))))) -> 0 | BD48: =$CM48 -> 0 | BE48: =IF(AA48="","",IF(BD48=0,1,BD48/$V48/$E48)) -> 1 | BF48: =IF(V48="","",MAX(ROUNDUP((IF(BC48+BD48=0,0,BB48)+BC48+BE48-1),2),0)) -> 0 | BG48: =IF(AA48="","",BA48-BF48) -> 26 | BJ48: =$CN48 -> 0 | BO48: =CO48 -> 0 | BP48: =CP48 -> 0 | BQ48: =SUM(BI48:BP48) -> 0 | BR48: =IF(AA48="","",INT(BQ48/$V48)) -> 0 | BS48: =IF(AA48="","",-BF48*$E48*$V48+BQ48) -> 0 | BT48: =IF($V48="","",BS48/$V48) -> 0 | BU48: =IFERROR(AE48,"") -> 0 | BV48: =IFERROR(BF48+AL48,"") -> 0 | BW48: =IFERROR(BT48+AZ48,"") -> 0 | BX48: =IF($Q48="","",(BF48+AL48)*$Q48) -> 0 | BY48: =IFERROR(BF48+AL48,0) -> 0 | BZ48: =BY48 -> 0 | CA48: =IFERROR((BQ48+AW48)/1000,"") -> 0 | CB48: =IFERROR(BR48+AX48,"") -> 0 | CC48: =IFERROR(BS48+AY48,"") -> 0 | CD48: =IFERROR(BT48+AZ48,"") -> 0 | CG48: =IF(BX48="",0,(BX48-CA48)+((AV48+BP48)/1000)) -> 0 | CH48: =CG48 -> 0 | CQ48: =INT(IFERROR( CJ48/$V48,0)) -> 0 | CR48: =INT(IFERROR( CK48/$V48,0)) -> 0 | CS48: =INT(IFERROR( CL48/$V48,0)) -> 0 | CT48: =INT(IFERROR( AE48-CQ48-CU48-CR48,0)) -> 0 | CU48: =INT(IFERROR( AC48-CR48,0)) -> 0 | CV48: =INT(IFERROR( AD48-CS48,0)) -> 0 | CW48: A | CX48: 21 | CY48: =INT(60/CX48*60*(12-(CEILING((60/CX48*60*12)/E48,1)*IF(CW48="T",0.45,IF(CW48="",5,3))/60))) -> 1988 | CZ48: =IF(CX48="",0,(IF(CW48="",360,180)/(60/CX48))*1.35) -> 85.05 | DE48: =IFERROR(CQ48+CR48,"") -> 0 | DF48: =IFERROR(AL48,"") -> 0 | DG48: =IFERROR(AZ48,"") -> 0 | DH48: =IFERROR(CT48+CU48,"") -> 0 | DI48: =IFERROR(BF48,"") -> 0 | DJ48: =IFERROR(BT48,"") -> 0 | DK48: =IFERROR(DE48+DH48,"") -> 0 | DL48: =IFERROR(DF48+DI48,"") -> 0 | DM48: =IFERROR(DG48+DJ48,"") -> 0 | DN48: =T48 -> 26 | DO48: =U48 -> 0 | DR48: A12C410515 | DW48: =IFERROR(BU48+BV48,"") -> 0 | DX48: =IFERROR(DK48+DL48+DM48,"") -> 0 | DY48: =CQ48+CR48+CS48+CT48+CU48+CV48 -> 0 | DZ48: =IFERROR((AD48*V48/1000),0) -> 0 | EA48: =IFERROR((AE48*V48/1000),0) -> 0 | EB48: =BX48-EA48 -> 0 | EC48: =EB48+DZ48 -> 0 | EF48: =DG48+DJ48 -> 0
A49: 42 | B49: C42 | D49: F3 105A | E49: 240 | F49: D | G49: =CONCATENATE(K49,J49,"-",IF(N49="D",L49,IF(N49="H",CONCATENATE(N49,L49),CONCATENATE(N49,L49,"x",M49))),"x",P49,"-",O49,R49) -> GAA5052-5.7x3-H9A14 | H49: =CONCATENATE(J49,,K49,L49,M49,N49,O49) -> A5052GA5.70DH9 | I49: =CONCATENATE(J49,K49,L49,M49,N49,O49,P49,R49) -> A5052GA5.70DH93A14 | J49: A5052 | K49: GA | L49: 5.7 | M49: 0 | N49: D | O49: H9 | P49: 3 | Q49: 0.204 | R49: A14 | S49: =ROUND(CY49/E49,0)*2 -> 14 | T49: 15.69 | U49: 20 | V49: 0.15 | W49: =IF(V49="","",INT((AO49+BI49)/$V49)) -> 0 | X49: =IF(V49="","",INT((AP49+BJ49)/$V49)) -> 0 | Y49: =IF(V49="","",INT((AQ49+BK49)/$V49)) -> 0 | Z49: =IF(V49="","",INT((AR49+BL49)/$V49)) -> 0 | AA49: =IF(V49="","",INT((AS49+BM49)/$V49)) -> 0 | AB49: =IF(V49="","",INT((AT49+BN49)/$V49)) -> 1526 | AC49: =IF(V49="","",INT((AU49+BO49)/$V49)) -> 0 | AD49: =IF(V49="","",INT((AV49+BP49)/$V49)) -> 66 | AE49: =IF(V49="","",SUM(W49:AC49)) -> 1526 | AF49: =AE49 -> 1526 | AG49: =T49 -> 15.69 | AH49: =IFERROR(VALUE("0"&RIGHT(AG49,(LEN(AG49)-LEN(TRUNC(AG49))))),"") -> 0.69 | AI49: 2 | AJ49: =$CI49 -> 9 | AK49: =IF(V49="","",IF(AJ49=0,1,AJ49/$V49/$E49)) -> 0.25 | AL49: =IF(V49="","",MAX(ROUNDUP((IF(AI49+AJ49=0,0,AH49)+AI49+AK49-1),2),0)) -> 1.94 | AM49: =IF(V49="","",AG49+U49-AL49) -> 33.75 | AT49: =$CJ49 -> 70 | AU49: =CK49 -> 0 | AV49: =CL49 -> 5 | AW49: =SUM(AO49:AV49) -> 75 | AX49: =IF(V49="","",INT(AW49/$V49)) -> 500 | AY49: =IF(V49="","",AW49-AL49*$E49*$V49) -> 5.16 | AZ49: =IF($V49="","",AY49/$V49) -> 34.4 | BA49: =AM49 -> 33.75 | BB49: =VALUE("0"&RIGHT(BA49,(LEN(BA49)-LEN(TRUNC(BA49))))) -> 0.75 | BC49: 4 | BD49: =$CM49 -> 22 | BE49: =IF(AA49="","",IF(BD49=0,1,BD49/$V49/$E49)) -> 0.61111111 | BF49: =IF(V49="","",MAX(ROUNDUP((IF(BC49+BD49=0,0,BB49)+BC49+BE49-1),2),0)) -> 4.37 | BG49: =IF(AA49="","",BA49-BF49) -> 29.38 | BN49: =$CN49 -> 159 | BO49: =CO49 -> 0 | BP49: =CP49 -> 5 | BQ49: =SUM(BI49:BP49) -> 164 | BR49: =IF(AA49="","",INT(BQ49/$V49)) -> 1093 | BS49: =IF(AA49="","",-BF49*$E49*$V49+BQ49) -> 6.68 | BT49: =IF($V49="","",BS49/$V49) -> 44.533333 | BU49: =IFERROR(AE49,"") -> 1526 | BV49: =IFERROR(BF49+AL49,"") -> 6.31 | BW49: =IFERROR(BT49+AZ49,"") -> 78.933333 | BX49: =IF($Q49="","",(BF49+AL49)*$Q49) -> 1.28724 | BY49: =IFERROR(BF49+AL49,0) -> 6.31 | BZ49: =BY49 -> 6.31 | CA49: =IFERROR((BQ49+AW49)/1000,"") -> 0.239 | CB49: =IFERROR(BR49+AX49,"") -> 1593 | CC49: =IFERROR(BS49+AY49,"") -> 11.84 | CD49: =IFERROR(BT49+AZ49,"") -> 78.933333 | CG49: =IF(BX49="",0,(BX49-CA49)+((AV49+BP49)/1000)) -> 1.05824 | CH49: =CG49 -> 1.05824 | CI49: 9 | CJ49: 70 | CL49: 5 | CM49: 22 | CN49: 159 | CP49: 5 | CQ49: =INT(IFERROR( CJ49/$V49,0)) -> 466 | CR49: =INT(IFERROR( CK49/$V49,0)) -> 0 | CS49: =INT(IFERROR( CL49/$V49,0)) -> 33 | CT49: =INT(IFERROR( AE49-CQ49-CU49-CR49,0)) -> 1060 | CU49: =INT(IFERROR( AC49-CR49,0)) -> 0 | CV49: =INT(IFERROR( AD49-CS49,0)) -> 33 | CW49: A | CX49: 26 | CY49: =INT(60/CX49*60*(12-(CEILING((60/CX49*60*12)/E49,1)*IF(CW49="T",0.45,IF(CW49="",5,3))/60))) -> 1613 | CZ49: =IF(CX49="",0,(IF(CW49="",360,180)/(60/CX49))*1.35) -> 105.3 | DE49: =IFERROR(CQ49+CR49,"") -> 466 | DF49: =IFERROR(AL49,"") -> 1.94 | DG49: =IFERROR(AZ49,"") -> 34.4 | DH49: =IFERROR(CT49+CU49,"") -> 1060 | DI49: =IFERROR(BF49,"") -> 4.37 | DJ49: =IFERROR(BT49,"") -> 44.533333 | DK49: =IFERROR(DE49+DH49,"") -> 1526 | DL49: =IFERROR(DF49+DI49,"") -> 6.31 | DM49: =IFERROR(DG49+DJ49,"") -> 78.933333 | DN49: 15 | DO49: =U49 -> 20 | DR49: A14C420515 | DW49: =IFERROR(BU49+BV49,"") -> 1532.31 | DX49: =IFERROR(DK49+DL49+DM49,"") -> 1611.2433 | DY49: =CQ49+CR49+CS49+CT49+CU49+CV49 -> 1592 | DZ49: =IFERROR((AD49*V49/1000),0) -> 0.0099 | EA49: =IFERROR((AE49*V49/1000),0) -> 0.2289 | EB49: =BX49-EA49 -> 1.05834 | EC49: =EB49+DZ49 -> 1.06824 | EF49: =DG49+DJ49 -> 78.933333
A50: 43 | B50: C43 | D50: V2.5 | E50: 500 | F50: C | G50: =CONCATENATE(K50,J50,"-",IF(N50="D",L50,IF(N50="H",CONCATENATE(N50,L50),CONCATENATE(N50,L50,"x",M50))),"x",P50,"-",O50,R50) -> MESUS303CU-3.5x3-H9B14 | H50: =CONCATENATE(J50,,K50,L50,M50,N50,O50) -> SUS303CUME3.50DH9 | I50: =CONCATENATE(J50,K50,L50,M50,N50,O50,P50,R50) -> SUS303CUME3.50DH93B14 | J50: SUS303CU | K50: ME | L50: 3.5 | M50: 0 | N50: D | O50: H9 | P50: 3 | Q50: 0.23 | R50: B14 | S50: =ROUND(CY50/E50,0)*2 -> 8 | T50: 10 | U50: 10 | V50: 0.163 | W50: =IF(V50="","",INT((AO50+BI50)/$V50)) -> 0 | X50: =IF(V50="","",INT((AP50+BJ50)/$V50)) -> 0 | Y50: =IF(V50="","",INT((AQ50+BK50)/$V50)) -> 0 | Z50: =IF(V50="","",INT((AR50+BL50)/$V50)) -> 4098 | AA50: =IF(V50="","",INT((AS50+BM50)/$V50)) -> 0 | AB50: =IF(V50="","",INT((AT50+BN50)/$V50)) -> 0 | AC50: =IF(V50="","",INT((AU50+BO50)/$V50)) -> 0 | AD50: =IF(V50="","",INT((AV50+BP50)/$V50)) -> 0 | AE50: =IF(V50="","",SUM(W50:AC50)) -> 4098 | AF50: =AE50 -> 4098 | AG50: =T50 -> 10 | AH50: =IFERROR(VALUE("0"&RIGHT(AG50,(LEN(AG50)-LEN(TRUNC(AG50))))),"") -> 0 | AI50: 4 | AJ50: =$CI50 -> 60 | AK50: =IF(V50="","",IF(AJ50=0,1,AJ50/$V50/$E50)) -> 0.73619632 | AL50: =IF(V50="","",MAX(ROUNDUP((IF(AI50+AJ50=0,0,AH50)+AI50+AK50-1),2),0)) -> 3.74 | AM50: =IF(V50="","",AG50+U50-AL50) -> 16.26 | AR50: =$CJ50 -> 320 | AU50: =CK50 -> 0 | AV50: =CL50 -> 0 | AW50: =SUM(AO50:AV50) -> 320 | AX50: =IF(V50="","",INT(AW50/$V50)) -> 1963 | AY50: =IF(V50="","",AW50-AL50*$E50*$V50) -> 15.19 | AZ50: =IF($V50="","",AY50/$V50) -> 93.190184 | BA50: =AM50 -> 16.26 | BB50: =VALUE("0"&RIGHT(BA50,(LEN(BA50)-LEN(TRUNC(BA50))))) -> 0.26 | BC50: 4 | BD50: =$CM50 -> 0 | BE50: =IF(AA50="","",IF(BD50=0,1,BD50/$V50/$E50)) -> 1 | BF50: =IF(V50="","",MAX(ROUNDUP((IF(BC50+BD50=0,0,BB50)+BC50+BE50-1),2),0)) -> 4.26 | BG50: =IF(AA50="","",BA50-BF50) -> 12 | BL50: =$CN50 -> 348 | BO50: =CO50 -> 0 | BP50: =CP50 -> 0 | BQ50: =SUM(BI50:BP50) -> 348 | BR50: =IF(AA50="","",INT(BQ50/$V50)) -> 2134 | BS50: =IF(AA50="","",-BF50*$E50*$V50+BQ50) -> 0.81 | BT50: =IF($V50="","",BS50/$V50) -> 4.9693252 | BU50: =IFERROR(AE50,"") -> 4098 | BV50: =IFERROR(BF50+AL50,"") -> 8 | BW50: =IFERROR(BT50+AZ50,"") -> 98.159509 | BX50: =IF($Q50="","",(BF50+AL50)*$Q50) -> 1.84 | BY50: =IFERROR(BF50+AL50,0) -> 8 | BZ50: =BY50 -> 8 | CA50: =IFERROR((BQ50+AW50)/1000,"") -> 0.668 | CB50: =IFERROR(BR50+AX50,"") -> 4097 | CC50: =IFERROR(BS50+AY50,"") -> 16 | CD50: =IFERROR(BT50+AZ50,"") -> 98.159509 | CG50: =IF(BX50="",0,(BX50-CA50)+((AV50+BP50)/1000)) -> 1.172 | CH50: =CG50 -> 1.172 | CI50: 60 | CJ50: 320 | CN50: 348 | CQ50: =INT(IFERROR( CJ50/$V50,0)) -> 1963 | CR50: =INT(IFERROR( CK50/$V50,0)) -> 0 | CS50: =INT(IFERROR( CL50/$V50,0)) -> 0 | CT50: =INT(IFERROR( AE50-CQ50-CU50-CR50,0)) -> 2135 | CU50: =INT(IFERROR( AC50-CR50,0)) -> 0 | CV50: =INT(IFERROR( AD50-CS50,0)) -> 0 | CW50: A | CX50: 23 | CY50: =INT(60/CX50*60*(12-(CEILING((60/CX50*60*12)/E50,1)*IF(CW50="T",0.45,IF(CW50="",5,3))/60))) -> 1846 | CZ50: =IF(CX50="",0,(IF(CW50="",360,180)/(60/CX50))*1.35) -> 93.15 | DE50: =IFERROR(CQ50+CR50,"") -> 1963 | DF50: =IFERROR(AL50,"") -> 3.74 | DG50: =IFERROR(AZ50,"") -> 93.190184 | DH50: =IFERROR(CT50+CU50,"") -> 2135 | DI50: =IFERROR(BF50,"") -> 4.26 | DJ50: =IFERROR(BT50,"") -> 4.9693252 | DK50: =IFERROR(DE50+DH50,"") -> 4098 | DL50: =IFERROR(DF50+DI50,"") -> 8 | DM50: =IFERROR(DG50+DJ50,"") -> 98.159509 | DN50: =T50 -> 10 | DO50: =U50 -> 10 | DR50: A14C430515 | DW50: =IFERROR(AL50+BF50,"") -> 8 | DX50: =IFERROR(DK50+DL50+DM50,"") -> 4204.1595 | DY50: =CQ50+CR50+CS50+CT50+CU50+CV50 -> 4098 | DZ50: =IFERROR((AD50*V50/1000),0) -> 0 | EA50: =IFERROR((AE50*V50/1000),0) -> 0.667974 | EB50: =BX50-EA50 -> 1.172026 | EC50: =EB50+DZ50 -> 1.172026 | EF50: =DG50+DJ50 -> 98.159509
A51: 44 | B51: C44 | D51: PL7 | E51: 103 | F51: C | G51: =CONCATENATE(K51,J51,"-",IF(N51="D",L51,IF(N51="H",CONCATENATE(N51,L51),CONCATENATE(N51,L51,"x",M51))),"x",P51,"-",O51,R51) -> MESUS303-2.5x3-H9B14 | H51: =CONCATENATE(J51,,K51,L51,M51,N51,O51) -> SUS303ME2.50DH9 | I51: =CONCATENATE(J51,K51,L51,M51,N51,O51,P51,R51) -> SUS303ME2.50DH93B14 | J51: SUS303 | K51: ME | L51: 2.5 | M51: 0 | N51: D | O51: H9 | P51: 3 | Q51: 0.117 | R51: B14 | S51: =ROUND(CY51/E51,0)*2 -> 38 | T51: 0 | V51: 0.66 | W51: =IF(V51="","",INT((AO51+BI51)/$V51)) -> 0 | X51: =IF(V51="","",INT((AP51+BJ51)/$V51)) -> 0 | Y51: =IF(V51="","",INT((AQ51+BK51)/$V51)) -> 0 | Z51: =IF(V51="","",INT((AR51+BL51)/$V51)) -> 0 | AA51: =IF(V51="","",INT((AS51+BM51)/$V51)) -> 0 | AB51: =IF(V51="","",INT((AT51+BN51)/$V51)) -> 0 | AC51: =IF(V51="","",INT((AU51+BO51)/$V51)) -> 0 | AD51: =IF(V51="","",INT((AV51+BP51)/$V51)) -> 0 | AE51: =IF(V51="","",SUM(W51:AC51)) -> 0 | AF51: =AE51 -> 0 | AG51: =T51 -> 0 | AH51: =IFERROR(VALUE("0"&RIGHT(AG51,(LEN(AG51)-LEN(TRUNC(AG51))))),"") -> 0 | AJ51: =$CI51 -> 0 | AK51: =IF(V51="","",IF(AJ51=0,1,AJ51/$V51/$E51)) -> 1 | AL51: =IF(V51="","",MAX(ROUNDUP((IF(AI51+AJ51=0,0,AH51)+AI51+AK51-1),2),0)) -> 0 | AM51: =IF(V51="","",AG51+U51-AL51) -> 0 | AP51: =$CJ51 -> 0 | AU51: =CK51 -> 0 | AV51: =CL51 -> 0 | AW51: =SUM(AO51:AV51) -> 0 | AX51: =IF(V51="","",INT(AW51/$V51)) -> 0 | AY51: =IF(V51="","",AW51-AL51*$E51*$V51) -> 0 | AZ51: =IF($V51="","",AY51/$V51) -> 0 | BA51: =AM51 -> 0 | BB51: =VALUE("0"&RIGHT(BA51,(LEN(BA51)-LEN(TRUNC(BA51))))) -> 0 | BD51: =$CM51 -> 0 | BE51: =IF(AA51="","",IF(BD51=0,1,BD51/$V51/$E51)) -> 1 | BF51: =IF(V51="","",MAX(ROUNDUP((IF(BC51+BD51=0,0,BB51)+BC51+BE51-1),2),0)) -> 0 | BG51: =IF(AA51="","",BA51-BF51) -> 0 | BJ51: =$CN51 -> 0 | BO51: =CO51 -> 0 | BP51: =CP51 -> 0 | BQ51: =SUM(BI51:BP51) -> 0 | BR51: =IF(AA51="","",INT(BQ51/$V51)) -> 0 | BS51: =IF(AA51="","",-BF51*$E51*$V51+BQ51) -> 0 | BT51: =IF($V51="","",BS51/$V51) -> 0 | BU51: =IFERROR(AE51,"") -> 0 | BV51: =IFERROR(BF51+AL51,"") -> 0 | BW51: =IFERROR(BT51+AZ51,"") -> 0 | BX51: =IF($Q51="","",(BF51+AL51)*$Q51) -> 0 | BY51: =IFERROR(BF51+AL51,0) -> 0 | BZ51: =BY51 -> 0 | CA51: =IFERROR((BQ51+AW51)/1000,"") -> 0 | CB51: =IFERROR(BR51+AX51,"") -> 0 | CC51: =IFERROR(BS51+AY51,"") -> 0 | CD51: =IFERROR(BT51+AZ51,"") -> 0 | CG51: =IF(BX51="",0,(BX51-CA51)+((AV51+BP51)/1000)) -> 0 | CH51: =CG51 -> 0 | CQ51: =INT(IFERROR( CJ51/$V51,0)) -> 0 | CR51: =INT(IFERROR( CK51/$V51,0)) -> 0 | CS51: =INT(IFERROR( CL51/$V51,0)) -> 0 | CT51: =INT(IFERROR( AE51-CQ51-CU51-CR51,0)) -> 0 | CU51: =INT(IFERROR( AC51-CR51,0)) -> 0 | CV51: =INT(IFERROR( AD51-CS51,0)) -> 0 | CW51: A | CX51: 20 | CY51: =INT(60/CX51*60*(12-(CEILING((60/CX51*60*12)/E51,1)*IF(CW51="T",0.45,IF(CW51="",5,3))/60))) -> 1971 | CZ51: =IF(CX51="",0,(IF(CW51="",360,180)/(60/CX51))*1.35) -> 81 | DE51: =IFERROR(CQ51+CR51,"") -> 0 | DF51: =IFERROR(AL51,"") -> 0 | DG51: =IFERROR(AZ51,"") -> 0 | DH51: =IFERROR(CT51+CU51,"") -> 0 | DI51: =IFERROR(BF51,"") -> 0 | DJ51: =IFERROR(BT51,"") -> 0 | DK51: =IFERROR(DE51+DH51,"") -> 0 | DL51: =IFERROR(DF51+DI51,"") -> 0 | DM51: =IFERROR(DG51+DJ51,"") -> 0 | DN51: =T51 -> 0 | DO51: =U51 -> 0 | DW51: =IFERROR(AL51+BF51,"") -> 0 | DX51: =IFERROR(DK51+DL51+DM51,"") -> 0 | DY51: =CQ51+CR51+CS51+CT51+CU51+CV51 -> 0 | DZ51: =IFERROR((AD51*V51/1000),0) -> 0 | EA51: =IFERROR((AE51*V51/1000),0) -> 0 | EB51: =BX51-EA51 -> 0 | EC51: =EB51+DZ51 -> 0 | EF51: =DG51+DJ51 -> 0
A52: 45 | B52: C45 | D52: V2.5 | E52: 500 | F52: C | G52: =CONCATENATE(K52,J52,"-",IF(N52="D",L52,IF(N52="H",CONCATENATE(N52,L52),CONCATENATE(N52,L52,"x",M52))),"x",P52,"-",O52,R52) -> MESUS303CU-3.5x3-H9B14 | H52: =CONCATENATE(J52,,K52,L52,M52,N52,O52) -> SUS303CUME3.50DH9 | I52: =CONCATENATE(J52,K52,L52,M52,N52,O52,P52,R52) -> SUS303CUME3.50DH93B14 | J52: SUS303CU | K52: ME | L52: 3.5 | M52: 0 | N52: D | O52: H9 | P52: 3 | Q52: 0.23 | R52: B14 | S52: =ROUND(CY52/E52,0)*2 -> 14 | T52: 0 | V52: 0.163 | W52: =IF(V52="","",INT((AO52+BI52)/$V52)) -> 0 | X52: =IF(V52="","",INT((AP52+BJ52)/$V52)) -> 0 | Y52: =IF(V52="","",INT((AQ52+BK52)/$V52)) -> 0 | Z52: =IF(V52="","",INT((AR52+BL52)/$V52)) -> 0 | AA52: =IF(V52="","",INT((AS52+BM52)/$V52)) -> 0 | AB52: =IF(V52="","",INT((AT52+BN52)/$V52)) -> 0 | AC52: =IF(V52="","",INT((AU52+BO52)/$V52)) -> 0 | AD52: =IF(V52="","",INT((AV52+BP52)/$V52)) -> 0 | AE52: =IF(V52="","",SUM(W52:AC52)) -> 0 | AF52: =AE52 -> 0 | AG52: =T52 -> 0 | AH52: =IFERROR(VALUE("0"&RIGHT(AG52,(LEN(AG52)-LEN(TRUNC(AG52))))),"") -> 0 | AJ52: =$CI52 -> 0 | AK52: =IF(V52="","",IF(AJ52=0,1,AJ52/$V52/$E52)) -> 1 | AL52: =IF(V52="","",MAX(ROUNDUP((IF(AI52+AJ52=0,0,AH52)+AI52+AK52-1),2),0)) -> 0 | AM52: =IF(V52="","",AG52+U52-AL52) -> 0 | AR52: =$CJ52 -> 0 | AU52: =CK52 -> 0 | AV52: =CL52 -> 0 | AW52: =SUM(AO52:AV52) -> 0 | AX52: =IF(V52="","",INT(AW52/$V52)) -> 0 | AY52: =IF(V52="","",AW52-AL52*$E52*$V52) -> 0 | AZ52: =IF($V52="","",AY52/$V52) -> 0 | BA52: =AM52 -> 0 | BB52: =VALUE("0"&RIGHT(BA52,(LEN(BA52)-LEN(TRUNC(BA52))))) -> 0 | BD52: =$CM52 -> 0 | BE52: =IF(AA52="","",IF(BD52=0,1,BD52/$V52/$E52)) -> 1 | BF52: =IF(V52="","",MAX(ROUNDUP((IF(BC52+BD52=0,0,BB52)+BC52+BE52-1),2),0)) -> 0 | BG52: =IF(AA52="","",BA52-BF52) -> 0 | BL52: =$CN52 -> 0 | BO52: =CO52 -> 0 | BP52: =CP52 -> 0 | BQ52: =SUM(BI52:BP52) -> 0 | BR52: =IF(AA52="","",INT(BQ52/$V52)) -> 0 | BS52: =IF(AA52="","",-BF52*$E52*$V52+BQ52) -> 0 | BT52: =IF($V52="","",BS52/$V52) -> 0 | BU52: =IFERROR(AE52,"") -> 0 | BV52: =IFERROR(BF52+AL52,"") -> 0 | BW52: =IFERROR(BT52+AZ52,"") -> 0 | BX52: =IF($Q52="","",(BF52+AL52)*$Q52) -> 0 | BY52: =IFERROR(BF52+AL52,0) -> 0 | BZ52: =BY52 -> 0 | CA52: =IFERROR((BQ52+AW52)/1000,"") -> 0 | CB52: =IFERROR(BR52+AX52,"") -> 0 | CC52: =IFERROR(BS52+AY52,"") -> 0 | CD52: =IFERROR(BT52+AZ52,"") -> 0 | CG52: =IF(BX52="",0,(BX52-CA52)+((AV52+BP52)/1000)) -> 0 | CH52: =CG52 -> 0 | CQ52: =INT(IFERROR( CJ52/$V52,0)) -> 0 | CR52: =INT(IFERROR( CK52/$V52,0)) -> 0 | CS52: =INT(IFERROR( CL52/$V52,0)) -> 0 | CT52: =INT(IFERROR( AE52-CQ52-CU52-CR52,0)) -> 0 | CU52: =INT(IFERROR( AC52-CR52,0)) -> 0 | CV52: =INT(IFERROR( AD52-CS52,0)) -> 0 | CW52: A | CX52: 12 | CY52: =INT(60/CX52*60*(12-(CEILING((60/CX52*60*12)/E52,1)*IF(CW52="T",0.45,IF(CW52="",5,3))/60))) -> 3480 | CZ52: =IF(CX52="",0,(IF(CW52="",360,180)/(60/CX52))*1.35) -> 48.6 | DE52: =IFERROR(CQ52+CR52,"") -> 0 | DF52: =IFERROR(AL52,"") -> 0 | DG52: =IFERROR(AZ52,"") -> 0 | DH52: =IFERROR(CT52+CU52,"") -> 0 | DI52: =IFERROR(BF52,"") -> 0 | DJ52: =IFERROR(BT52,"") -> 0 | DK52: =IFERROR(DE52+DH52,"") -> 0 | DL52: =IFERROR(DF52+DI52,"") -> 0 | DM52: =IFERROR(DG52+DJ52,"") -> 0 | DN52: =T52 -> 0 | DO52: =U52 -> 0 | DW52: =IFERROR(AL52+BF52,"") -> 0 | DX52: =IFERROR(DK52+DL52+DM52,"") -> 0 | DY52: =CQ52+CR52+CS52+CT52+CU52+CV52 -> 0 | DZ52: =IFERROR((AD52*V52/1000),0) -> 0 | EA52: =IFERROR((AE52*V52/1000),0) -> 0 | EB52: =BX52-EA52 -> 0 | EC52: =EB52+DZ52 -> 0 | EF52: =DG52+DJ52 -> 0
A53: 46 | B53: C46 | D53: P1 | E53: 228 | F53: C | G53: =CONCATENATE(K53,J53,"-",IF(N53="D",L53,IF(N53="H",CONCATENATE(N53,L53),CONCATENATE(N53,L53,"x",M53))),"x",P53,"-",O53,R53) -> MESUS420J2-2x2.5-H9A14 | H53: =CONCATENATE(J53,,K53,L53,M53,N53,O53) -> SUS420J2ME20DH9 | I53: =CONCATENATE(J53,K53,L53,M53,N53,O53,P53,R53) -> SUS420J2ME20DH92.5A14 | J53: SUS420J2 | K53: ME | L53: 2 | M53: 0 | N53: D | O53: H9 | P53: 2.5 | Q53: 0.06 | R53: A14 | S53: =ROUND(CY53/E53,0)*2 -> 42 | T53: 49 | V53: 0.216 | W53: =IF(V53="","",INT((AO53+BI53)/$V53)) -> 0 | X53: =IF(V53="","",INT((AP53+BJ53)/$V53)) -> 0 | Y53: =IF(V53="","",INT((AQ53+BK53)/$V53)) -> 0 | Z53: =IF(V53="","",INT((AR53+BL53)/$V53)) -> 0 | AA53: =IF(V53="","",INT((AS53+BM53)/$V53)) -> 0 | AB53: =IF(V53="","",INT((AT53+BN53)/$V53)) -> 0 | AC53: =IF(V53="","",INT((AU53+BO53)/$V53)) -> 0 | AD53: =IF(V53="","",INT((AV53+BP53)/$V53)) -> 0 | AE53: =IF(V53="","",SUM(W53:AC53)) -> 0 | AF53: =AE53 -> 0 | AG53: =T53 -> 49 | AH53: =IFERROR(VALUE("0"&RIGHT(AG53,(LEN(AG53)-LEN(TRUNC(AG53))))),"") -> 0 | AJ53: =$CI53 -> 0 | AK53: =IF(V53="","",IF(AJ53=0,1,AJ53/$V53/$E53)) -> 1 | AL53: =IF(V53="","",MAX(ROUNDUP((IF(AI53+AJ53=0,0,AH53)+AI53+AK53-1),2),0)) -> 0 | AM53: =IF(V53="","",AG53+U53-AL53) -> 49 | AT53: =$CJ53 -> 0 | AU53: =CK53 -> 0 | AV53: =CL53 -> 0 | AW53: =SUM(AO53:AV53) -> 0 | AX53: =IF(V53="","",INT(AW53/$V53)) -> 0 | AY53: =IF(V53="","",AW53-AL53*$E53*$V53) -> 0 | AZ53: =IF($V53="","",AY53/$V53) -> 0 | BA53: =AM53 -> 49 | BB53: =VALUE("0"&RIGHT(BA53,(LEN(BA53)-LEN(TRUNC(BA53))))) -> 0 | BD53: =$CM53 -> 0 | BE53: =IF(AA53="","",IF(BD53=0,1,BD53/$V53/$E53)) -> 1 | BF53: =IF(V53="","",MAX(ROUNDUP((IF(BC53+BD53=0,0,BB53)+BC53+BE53-1),2),0)) -> 0 | BG53: =IF(AA53="","",BA53-BF53) -> 49 | BN53: =$CN53 -> 0 | BO53: =CO53 -> 0 | BP53: =CP53 -> 0 | BQ53: =SUM(BI53:BP53) -> 0 | BR53: =IF(AA53="","",INT(BQ53/$V53)) -> 0 | BS53: =IF(AA53="","",-BF53*$E53*$V53+BQ53) -> 0 | BT53: =IF($V53="","",BS53/$V53) -> 0 | BU53: =IFERROR(AE53,"") -> 0 | BV53: =IFERROR(BF53+AL53,"") -> 0 | BW53: =IFERROR(BT53+AZ53,"") -> 0 | BX53: =IF($Q53="","",(BF53+AL53)*$Q53) -> 0 | BY53: =IFERROR(BF53+AL53,0) -> 0 | BZ53: =BY53 -> 0 | CA53: =IFERROR((BQ53+AW53)/1000,"") -> 0 | CB53: =IFERROR(BR53+AX53,"") -> 0 | CC53: =IFERROR(BS53+AY53,"") -> 0 | CD53: =IFERROR(BT53+AZ53,"") -> 0 | CG53: =IF(BX53="",0,(BX53-CA53)+((AV53+BP53)/1000)) -> 0 | CH53: =CG53 -> 0 | CQ53: =INT(IFERROR( CJ53/$V53,0)) -> 0 | CR53: =INT(IFERROR( CK53/$V53,0)) -> 0 | CS53: =INT(IFERROR( CL53/$V53,0)) -> 0 | CT53: =INT(IFERROR( AE53-CQ53-CU53-CR53,0)) -> 0 | CU53: =INT(IFERROR( AC53-CR53,0)) -> 0 | CV53: =INT(IFERROR( AD53-CS53,0)) -> 0 | CW53: A | CX53: 8.05 | CY53: =INT(60/CX53*60*(12-(CEILING((60/CX53*60*12)/E53,1)*IF(CW53="T",0.45,IF(CW53="",5,3))/60))) -> 4829 | CZ53: =IF(CX53="",0,(IF(CW53="",360,180)/(60/CX53))*1.35) -> 32.6025 | DE53: =IFERROR(CQ53+CR53,"") -> 0 | DF53: =IFERROR(AL53,"") -> 0 | DG53: =IFERROR(AZ53,"") -> 0 | DH53: =IFERROR(CT53+CU53,"") -> 0 | DI53: =IFERROR(BF53,"") -> 0 | DJ53: =IFERROR(BT53,"") -> 0 | DK53: =IFERROR(DE53+DH53,"") -> 0 | DL53: =IFERROR(DF53+DI53,"") -> 0 | DM53: =IFERROR(DG53+DJ53,"") -> 0 | DN53: =T53 -> 49 | DO53: =U53 -> 0 | DR53: A14C460515 | DW53: =IFERROR(BU53+BV53,"") -> 0 | DX53: =IFERROR(DK53+DL53+DM53,"") -> 0 | DY53: =CQ53+CR53+CS53+CT53+CU53+CV53 -> 0 | DZ53: =IFERROR((AD53*V53/1000),0) -> 0 | EA53: =IFERROR((AE53*V53/1000),0) -> 0 | EB53: =BX53-EA53 -> 0 | EC53: =EB53+DZ53 -> 0 | EF53: =DG53+DJ53 -> 0
A54: 47 | B54: C47 | D54: V25L30 | E54: 501 | F54: C | G54: =CONCATENATE(K54,J54,"-",IF(N54="D",L54,IF(N54="H",CONCATENATE(N54,L54),CONCATENATE(N54,L54,"x",M54))),"x",P54,"-",O54,R54) -> MESUS303CU-3.5x3-H9B14 | H54: =CONCATENATE(J54,,K54,L54,M54,N54,O54) -> SUS303CUME3.50DH9 | I54: =CONCATENATE(J54,K54,L54,M54,N54,O54,P54,R54) -> SUS303CUME3.50DH93B14 | J54: SUS303CU | K54: ME | L54: 3.5 | M54: 0 | N54: D | O54: H9 | P54: 3 | Q54: 0.23 | R54: B14 | S54: =ROUND(CY54/E54,0)*2 -> 12 | T54: 20 | V54: 0.183 | W54: =IF(V54="","",INT((AO54+BI54)/$V54)) -> 0 | X54: =IF(V54="","",INT((AP54+BJ54)/$V54)) -> 0 | Y54: =IF(V54="","",INT((AQ54+BK54)/$V54)) -> 0 | Z54: =IF(V54="","",INT((AR54+BL54)/$V54)) -> 0 | AA54: =IF(V54="","",INT((AS54+BM54)/$V54)) -> 0 | AB54: =IF(V54="","",INT((AT54+BN54)/$V54)) -> 0 | AC54: =IF(V54="","",INT((AU54+BO54)/$V54)) -> 0 | AD54: =IF(V54="","",INT((AV54+BP54)/$V54)) -> 0 | AE54: =IF(V54="","",SUM(W54:AC54)) -> 0 | AF54: =AE54 -> 0 | AG54: =T54 -> 20 | AH54: =IFERROR(VALUE("0"&RIGHT(AG54,(LEN(AG54)-LEN(TRUNC(AG54))))),"") -> 0 | AJ54: =$CI54 -> 0 | AK54: =IF(V54="","",IF(AJ54=0,1,AJ54/$V54/$E54)) -> 1 | AL54: =IF(V54="","",MAX(ROUNDUP((IF(AI54+AJ54=0,0,AH54)+AI54+AK54-1),2),0)) -> 0 | AM54: =IF(V54="","",AG54+U54-AL54) -> 20 | AR54: =$CJ54 -> 0 | AU54: =CK54 -> 0 | AV54: =CL54 -> 0 | AW54: =SUM(AO54:AV54) -> 0 | AX54: =IF(V54="","",INT(AW54/$V54)) -> 0 | AY54: =IF(V54="","",AW54-AL54*$E54*$V54) -> 0 | AZ54: =IF($V54="","",AY54/$V54) -> 0 | BA54: =AM54 -> 20 | BB54: =VALUE("0"&RIGHT(BA54,(LEN(BA54)-LEN(TRUNC(BA54))))) -> 0 | BD54: =$CM54 -> 0 | BE54: =IF(AA54="","",IF(BD54=0,1,BD54/$V54/$E54)) -> 1 | BF54: =IF(V54="","",MAX(ROUNDUP((IF(BC54+BD54=0,0,BB54)+BC54+BE54-1),2),0)) -> 0 | BG54: =IF(AA54="","",BA54-BF54) -> 20 | BL54: =$CN54 -> 0 | BO54: =CO54 -> 0 | BP54: =CP54 -> 0 | BQ54: =SUM(BI54:BP54) -> 0 | BR54: =IF(AA54="","",INT(BQ54/$V54)) -> 0 | BS54: =IF(AA54="","",-BF54*$E54*$V54+BQ54) -> 0 | BT54: =IF($V54="","",BS54/$V54) -> 0 | BU54: =IFERROR(AE54,"") -> 0 | BV54: =IFERROR(BF54+AL54,"") -> 0 | BW54: =IFERROR(BT54+AZ54,"") -> 0 | BX54: =IF($Q54="","",(BF54+AL54)*$Q54) -> 0 | BY54: =IFERROR(BF54+AL54,0) -> 0 | BZ54: =BY54 -> 0 | CA54: =IFERROR((BQ54+AW54)/1000,"") -> 0 | CB54: =IFERROR(BR54+AX54,"") -> 0 | CC54: =IFERROR(BS54+AY54,"") -> 0 | CD54: =IFERROR(BT54+AZ54,"") -> 0 | CG54: =IF(BX54="",0,(BX54-CA54)+((AV54+BP54)/1000)) -> 0 | CH54: =CG54 -> 0 | CQ54: =INT(IFERROR( CJ54/$V54,0)) -> 0 | CR54: =INT(IFERROR( CK54/$V54,0)) -> 0 | CS54: =INT(IFERROR( CL54/$V54,0)) -> 0 | CT54: =INT(IFERROR( AE54-CQ54-CU54-CR54,0)) -> 0 | CU54: =INT(IFERROR( AC54-CR54,0)) -> 0 | CV54: =INT(IFERROR( AD54-CS54,0)) -> 0 | CW54: A | CX54: 15 | CY54: =INT(60/CX54*60*(12-(CEILING((60/CX54*60*12)/E54,1)*IF(CW54="T",0.45,IF(CW54="",5,3))/60))) -> 2808 | CZ54: =IF(CX54="",0,(IF(CW54="",360,180)/(60/CX54))*1.35) -> 60.75 | DE54: =IFERROR(CQ54+CR54,"") -> 0 | DF54: =IFERROR(AL54,"") -> 0 | DG54: =IFERROR(AZ54,"") -> 0 | DH54: =IFERROR(CT54+CU54,"") -> 0 | DI54: =IFERROR(BF54,"") -> 0 | DJ54: =IFERROR(BT54,"") -> 0 | DK54: =IFERROR(DE54+DH54,"") -> 0 | DL54: =IFERROR(DF54+DI54,"") -> 0 | DM54: =IFERROR(DG54+DJ54,"") -> 0 | DN54: =T54 -> 20 | DO54: =U54 -> 0 | DR54: B14C470515 | DW54: =IFERROR(AL54+BF54,"") -> 0 | DX54: =IFERROR(DK54+DL54+DM54,"") -> 0 | DY54: =CQ54+CR54+CS54+CT54+CU54+CV54 -> 0 | DZ54: =IFERROR((AD54*V54/1000),0) -> 0 | EA54: =IFERROR((AE54*V54/1000),0) -> 0 | EB54: =BX54-EA54 -> 0 | EC54: =EB54+DZ54 -> 0 | EF54: =DG54+DJ54 -> 0
A55: 48 | B55: C48 | D55: 305 | E55: 177 | F55: A | G55: =CONCATENATE(K55,J55,"-",IF(N55="D",L55,IF(N55="H",CONCATENATE(N55,L55),CONCATENATE(N55,L55,"x",M55))),"x",P55,"-",O55,R55) -> YHC3604-4.03x3-H9A14 | H55: =CONCATENATE(J55,,K55,L55,M55,N55,O55) -> C3604YH4.030DH9 | I55: =CONCATENATE(J55,K55,L55,M55,N55,O55,P55,R55) -> C3604YH4.030DH93A14 | J55: C3604 | K55: YH | L55: 4.03 | M55: 0 | N55: D | O55: H9 | P55: 3 | Q55: 0.323 | R55: A14 | S55: =ROUND(CY55/E55,0)*2 -> 60 | T55: 15 | U55: 65 | V55: 0.64 | W55: =IF(V55="","",INT((AO55+BI55)/$V55)) -> 0 | X55: =IF(V55="","",INT((AP55+BJ55)/$V55)) -> 0 | Y55: =IF(V55="","",INT((AQ55+BK55)/$V55)) -> 0 | Z55: =IF(V55="","",INT((AR55+BL55)/$V55)) -> 0 | AA55: =IF(V55="","",INT((AS55+BM55)/$V55)) -> 0 | AB55: =IF(V55="","",INT((AT55+BN55)/$V55)) -> 8457 | AC55: =IF(V55="","",INT((AU55+BO55)/$V55)) -> 0 | AD55: =IF(V55="","",INT((AV55+BP55)/$V55)) -> 248 | AE55: =IF(V55="","",SUM(W55:AC55)) -> 8457 | AF55: =AE55 -> 8457 | AG55: =T55 -> 15 | AH55: =IFERROR(VALUE("0"&RIGHT(AG55,(LEN(AG55)-LEN(TRUNC(AG55))))),"") -> 0 | AI55: 23 | AJ55: =$CI55 -> 0 | AK55: =IF(V55="","",IF(AJ55=0,1,AJ55/$V55/$E55)) -> 1 | AL55: =IF(V55="","",MAX(ROUNDUP((IF(AI55+AJ55=0,0,AH55)+AI55+AK55-1),2),0)) -> 23 | AM55: =IF(V55="","",AG55+U55-AL55) -> 57 | AT55: =$CJ55 -> 2437 | AU55: =CK55 -> 0 | AV55: =CL55 -> 100 | AW55: =SUM(AO55:AV55) -> 2537 | AX55: =IF(V55="","",INT(AW55/$V55)) -> 3964 | AY55: =IF(V55="","",AW55-AL55*$E55*$V55) -> -68.44 | AZ55: =IF($V55="","",AY55/$V55) -> -106.9375 | BA55: =AM55 -> 57 | BB55: =VALUE("0"&RIGHT(BA55,(LEN(BA55)-LEN(TRUNC(BA55))))) -> 0 | BC55: 27 | BD55: =$CM55 -> 0 | BE55: =IF(AA55="","",IF(BD55=0,1,BD55/$V55/$E55)) -> 1 | BF55: =IF(V55="","",MAX(ROUNDUP((IF(BC55+BD55=0,0,BB55)+BC55+BE55-1),2),0)) -> 27 | BG55: =IF(AA55="","",BA55-BF55) -> 30 | BN55: =$CN55 -> 2976 | BO55: =CO55 -> 0 | BP55: =CP55 -> 59 | BQ55: =SUM(BI55:BP55) -> 3035 | BR55: =IF(AA55="","",INT(BQ55/$V55)) -> 4742 | BS55: =IF(AA55="","",-BF55*$E55*$V55+BQ55) -> -23.56 | BT55: =IF($V55="","",BS55/$V55) -> -36.8125 | BU55: =IFERROR(AE55,"") -> 8457 | BV55: =IFERROR(BF55+AL55,"") -> 50 | BW55: =IFERROR(BT55+AZ55,"") -> -143.75 | BX55: =IF($Q55="","",(BF55+AL55)*$Q55) -> 16.15 | BY55: =IFERROR(BF55+AL55,0) -> 50 | BZ55: =BY55 -> 50 | CA55: =IFERROR((BQ55+AW55)/1000,"") -> 5.572 | CB55: =IFERROR(BR55+AX55,"") -> 8706 | CC55: =IFERROR(BS55+AY55,"") -> -92 | CD55: =IFERROR(BT55+AZ55,"") -> -143.75 | CG55: =IF(BX55="",0,(BX55-CA55)+((AV55+BP55)/1000)) -> 10.737 | CH55: =CG55 -> 10.737 | CJ55: 2437 | CL55: 100 | CN55: 2976 | CP55: 59 | CQ55: =INT(IFERROR( CJ55/$V55,0)) -> 3807 | CR55: =INT(IFERROR( CK55/$V55,0)) -> 0 | CS55: =INT(IFERROR( CL55/$V55,0)) -> 156 | CT55: =INT(IFERROR( AE55-CQ55-CU55-CR55,0)) -> 4650 | CU55: =INT(IFERROR( AC55-CR55,0)) -> 0 | CV55: =INT(IFERROR( AD55-CS55,0)) -> 92 | CW55: A | CX55: 7 | CY55: =INT(60/CX55*60*(12-(CEILING((60/CX55*60*12)/E55,1)*IF(CW55="T",0.45,IF(CW55="",5,3))/60))) -> 5271 | CZ55: =IF(CX55="",0,(IF(CW55="",360,180)/(60/CX55))*1.35) -> 28.35 | DE55: =IFERROR(CQ55+CR55,"") -> 3807 | DF55: =IFERROR(AL55,"") -> 23 | DG55: =IFERROR(AZ55,"") -> -106.9375 | DH55: =IFERROR(CT55+CU55,"") -> 4650 | DI55: =IFERROR(BF55,"") -> 27 | DJ55: =IFERROR(BT55,"") -> -36.8125 | DK55: =IFERROR(DE55+DH55,"") -> 8457 | DL55: =IFERROR(DF55+DI55,"") -> 50 | DM55: =IFERROR(DG55+DJ55,"") -> -143.75 | DN55: =T55 -> 15 | DO55: =U55 -> 65 | DR55: A14C480515 | DW55: =IFERROR(AL55+BF55,"") -> 50 | DX55: =IFERROR(DK55+DL55+DM55,"") -> 8363.25 | DY55: =CQ55+CR55+CS55+CT55+CU55+CV55 -> 8705 | DZ55: =IFERROR((AD55*V55/1000),0) -> 0.15872 | EA55: =IFERROR((AE55*V55/1000),0) -> 5.41248 | EB55: =BX55-EA55 -> 10.73752 | EC55: =(BX55-CA55)+((AV55+BP55)/1000) -> 10.737 | EF55: =DG55+DJ55 -> -143.75
A56: 49 | B56: C49 | D56: A23000 | E56: 51 | F56: A | G56: =CONCATENATE(K56,J56,"-",IF(N56="D",L56,IF(N56="H",CONCATENATE(N56,L56),CONCATENATE(N56,L56,"x",M56))),"x",P56,"-",O56,R56) -> TVSUS303-6x2.5-H9A14 | H56: =CONCATENATE(J56,,K56,L56,M56,N56,O56) -> SUS303TV60DH9 | I56: =CONCATENATE(J56,K56,L56,M56,N56,O56,P56,R56) -> SUS303TV60DH92.5A14 | J56: SUS303 | K56: TV | L56: 6 | M56: 0 | N56: D | O56: H9 | P56: 2.5 | Q56: 0.554 | R56: A14 | S56: =ROUND(CY56/E56,0)*2 -> 110 | T56: 10 | U56: 20 | V56: 7 | W56: =IF(V56="","",INT((AO56+BI56)/$V56)) -> 0 | X56: =IF(V56="","",INT((AP56+BJ56)/$V56)) -> 615 | Y56: =IF(V56="","",INT((AQ56+BK56)/$V56)) -> 0 | Z56: =IF(V56="","",INT((AR56+BL56)/$V56)) -> 0 | AA56: =IF(V56="","",INT((AS56+BM56)/$V56)) -> 0 | AB56: =IF(V56="","",INT((AT56+BN56)/$V56)) -> 0 | AC56: =IF(V56="","",INT((AU56+BO56)/$V56)) -> 0 | AD56: =IF(V56="","",INT((AV56+BP56)/$V56)) -> 302 | AE56: =IF(V56="","",SUM(W56:AC56)) -> 615 | AF56: =AE56 -> 615 | AG56: =T56 -> 10 | AH56: =IFERROR(VALUE("0"&RIGHT(AG56,(LEN(AG56)-LEN(TRUNC(AG56))))),"") -> 0 | AI56: 5 | AJ56: =$CI56 -> 0 | AK56: =IF(V56="","",IF(AJ56=0,1,AJ56/$V56/$E56)) -> 1 | AL56: =IF(V56="","",MAX(ROUNDUP((IF(AI56+AJ56=0,0,AH56)+AI56+AK56-1),2),0)) -> 5 | AM56: =IF(V56="","",AG56+U56-AL56) -> 25 | AP56: =$CJ56 -> 550 | AU56: =CK56 -> 0 | AV56: =CL56 -> 1600 | AW56: =SUM(AO56:AV56) -> 2150 | AX56: =IF(V56="","",INT(AW56/$V56)) -> 307 | AY56: =IF(V56="","",AW56-AL56*$E56*$V56) -> 365 | AZ56: =IF($V56="","",AY56/$V56) -> 52.142857 | BA56: =AM56 -> 25 | BB56: =VALUE("0"&RIGHT(BA56,(LEN(BA56)-LEN(TRUNC(BA56))))) -> 0 | BC56: 12 | BD56: =$CM56 -> 0 | BE56: =IF(AA56="","",IF(BD56=0,1,BD56/$V56/$E56)) -> 1 | BF56: =IF(V56="","",MAX(ROUNDUP((IF(BC56+BD56=0,0,BB56)+BC56+BE56-1),2),0)) -> 12 | BG56: =IF(AA56="","",BA56-BF56) -> 13 | BJ56: =$CN56 -> 3759 | BO56: =CO56 -> 0 | BP56: =CP56 -> 520 | BQ56: =SUM(BI56:BP56) -> 4279 | BR56: =IF(AA56="","",INT(BQ56/$V56)) -> 611 | BS56: =IF(AA56="","",-BF56*$E56*$V56+BQ56) -> -5 | BT56: =IF($V56="","",BS56/$V56) -> -0.71428571 | BU56: =IFERROR(AE56,"") -> 615 | BV56: =IFERROR(BF56+AL56,"") -> 17 | BW56: =IFERROR(BT56+AZ56,"") -> 51.428571 | BX56: =IF($Q56="","",(BF56+AL56)*$Q56) -> 9.418 | BY56: =IFERROR(BF56+AL56,0) -> 17 | BZ56: =BY56 -> 17 | CA56: =IFERROR((BQ56+AW56)/1000,"") -> 6.429 | CB56: =IFERROR(BR56+AX56,"") -> 918 | CC56: =IFERROR(BS56+AY56,"") -> 360 | CD56: =IFERROR(BT56+AZ56,"") -> 51.428571 | CG56: =IF(BX56="",0,(BX56-CA56)+((AV56+BP56)/1000)) -> 5.109 | CH56: =CG56 -> 5.109 | CJ56: 550 | CL56: 1600 | CN56: 3759 | CP56: 520 | CQ56: =INT(IFERROR( CJ56/$V56,0)) -> 78 | CR56: =INT(IFERROR( CK56/$V56,0)) -> 0 | CS56: =INT(IFERROR( CL56/$V56,0)) -> 228 | CT56: =INT(IFERROR( AE56-CQ56-CU56-CR56,0)) -> 537 | CU56: =INT(IFERROR( AC56-CR56,0)) -> 0 | CV56: =INT(IFERROR( AD56-CS56,0)) -> 74 | CW56: A | CX56: 10 | CY56: =INT(60/CX56*60*(12-(CEILING((60/CX56*60*12)/E56,1)*IF(CW56="T",0.45,IF(CW56="",5,3))/60))) -> 2790 | CZ56: =IF(CX56="",0,(IF(CW56="",360,180)/(60/CX56))*1.35) -> 40.5 | DE56: =IFERROR(CQ56+CR56,"") -> 78 | DF56: =IFERROR(AL56,"") -> 5 | DG56: =IFERROR(AZ56,"") -> 52.142857 | DH56: =IFERROR(CT56+CU56,"") -> 537 | DI56: =IFERROR(BF56,"") -> 12 | DJ56: =IFERROR(BT56,"") -> -0.71428571 | DK56: =IFERROR(DE56+DH56,"") -> 615 | DL56: =IFERROR(DF56+DI56,"") -> 17 | DM56: =IFERROR(DG56+DJ56,"") -> 51.428571 | DN56: =T56 -> 10 | DO56: =U56 -> 20 | DR56: A14C490515 | DW56: =IFERROR(AL56+BF56,"") -> 17 | DX56: =IFERROR(DK56+DL56+DM56,"") -> 683.42857 | DY56: =CQ56+CR56+CS56+CT56+CU56+CV56 -> 917 | DZ56: =IFERROR((AD56*V56/1000),0) -> 2.114 | EA56: =IFERROR((AE56*V56/1000),0) -> 4.305 | EB56: =BX56-EA56 -> 5.113 | EC56: =(BX56-CA56)+((AV56+BP56)/1000) -> 5.109 | EF56: =DG56+DJ56 -> 51.428571
A57: 50 | B57: C50 | D57: Y1 16S | E57: 329 | F57: D | G57: =CONCATENATE(K57,J57,"-",IF(N57="D",L57,IF(N57="H",CONCATENATE(N57,L57),CONCATENATE(N57,L57,"x",M57))),"x",P57,"-",O57,R57) -> GWA6063-T5-8.3x3-H9B14 | H57: =CONCATENATE(J57,,K57,L57,M57,N57,O57) -> A6063-T5GW8.30DH9 | I57: =CONCATENATE(J57,K57,L57,M57,N57,O57,P57,R57) -> A6063-T5GW8.30DH93B14 | J57: A6063-T5 | K57: GW | L57: 8.3 | M57: 0 | N57: D | O57: H9 | P57: 3 | Q57: 0.435 | R57: B14 | S57: =ROUND(CY57/E57,0)*2 -> 12 | T57: 47 | V57: 0.92 | W57: =IF(V57="","",INT((AO57+BI57)/$V57)) -> 0 | X57: =IF(V57="","",INT((AP57+BJ57)/$V57)) -> 0 | Y57: =IF(V57="","",INT((AQ57+BK57)/$V57)) -> 0 | Z57: =IF(V57="","",INT((AR57+BL57)/$V57)) -> 0 | AA57: =IF(V57="","",INT((AS57+BM57)/$V57)) -> 0 | AB57: =IF(V57="","",INT((AT57+BN57)/$V57)) -> 0 | AC57: =IF(V57="","",INT((AU57+BO57)/$V57)) -> 0 | AD57: =IF(V57="","",INT((AV57+BP57)/$V57)) -> 0 | AE57: =IF(V57="","",SUM(W57:AC57)) -> 0 | AF57: =AE57 -> 0 | AG57: =T57 -> 47 | AH57: =IFERROR(VALUE("0"&RIGHT(AG57,(LEN(AG57)-LEN(TRUNC(AG57))))),"") -> 0 | AJ57: =$CI57 -> 0 | AK57: =IF(V57="","",IF(AJ57=0,1,AJ57/$V57/$E57)) -> 1 | AL57: =IF(V57="","",MAX(ROUNDUP((IF(AI57+AJ57=0,0,AH57)+AI57+AK57-1),2),0)) -> 0 | AM57: =IF(V57="","",AG57+U57-AL57) -> 47 | AP57: =$CJ57 -> 0 | AU57: =CK57 -> 0 | AV57: =CL57 -> 0 | AW57: =SUM(AO57:AV57) -> 0 | AX57: =IF(V57="","",INT(AW57/$V57)) -> 0 | AY57: =IF(V57="","",AW57-AL57*$E57*$V57) -> 0 | AZ57: =IF($V57="","",AY57/$V57) -> 0 | BA57: =AM57 -> 47 | BB57: =VALUE("0"&RIGHT(BA57,(LEN(BA57)-LEN(TRUNC(BA57))))) -> 0 | BD57: =$CM57 -> 0 | BE57: =IF(AA57="","",IF(BD57=0,1,BD57/$V57/$E57)) -> 1 | BF57: =IF(V57="","",MAX(ROUNDUP((IF(BC57+BD57=0,0,BB57)+BC57+BE57-1),2),0)) -> 0 | BG57: =IF(AA57="","",BA57-BF57) -> 47 | BJ57: =$CN57 -> 0 | BO57: =CO57 -> 0 | BP57: =CP57 -> 0 | BQ57: =SUM(BI57:BP57) -> 0 | BR57: =IF(AA57="","",INT(BQ57/$V57)) -> 0 | BS57: =IF(AA57="","",-BF57*$E57*$V57+BQ57) -> 0 | BT57: =IF($V57="","",BS57/$V57) -> 0 | BU57: =IFERROR(AE57,"") -> 0 | BV57: =IFERROR(BF57+AL57,"") -> 0 | BW57: =IFERROR(BT57+AZ57,"") -> 0 | BX57: =IF($Q57="","",(BF57+AL57)*$Q57) -> 0 | BY57: =IFERROR(BF57+AL57,0) -> 0 | BZ57: =BY57 -> 0 | CA57: =IFERROR((BQ57+AW57)/1000,"") -> 0 | CB57: =IFERROR(BR57+AX57,"") -> 0 | CC57: =IFERROR(BS57+AY57,"") -> 0 | CD57: =IFERROR(BT57+AZ57,"") -> 0 | CG57: =IF(BX57="",0,(BX57-CA57)+((AV57+BP57)/1000)) -> 0 | CH57: =CG57 -> 0 | CQ57: =INT(IFERROR( CJ57/$V57,0)) -> 0 | CR57: =INT(IFERROR( CK57/$V57,0)) -> 0 | CS57: =INT(IFERROR( CL57/$V57,0)) -> 0 | CT57: =INT(IFERROR( AE57-CQ57-CU57-CR57,0)) -> 0 | CU57: =INT(IFERROR( AC57-CR57,0)) -> 0 | CV57: =INT(IFERROR( AD57-CS57,0)) -> 0 | CW57: A | CX57: 22 | CY57: =INT(60/CX57*60*(12-(CEILING((60/CX57*60*12)/E57,1)*IF(CW57="T",0.45,IF(CW57="",5,3))/60))) -> 1914 | CZ57: =IF(CX57="",0,(IF(CW57="",360,180)/(60/CX57))*1.35) -> 89.1 | DE57: =IFERROR(CQ57+CR57,"") -> 0 | DF57: =IFERROR(AL57,"") -> 0 | DG57: =IFERROR(AZ57,"") -> 0 | DH57: =IFERROR(CT57+CU57,"") -> 0 | DI57: =IFERROR(BF57,"") -> 0 | DJ57: =IFERROR(BT57,"") -> 0 | DK57: =IFERROR(DE57+DH57,"") -> 0 | DL57: =IFERROR(DF57+DI57,"") -> 0 | DM57: =IFERROR(DG57+DJ57,"") -> 0 | DN57: =T57 -> 47 | DO57: =U57 -> 0 | DR57: B14C500515 | DW57: =IFERROR(AL57+BF57,"") -> 0 | DX57: =IFERROR(DK57+DL57+DM57,"") -> 0 | DY57: =CQ57+CR57+CS57+CT57+CU57+CV57 -> 0 | DZ57: =IFERROR((AD57*V57/1000),0) -> 0 | EA57: =IFERROR((AE57*V57/1000),0) -> 0 | EB57: =BX57-EA57 -> 0 | EC57: =EB57+DZ57 -> 0 | EF57: =DG57+DJ57 -> 0
A58: 51 | B58: C51 | D58: 378 | E58: 311 | F58: A | G58: =CONCATENATE(K58,J58,"-",IF(N58="D",L58,IF(N58="H",CONCATENATE(N58,L58),CONCATENATE(N58,L58,"x",M58))),"x",P58,"-",O58,R58) -> IBC3604-6.5x3-H9A15 | H58: =CONCATENATE(J58,,K58,L58,M58,N58,O58) -> C3604IB6.50DH9 | I58: =CONCATENATE(J58,K58,L58,M58,N58,O58,P58,R58) -> C3604IB6.50DH93A15 | J58: C3604 | K58: IB | L58: 6.5 | M58: 0 | N58: D | O58: H9 | P58: 3 | Q58: 0.841 | R58: A15 | S58: =ROUND(CY58/E58,0)*2 -> 20 | T58: 7 | U58: 23 | V58: 0.61 | W58: =IF(V58="","",INT((AO58+BI58)/$V58)) -> 0 | X58: =IF(V58="","",INT((AP58+BJ58)/$V58)) -> 0 | Y58: =IF(V58="","",INT((AQ58+BK58)/$V58)) -> 0 | Z58: =IF(V58="","",INT((AR58+BL58)/$V58)) -> 0 | AA58: =IF(V58="","",INT((AS58+BM58)/$V58)) -> 0 | AB58: =IF(V58="","",INT((AT58+BN58)/$V58)) -> 6862 | AC58: =IF(V58="","",INT((AU58+BO58)/$V58)) -> 0 | AD58: =IF(V58="","",INT((AV58+BP58)/$V58)) -> 24 | AE58: =IF(V58="","",SUM(W58:AC58)) -> 6862 | AF58: =AE58 -> 6862 | AG58: =T58 -> 7 | AH58: =IFERROR(VALUE("0"&RIGHT(AG58,(LEN(AG58)-LEN(TRUNC(AG58))))),"") -> 0 | AI58: 12 | AJ58: =$CI58 -> 70 | AK58: =IF(V58="","",IF(AJ58=0,1,AJ58/$V58/$E58)) -> 0.36898424 | AL58: =IF(V58="","",MAX(ROUNDUP((IF(AI58+AJ58=0,0,AH58)+AI58+AK58-1),2),0)) -> 11.37 | AM58: =IF(V58="","",AG58+U58-AL58) -> 18.63 | AT58: =$CJ58 -> 2200 | AU58: =CK58 -> 0 | AV58: =CL58 -> 5 | AW58: =SUM(AO58:AV58) -> 2205 | AX58: =IF(V58="","",INT(AW58/$V58)) -> 3614 | AY58: =IF(V58="","",AW58-AL58*$E58*$V58) -> 47.9973 | AZ58: =IF($V58="","",AY58/$V58) -> 78.684098 | BA58: =AM58 -> 18.63 | BB58: =VALUE("0"&RIGHT(BA58,(LEN(BA58)-LEN(TRUNC(BA58))))) -> 0.63 | BC58: 10 | BD58: =$CM58 -> 0 | BE58: =IF(AA58="","",IF(BD58=0,1,BD58/$V58/$E58)) -> 1 | BF58: =IF(V58="","",MAX(ROUNDUP((IF(BC58+BD58=0,0,BB58)+BC58+BE58-1),2),0)) -> 10.63 | BG58: =IF(AA58="","",BA58-BF58) -> 8 | BN58: =$CN58 -> 1986 | BO58: =CO58 -> 0 | BP58: =CP58 -> 10 | BQ58: =SUM(BI58:BP58) -> 1996 | BR58: =IF(AA58="","",INT(BQ58/$V58)) -> 3272 | BS58: =IF(AA58="","",-BF58*$E58*$V58+BQ58) -> -20.6173 | BT58: =IF($V58="","",BS58/$V58) -> -33.798852 | BU58: =IFERROR(AE58,"") -> 6862 | BV58: =IFERROR(BF58+AL58,"") -> 22 | BW58: =IFERROR(BT58+AZ58,"") -> 44.885246 | BX58: =IF($Q58="","",(BF58+AL58)*$Q58) -> 18.502 | BY58: =IFERROR(BF58+AL58,0) -> 22 | BZ58: =BY58 -> 22 | CA58: =IFERROR((BQ58+AW58)/1000,"") -> 4.201 | CB58: =IFERROR(BR58+AX58,"") -> 6886 | CC58: =IFERROR(BS58+AY58,"") -> 27.38 | CD58: =IFERROR(BT58+AZ58,"") -> 44.885246 | CG58: =IF(BX58="",0,(BX58-CA58)+((AV58+BP58)/1000)) -> 14.316 | CH58: =CG58 -> 14.316 | CI58: 70 | CJ58: 2200 | CL58: 5 | CN58: 1986 | CP58: 10 | CQ58: =INT(IFERROR( CJ58/$V58,0)) -> 3606 | CR58: =INT(IFERROR( CK58/$V58,0)) -> 0 | CS58: =INT(IFERROR( CL58/$V58,0)) -> 8 | CT58: =INT(IFERROR( AE58-CQ58-CU58-CR58,0)) -> 3256 | CU58: =INT(IFERROR( AC58-CR58,0)) -> 0 | CV58: =INT(IFERROR( AD58-CS58,0)) -> 16 | CW58: A | CX58: 13 | CY58: =INT(60/CX58*60*(12-(CEILING((60/CX58*60*12)/E58,1)*IF(CW58="T",0.45,IF(CW58="",5,3))/60))) -> 3170 | CZ58: =IF(CX58="",0,(IF(CW58="",360,180)/(60/CX58))*1.35) -> 52.65 | DE58: =IFERROR(CQ58+CR58,"") -> 3606 | DF58: =IFERROR(AL58,"") -> 11.37 | DG58: =IFERROR(AZ58,"") -> 78.684098 | DH58: =IFERROR(CT58+CU58,"") -> 3256 | DI58: =IFERROR(BF58,"") -> 10.63 | DJ58: =IFERROR(BT58,"") -> -33.798852 | DK58: =IFERROR(DE58+DH58,"") -> 6862 | DL58: =IFERROR(DF58+DI58,"") -> 22 | DM58: =IFERROR(DG58+DJ58,"") -> 44.885246 | DN58: =T58 -> 7 | DO58: =U58 -> 23 | DR58: A15C510515 | DW58: =IFERROR(AL58+BF58,"") -> 22 | DX58: =IFERROR(DK58+DL58+DM58,"") -> 6928.8852 | DY58: =CQ58+CR58+CS58+CT58+CU58+CV58 -> 6886 | DZ58: =IFERROR((AD58*V58/1000),0) -> 0.01464 | EA58: =IFERROR((AE58*V58/1000),0) -> 4.18582 | EB58: =BX58-EA58 -> 14.31618 | EC58: =(BX58-CA58)+((AV58+BP58)/1000) -> 14.316 | EF58: =DG58+DJ58 -> 44.885246
A59: 52 | B59: C52 | E59: 237 | F59: D | G59: =CONCATENATE(K59,J59,"-",IF(N59="D",L59,IF(N59="H",CONCATENATE(N59,L59),CONCATENATE(N59,L59,"x",M59))),"x",P59,"-",O59,R59) -> GWA6063-T5-7.5x3-H9B14 | H59: =CONCATENATE(J59,,K59,L59,M59,N59,O59) -> A6063-T5GW7.50DH9 | I59: =CONCATENATE(J59,K59,L59,M59,N59,O59,P59,R59) -> A6063-T5GW7.50DH93B14 | J59: A6063-T5 | K59: GW | L59: 7.5 | M59: 0 | N59: D | O59: H9 | P59: 3 | Q59: 0.358 | R59: B14 | S59: =ROUND(CY59/E59,0)*2 -> 22 | T59: 0 | V59: 0.703 | W59: =IF(V59="","",INT((AO59+BI59)/$V59)) -> 0 | X59: =IF(V59="","",INT((AP59+BJ59)/$V59)) -> 0 | Y59: =IF(V59="","",INT((AQ59+BK59)/$V59)) -> 0 | Z59: =IF(V59="","",INT((AR59+BL59)/$V59)) -> 0 | AA59: =IF(V59="","",INT((AS59+BM59)/$V59)) -> 0 | AB59: =IF(V59="","",INT((AT59+BN59)/$V59)) -> 0 | AC59: =IF(V59="","",INT((AU59+BO59)/$V59)) -> 0 | AD59: =IF(V59="","",INT((AV59+BP59)/$V59)) -> 0 | AE59: =IF(V59="","",SUM(W59:AC59)) -> 0 | AF59: =AE59 -> 0 | AG59: =T59 -> 0 | AH59: =IFERROR(VALUE("0"&RIGHT(AG59,(LEN(AG59)-LEN(TRUNC(AG59))))),"") -> 0 | AJ59: =$CI59 -> 0 | AK59: =IF(V59="","",IF(AJ59=0,1,AJ59/$V59/$E59)) -> 1 | AL59: =IF(V59="","",MAX(ROUNDUP((IF(AI59+AJ59=0,0,AH59)+AI59+AK59-1),2),0)) -> 0 | AM59: =IF(V59="","",AG59+U59-AL59) -> 0 | AP59: =$CJ59 -> 0 | AU59: =CK59 -> 0 | AV59: =CL59 -> 0 | AW59: =SUM(AO59:AV59) -> 0 | AX59: =IF(V59="","",INT(AW59/$V59)) -> 0 | AY59: =IF(V59="","",AW59-AL59*$E59*$V59) -> 0 | AZ59: =IF($V59="","",AY59/$V59) -> 0 | BA59: =AM59 -> 0 | BB59: =VALUE("0"&RIGHT(BA59,(LEN(BA59)-LEN(TRUNC(BA59))))) -> 0 | BD59: =$CM59 -> 0 | BE59: =IF(AA59="","",IF(BD59=0,1,BD59/$V59/$E59)) -> 1 | BF59: =IF(V59="","",MAX(ROUNDUP((IF(BC59+BD59=0,0,BB59)+BC59+BE59-1),2),0)) -> 0 | BG59: =IF(AA59="","",BA59-BF59) -> 0 | BJ59: =$CN59 -> 0 | BO59: =CO59 -> 0 | BP59: =CP59 -> 0 | BQ59: =SUM(BI59:BP59) -> 0 | BR59: =IF(AA59="","",INT(BQ59/$V59)) -> 0 | BS59: =IF(AA59="","",-BF59*$E59*$V59+BQ59) -> 0 | BT59: =IF($V59="","",BS59/$V59) -> 0 | BU59: =IFERROR(AE59,"") -> 0 | BV59: =IFERROR(BF59+AL59,"") -> 0 | BW59: =IFERROR(BT59+AZ59,"") -> 0 | BX59: =IF($Q59="","",(BF59+AL59)*$Q59) -> 0 | BY59: =IFERROR(BF59+AL59,0) -> 0 | BZ59: =BY59 -> 0 | CA59: =IFERROR((BQ59+AW59)/1000,"") -> 0 | CB59: =IFERROR(BR59+AX59,"") -> 0 | CC59: =IFERROR(BS59+AY59,"") -> 0 | CD59: =IFERROR(BT59+AZ59,"") -> 0 | CG59: =IF(BX59="",0,(BX59-CA59)+((AV59+BP59)/1000)) -> 0 | CH59: =CG59 -> 0 | CQ59: =INT(IFERROR( CJ59/$V59,0)) -> 0 | CR59: =INT(IFERROR( CK59/$V59,0)) -> 0 | CS59: =INT(IFERROR( CL59/$V59,0)) -> 0 | CT59: =INT(IFERROR( AE59-CQ59-CU59-CR59,0)) -> 0 | CU59: =INT(IFERROR( AC59-CR59,0)) -> 0 | CV59: =INT(IFERROR( AD59-CS59,0)) -> 0 | CW59: A | CX59: 15.56 | CY59: =INT(60/CX59*60*(12-(CEILING((60/CX59*60*12)/E59,1)*IF(CW59="T",0.45,IF(CW59="",5,3))/60))) -> 2637 | CZ59: =IF(CX59="",0,(IF(CW59="",360,180)/(60/CX59))*1.35) -> 63.018 | DE59: =IFERROR(CQ59+CR59,"") -> 0 | DF59: =IFERROR(AL59,"") -> 0 | DG59: =IFERROR(AZ59,"") -> 0 | DH59: =IFERROR(CT59+CU59,"") -> 0 | DI59: =IFERROR(BF59,"") -> 0 | DJ59: =IFERROR(BT59,"") -> 0 | DK59: =IFERROR(DE59+DH59,"") -> 0 | DL59: =IFERROR(DF59+DI59,"") -> 0 | DM59: =IFERROR(DG59+DJ59,"") -> 0 | DN59: =T59 -> 0 | DO59: =U59 -> 0 | DW59: =IFERROR(BU59+BV59,"") -> 0 | DX59: =IFERROR(DK59+DL59+DM59,"") -> 0 | DY59: =CQ59+CR59+CS59+CT59+CU59+CV59 -> 0 | DZ59: =IFERROR((AD59*V59/1000),0) -> 0 | EA59: =IFERROR((AE59*V59/1000),0) -> 0 | EB59: =BX59-EA59 -> 0 | EC59: =EB59+DZ59 -> 0
A60: 53 | B60: C53 | D60: NUT4.5 | E60: 509 | F60: C | G60: =CONCATENATE(K60,J60,"-",IF(N60="D",L60,IF(N60="H",CONCATENATE(N60,L60),CONCATENATE(N60,L60,"x",M60))),"x",P60,"-",O60,R60) -> TVSUS303-5x3-H7B13 | H60: =CONCATENATE(J60,,K60,L60,M60,N60,O60) -> SUS303TV50DH7 | I60: =CONCATENATE(J60,K60,L60,M60,N60,O60,P60,R60) -> SUS303TV50DH73B13 | J60: SUS303 | K60: TV | L60: 5 | M60: 0 | N60: D | O60: H7 | P60: 3 | Q60: 0.47 | R60: B13 | S60: =ROUND(CY60/E60,0)*2 -> 6 | T60: 7 | V60: 0.365 | W60: =IF(V60="","",INT((AO60+BI60)/$V60)) -> 0 | X60: =IF(V60="","",INT((AP60+BJ60)/$V60)) -> 0 | Y60: =IF(V60="","",INT((AQ60+BK60)/$V60)) -> 0 | Z60: =IF(V60="","",INT((AR60+BL60)/$V60)) -> 0 | AA60: =IF(V60="","",INT((AS60+BM60)/$V60)) -> 0 | AB60: =IF(V60="","",INT((AT60+BN60)/$V60)) -> 0 | AC60: =IF(V60="","",INT((AU60+BO60)/$V60)) -> 0 | AD60: =IF(V60="","",INT((AV60+BP60)/$V60)) -> 0 | AE60: =IF(V60="","",SUM(W60:AC60)) -> 0 | AF60: =AE60 -> 0 | AG60: =T60 -> 7 | AH60: =IFERROR(VALUE("0"&RIGHT(AG60,(LEN(AG60)-LEN(TRUNC(AG60))))),"") -> 0 | AJ60: =$CI60 -> 0 | AK60: =IF(V60="","",IF(AJ60=0,1,AJ60/$V60/$E60)) -> 1 | AL60: =IF(V60="","",MAX(ROUNDUP((IF(AI60+AJ60=0,0,AH60)+AI60+AK60-1),2),0)) -> 0 | AM60: =IF(V60="","",AG60+U60-AL60) -> 7 | AR60: =$CJ60 -> 0 | AU60: =CK60 -> 0 | AV60: =CL60 -> 0 | AW60: =SUM(AO60:AV60) -> 0 | AX60: =IF(V60="","",INT(AW60/$V60)) -> 0 | AY60: =IF(V60="","",AW60-AL60*$E60*$V60) -> 0 | AZ60: =IF($V60="","",AY60/$V60) -> 0 | BA60: =AM60 -> 7 | BB60: =VALUE("0"&RIGHT(BA60,(LEN(BA60)-LEN(TRUNC(BA60))))) -> 0 | BD60: =$CM60 -> 0 | BE60: =IF(AA60="","",IF(BD60=0,1,BD60/$V60/$E60)) -> 1 | BF60: =IF(V60="","",MAX(ROUNDUP((IF(BC60+BD60=0,0,BB60)+BC60+BE60-1),2),0)) -> 0 | BG60: =IF(AA60="","",BA60-BF60) -> 7 | BL60: =$CN60 -> 0 | BO60: =CO60 -> 0 | BP60: =CP60 -> 0 | BQ60: =SUM(BI60:BP60) -> 0 | BR60: =IF(AA60="","",INT(BQ60/$V60)) -> 0 | BS60: =IF(AA60="","",-BF60*$E60*$V60+BQ60) -> 0 | BT60: =IF($V60="","",BS60/$V60) -> 0 | BU60: =IFERROR(AE60,"") -> 0 | BV60: =IFERROR(BF60+AL60,"") -> 0 | BW60: =IFERROR(BT60+AZ60,"") -> 0 | BX60: =IF($Q60="","",(BF60+AL60)*$Q60) -> 0 | BY60: =IFERROR(BF60+AL60,0) -> 0 | BZ60: =BY60 -> 0 | CA60: =IFERROR((BQ60+AW60)/1000,"") -> 0 | CB60: =IFERROR(BR60+AX60,"") -> 0 | CC60: =IFERROR(BS60+AY60,"") -> 0 | CD60: =IFERROR(BT60+AZ60,"") -> 0 | CG60: =IF(BX60="",0,(BX60-CA60)+((AV60+BP60)/1000)) -> 0 | CH60: =CG60 -> 0 | CQ60: =INT(IFERROR( CJ60/$V60,0)) -> 0 | CR60: =INT(IFERROR( CK60/$V60,0)) -> 0 | CS60: =INT(IFERROR( CL60/$V60,0)) -> 0 | CT60: =INT(IFERROR( AE60-CQ60-CU60-CR60,0)) -> 0 | CU60: =INT(IFERROR( AC60-CR60,0)) -> 0 | CV60: =INT(IFERROR( AD60-CS60,0)) -> 0 | CW60: A | CX60: 30 | CY60: =INT(60/CX60*60*(12-(CEILING((60/CX60*60*12)/E60,1)*IF(CW60="T",0.45,IF(CW60="",5,3))/60))) -> 1422 | CZ60: =IF(CX60="",0,(IF(CW60="",360,180)/(60/CX60))*1.35) -> 121.5 | DE60: =IFERROR(CQ60+CR60,"") -> 0 | DF60: =IFERROR(AL60,"") -> 0 | DG60: =IFERROR(AZ60,"") -> 0 | DH60: =IFERROR(CT60+CU60,"") -> 0 | DI60: =IFERROR(BF60,"") -> 0 | DJ60: =IFERROR(BT60,"") -> 0 | DK60: =IFERROR(DE60+DH60,"") -> 0 | DL60: =IFERROR(DF60+DI60,"") -> 0 | DM60: =IFERROR(DG60+DJ60,"") -> 0 | DN60: =T60 -> 7 | DO60: =U60 -> 0 | DR60: B13C530515 | DW60: =IFERROR(AL60+BF60,"") -> 0 | DX60: =IFERROR(DK60+DL60+DM60,"") -> 0 | DY60: =CQ60+CR60+CS60+CT60+CU60+CV60 -> 0 | DZ60: =IFERROR((AD60*V60/1000),0) -> 0 | EA60: =IFERROR((AE60*V60/1000),0) -> 0 | EB60: =BX60-EA60 -> 0 | EC60: =EB60+DZ60 -> 0 | EF60: =DG60+DJ60 -> 0
A61: 54 | B61: C54 | D61: SM05 | E61: 160 | F61: A | G61: =CONCATENATE(K61,J61,"-",IF(N61="D",L61,IF(N61="H",CONCATENATE(N61,L61),CONCATENATE(N61,L61,"x",M61))),"x",P61,"-",O61,R61) -> IBC3604-9x3-H9B14 | H61: =CONCATENATE(J61,,K61,L61,M61,N61,O61) -> C3604IB90DH9 | I61: =CONCATENATE(J61,K61,L61,M61,N61,O61,P61,R61) -> C3604IB90DH93B14 | J61: C3604 | K61: IB | L61: 9 | M61: 0 | N61: D | O61: H9 | P61: 3 | Q61: 0.98 | R61: B14 | S61: =ROUND(CY61/E61,0)*2 -> 38 | T61: 32 | V61: 4.18 | W61: =IF(V61="","",INT((AO61+BI61)/$V61)) -> 0 | X61: =IF(V61="","",INT((AP61+BJ61)/$V61)) -> 0 | Y61: =IF(V61="","",INT((AQ61+BK61)/$V61)) -> 0 | Z61: =IF(V61="","",INT((AR61+BL61)/$V61)) -> 0 | AA61: =IF(V61="","",INT((AS61+BM61)/$V61)) -> 0 | AB61: =IF(V61="","",INT((AT61+BN61)/$V61)) -> 0 | AC61: =IF(V61="","",INT((AU61+BO61)/$V61)) -> 0 | AD61: =IF(V61="","",INT((AV61+BP61)/$V61)) -> 0 | AE61: =IF(V61="","",SUM(W61:AC61)) -> 0 | AF61: =AE61 -> 0 | AG61: =T61 -> 32 | AH61: =IFERROR(VALUE("0"&RIGHT(AG61,(LEN(AG61)-LEN(TRUNC(AG61))))),"") -> 0 | AJ61: =$CI61 -> 0 | AK61: =IF(V61="","",IF(AJ61=0,1,AJ61/$V61/$E61)) -> 1 | AL61: =IF(V61="","",MAX(ROUNDUP((IF(AI61+AJ61=0,0,AH61)+AI61+AK61-1),2),0)) -> 0 | AM61: =IF(V61="","",AG61+U61-AL61) -> 32 | AP61: =$CJ61 -> 0 | AU61: =CK61 -> 0 | AV61: =CL61 -> 0 | AW61: =SUM(AO61:AV61) -> 0 | AX61: =IF(V61="","",INT(AW61/$V61)) -> 0 | AY61: =IF(V61="","",AW61-AL61*$E61*$V61) -> 0 | AZ61: =IF($V61="","",AY61/$V61) -> 0 | BA61: =AM61 -> 32 | BB61: =VALUE("0"&RIGHT(BA61,(LEN(BA61)-LEN(TRUNC(BA61))))) -> 0 | BD61: =$CM61 -> 0 | BE61: =IF(AA61="","",IF(BD61=0,1,BD61/$V61/$E61)) -> 1 | BF61: =IF(V61="","",MAX(ROUNDUP((IF(BC61+BD61=0,0,BB61)+BC61+BE61-1),2),0)) -> 0 | BG61: =IF(AA61="","",BA61-BF61) -> 32 | BJ61: =$CN61 -> 0 | BO61: =CO61 -> 0 | BP61: =CP61 -> 0 | BQ61: =SUM(BI61:BP61) -> 0 | BR61: =IF(AA61="","",INT(BQ61/$V61)) -> 0 | BS61: =IF(AA61="","",-BF61*$E61*$V61+BQ61) -> 0 | BT61: =IF($V61="","",BS61/$V61) -> 0 | BU61: =IFERROR(AE61,"") -> 0 | BV61: =IFERROR(BF61+AL61,"") -> 0 | BW61: =IFERROR(BT61+AZ61,"") -> 0 | BX61: =IF($Q61="","",(BF61+AL61)*$Q61) -> 0 | BY61: =IFERROR(BF61+AL61,0) -> 0 | BZ61: =BY61 -> 0 | CA61: =IFERROR((BQ61+AW61)/1000,"") -> 0 | CB61: =IFERROR(BR61+AX61,"") -> 0 | CC61: =IFERROR(BS61+AY61,"") -> 0 | CD61: =IFERROR(BT61+AZ61,"") -> 0 | CG61: =IF(BX61="",0,(BX61-CA61)+((AV61+BP61)/1000)) -> 0 | CH61: =CG61 -> 0 | CQ61: =INT(IFERROR( CJ61/$V61,0)) -> 0 | CR61: =INT(IFERROR( CK61/$V61,0)) -> 0 | CS61: =INT(IFERROR( CL61/$V61,0)) -> 0 | CT61: =INT(IFERROR( AE61-CQ61-CU61-CR61,0)) -> 0 | CU61: =INT(IFERROR( AC61-CR61,0)) -> 0 | CV61: =INT(IFERROR( AD61-CS61,0)) -> 0 | CW61: A | CX61: 13 | CY61: =INT(60/CX61*60*(12-(CEILING((60/CX61*60*12)/E61,1)*IF(CW61="T",0.45,IF(CW61="",5,3))/60))) -> 3032 | CZ61: =IF(CX61="",0,(IF(CW61="",360,180)/(60/CX61))*1.35) -> 52.65 | DE61: =IFERROR(CQ61+CR61,"") -> 0 | DF61: =IFERROR(AL61,"") -> 0 | DG61: =IFERROR(AZ61,"") -> 0 | DH61: =IFERROR(CT61+CU61,"") -> 0 | DI61: =IFERROR(BF61,"") -> 0 | DJ61: =IFERROR(BT61,"") -> 0 | DK61: =IFERROR(DE61+DH61,"") -> 0 | DL61: =IFERROR(DF61+DI61,"") -> 0 | DM61: =IFERROR(DG61+DJ61,"") -> 0 | DN61: =T61 -> 32 | DO61: =U61 -> 0 | DR61: B14C540515 | DW61: =IFERROR(BU61+BV61,"") -> 0 | DX61: =IFERROR(DK61+DL61+DM61,"") -> 0 | DY61: =CQ61+CR61+CS61+CT61+CU61+CV61 -> 0 | DZ61: =IFERROR((AD61*V61/1000),0) -> 0 | EA61: =IFERROR((AE61*V61/1000),0) -> 0 | EB61: =BX61-EA61 -> 0 | EC61: =(BX61-CA61)+((AV61+BP61)/1000) -> 0 | EF61: =DG61+DJ61 -> 0
