Workbook

Sheet Code
A1: =CONCATENATE("BẢNG DỮ LIỆU KIỂM TRA TRƯỚC KHI UPLOAD PHẦN MỀM"," (NGÀY:" & Info!B5&")") -> BẢNG DỮ LIỆU KIỂM TRA TRƯỚC KHI UPLOAD PHẦN MỀM (NGÀY:21.07)
A2: STT | B2: Máy | C2: SP | D2: NL | O2: Ca 1 | S2: Ca 2 | W2: Tổng 2 ca
D3: Tên | E3: NCC | F3: OD | G3: ID | H3: Hình dạng | I3: Tiêu chuẩn | J3: Dài | K3: Lot | L3: TL | M3: Định mức | N3: Kho (CT) | O3: NL SD | P3: Oke | Q3: CXL | R3: PP | S3: NL SD | T3: Oke | U3: CXL | V3: PP | W3: NL SD | X3: Oke | Y3: CXL | Z3: PP
N4: =COUNT(N5:N1000)- COUNTIFS(N5:N1000,0) -> 72 | O4: =IFERROR(SUM(O5:O1000),0) -> 532.5 | P4: =IFERROR(SUM(P5:P1000),0) -> 82866 | Q4: =IFERROR(SUM(Q5:Q1000),0) -> 5155 | R4: =IFERROR(SUM(R5:R1000),0) -> 2264 | S4: =IFERROR(SUM(S5:S1000),0) -> 454.5 | T4: =IFERROR(SUM(T5:T1000),0) -> 69947 | U4: =IFERROR(SUM(U5:U1000),0) -> 7457 | V4: =IFERROR(SUM(V5:V1000),0) -> 645 | ... Z4: =IFERROR(SUM(Z5:Z1000),0) -> 2909
A5: 1 | B5: =IFERROR( IF(A5="","", VLOOKUP(A5,INDIRECT("'[" &Info!$B$4&"]"&Info!$B$5&"'!$A$6:$B$1000"),2,0)),"") -> C01 | C5: =IFERROR( IF(A5="","", VLOOKUP(A5,INDIRECT("'[" &Info!$B$4&"]"&Info!$B$5&"'!$A$6:$D$1000"),3,0)),"") -> SM04 | D5: =IF(C5="","", VLOOKUP(A5,INDIRECT("'[" &Info!$B$4&"]"&Info!$B$5&"'!$A$6:$T$1000"),20,0)) -> A6061-T6 | E5: =IF(D5="","", VLOOKUP(A5,INDIRECT("'[" &Info!$B$4&"]"&Info!$B$5&"'!$A$6:$U$1000"),21,0)) -> GW | F5: =IF(D5="","", VLOOKUP(A5,INDIRECT("'[" &Info!$B$4&"]"&Info!$B$5&"'!$A$6:$V$1000"),22,0)) -> 17 | G5: =IF(D5="","", VLOOKUP(A5,INDIRECT("'[" &Info!$B$4&"]"&Info!$B$5&"'!$A$6:$W$1000"),23,0)) -> 0 | H5: =IF(D5="","", VLOOKUP(A5,INDIRECT("'[" &Info!$B$4&"]"&Info!$B$5&"'!$A$6:$X$1000"),24,0)) -> D | I5: =LOWER( IF(D5="","", VLOOKUP(A5,INDIRECT("'[" &Info!$B$4&"]"&Info!$B$5&"'!$A$6:$y$1000"),25,0))) -> h9 | J5: =IF(D5="","", VLOOKUP(A5,INDIRECT("'[" &Info!$B$4&"]"&Info!$B$5&"'!$A$6:$Z$1000"),26,0)) -> 3 | K5: =IF(D5="","", VLOOKUP(A5,INDIRECT("'[" &Info!$B$4&"]"&Info!$B$5&"'!$A$6:$AA$1000"),27,0)) -> D17 | L5: =IF(D5="","", VLOOKUP(A5,INDIRECT("'[" &Info!$B$4&"]"&Info!$B$5&"'!$A$6:$H$1000"),8,0)) -> 10.1 | M5: =IF(D5="","", VLOOKUP(A5,INDIRECT("'[" &Info!$B$4&"]"&Info!$B$5&"'!$A$6:$F$1000"),6,0)) -> 70 | N5: =IF(C5="","", VLOOKUP(A5,INDIRECT("'[" &Info!$B$4&"]"&Info!$B$5&"'!$A$6:$Au$1000"),47,0)) -> 12 | O5: =IF(N5="","",IF(N5=0,0,VLOOKUP(A5,INDIRECT("'[" &Info!$B$4&"]"&Info!$B$5&"'!$A$6:$AH$1000"),34,0))) -> 13 | P5: =IF(N5="","",IF(N5=0,0,VLOOKUP(A5,INDIRECT("'[" &Info!$B$4&"]"&Info!$B$5&"'!$A$6:$AW$1000"),49,0))) -> 910 | Q5: =IF(N5="","",IF(N5=0,0, VLOOKUP(A5,INDIRECT("'[" &Info!$B$4&"]"&Info!$B$5&"'!$A$6:$AX$1000"),50,0))) -> 0 | R5: =IF(N5="","",IF(N5=0,0, VLOOKUP(A5,INDIRECT("'[" &Info!$B$4&"]"&Info!$B$5&"'!$A$6:$AY$1000"),51,0))) -> 0 | S5: =IF(N5="","",IF(N5=0,0,VLOOKUP(A5,INDIRECT("'[" &Info!$B$4&"]"&Info!$B$5&"'!$A$6:$Ai$1000"),35,0))) -> 10 | T5: =IF(N5="","",IF(N5=0,0, VLOOKUP(A5,INDIRECT("'[" &Info!$B$4&"]"&Info!$B$5&"'!$A$6:$Az$1000"),52,0))) -> 683 | U5: =IF(N5="","",IF(N5=0,0, VLOOKUP(A5,INDIRECT("'[" &Info!$B$4&"]"&Info!$B$5&"'!$A$6:$BA$1000"),53,0))) -> 0 | V5: =IF(N5="","",IF(N5=0,0, VLOOKUP(A5,INDIRECT("'[" &Info!$B$4&"]"&Info!$B$5&"'!$A$6:$BB$1000"),54,0))) -> 0 | W5: =IF(N6="","",O5+S5) -> 23 | X5: =IF(N6="","",P5+T5) -> 1593 | Y5: =IF(N6="","",Q5+U5) -> 0 | Z5: =IF(N6="","",R5+V5) -> 0
A6: =IFERROR( VLOOKUP(A5+1,INDIRECT("'[" &Info!$B$4&"]"&Info!$B$5&"'!$A$6:$A$1000"),1,0),"") -> 2 | B6: =IFERROR( IF(A6="","", VLOOKUP(A6,INDIRECT("'[" &Info!$B$4&"]"&Info!$B$5&"'!$A$6:$B$1000"),2,0)),"") -> C02 | C6: =IFERROR( IF(A6="","", VLOOKUP(A6,INDIRECT("'[" &Info!$B$4&"]"&Info!$B$5&"'!$A$6:$D$1000"),3,0)),"") -> 3201 | D6: =IF(C6="","", VLOOKUP(A6,INDIRECT("'[" &Info!$B$4&"]"&Info!$B$5&"'!$A$6:$T$1000"),20,0)) -> C2700 | E6: =IF(D6="","", VLOOKUP(A6,INDIRECT("'[" &Info!$B$4&"]"&Info!$B$5&"'!$A$6:$U$1000"),21,0)) -> YH | F6: =IF(D6="","", VLOOKUP(A6,INDIRECT("'[" &Info!$B$4&"]"&Info!$B$5&"'!$A$6:$U$1000"),21,0)) -> YH | G6: =IF(D6="","", VLOOKUP(A6,INDIRECT("'[" &Info!$B$4&"]"&Info!$B$5&"'!$A$6:$V$1000"),22,0)) -> 5.5 | H6: =IF(D6="","", VLOOKUP(A6,INDIRECT("'[" &Info!$B$4&"]"&Info!$B$5&"'!$A$6:$W$1000"),23,0)) -> 0 | I6: =LOWER( IF(D6="","", VLOOKUP(A6,INDIRECT("'[" &Info!$B$4&"]"&Info!$B$5&"'!$A$6:$y$1000"),25,0))) -> h9 | J6: =IF(D6="","", VLOOKUP(A6,INDIRECT("'[" &Info!$B$4&"]"&Info!$B$5&"'!$A$6:$Z$1000"),26,0)) -> 3 | K6: =IF(D6="","", VLOOKUP(A6,INDIRECT("'[" &Info!$B$4&"]"&Info!$B$5&"'!$A$6:$AA$1000"),27,0)) -> A17 | L6: =IF(D6="","", VLOOKUP(A6,INDIRECT("'[" &Info!$B$4&"]"&Info!$B$5&"'!$A$6:$H$1000"),8,0)) -> 1.076 | M6: =IF(D6="","", VLOOKUP(A6,INDIRECT("'[" &Info!$B$4&"]"&Info!$B$5&"'!$A$6:$F$1000"),6,0)) -> 167 | N6: =IF(C6="","", VLOOKUP(A6,INDIRECT("'[" &Info!$B$4&"]"&Info!$B$5&"'!$A$6:$Au$1000"),47,0)) -> 12 | O6: =IF(N6="","",IF(N6=0,0,VLOOKUP(A6,INDIRECT("'[" &Info!$B$4&"]"&Info!$B$5&"'!$A$6:$AH$1000"),34,0))) -> 5 | P6: =IF(N6="","",IF(N6=0,0,VLOOKUP(A6,INDIRECT("'[" &Info!$B$4&"]"&Info!$B$5&"'!$A$6:$AW$1000"),49,0))) -> 747 | Q6: =IF(N6="","",IF(N6=0,0, VLOOKUP(A6,INDIRECT("'[" &Info!$B$4&"]"&Info!$B$5&"'!$A$6:$AX$1000"),50,0))) -> 0 | R6: =IF(N6="","",IF(N6=0,0, VLOOKUP(A6,INDIRECT("'[" &Info!$B$4&"]"&Info!$B$5&"'!$A$6:$AY$1000"),51,0))) -> 0 | S6: =IF(N6="","",IF(N6=0,0,VLOOKUP(A6,INDIRECT("'[" &Info!$B$4&"]"&Info!$B$5&"'!$A$6:$Ai$1000"),35,0))) -> 5 | T6: =IF(N6="","",IF(N6=0,0, VLOOKUP(A6,INDIRECT("'[" &Info!$B$4&"]"&Info!$B$5&"'!$A$6:$Az$1000"),52,0))) -> 284 | U6: =IF(N6="","",IF(N6=0,0, VLOOKUP(A6,INDIRECT("'[" &Info!$B$4&"]"&Info!$B$5&"'!$A$6:$BA$1000"),53,0))) -> 0 | V6: =IF(N6="","",IF(N6=0,0, VLOOKUP(A6,INDIRECT("'[" &Info!$B$4&"]"&Info!$B$5&"'!$A$6:$BB$1000"),54,0))) -> 0 | W6: =IF(N7="","",O6+S6) -> 10 | X6: =IF(N7="","",P6+T6) -> 1031 | Y6: =IF(N7="","",Q6+U6) -> 0 | Z6: =IF(N7="","",R6+V6) -> 0
A7: =IFERROR( VLOOKUP(A6+1,INDIRECT("'[" &Info!$B$4&"]"&Info!$B$5&"'!$A$6:$A$1000"),1,0),"") -> 3 | B7: =IFERROR( IF(A7="","", VLOOKUP(A7,INDIRECT("'[" &Info!$B$4&"]"&Info!$B$5&"'!$A$6:$B$1000"),2,0)),"") -> C03 | C7: =IFERROR( IF(A7="","", VLOOKUP(A7,INDIRECT("'[" &Info!$B$4&"]"&Info!$B$5&"'!$A$6:$D$1000"),3,0)),"") -> SM04 | D7: =IF(C7="","", VLOOKUP(A7,INDIRECT("'[" &Info!$B$4&"]"&Info!$B$5&"'!$A$6:$T$1000"),20,0)) -> A6061-T6 | E7: =IF(D7="","", VLOOKUP(A7,INDIRECT("'[" &Info!$B$4&"]"&Info!$B$5&"'!$A$6:$U$1000"),21,0)) -> GW | F7: =IF(D7="","", VLOOKUP(A7,INDIRECT("'[" &Info!$B$4&"]"&Info!$B$5&"'!$A$6:$U$1000"),21,0)) -> GW | G7: =IF(D7="","", VLOOKUP(A7,INDIRECT("'[" &Info!$B$4&"]"&Info!$B$5&"'!$A$6:$V$1000"),22,0)) -> 17 | H7: =IF(D7="","", VLOOKUP(A7,INDIRECT("'[" &Info!$B$4&"]"&Info!$B$5&"'!$A$6:$W$1000"),23,0)) -> 0 | I7: =LOWER( IF(D7="","", VLOOKUP(A7,INDIRECT("'[" &Info!$B$4&"]"&Info!$B$5&"'!$A$6:$y$1000"),25,0))) -> h9 | J7: =IF(D7="","", VLOOKUP(A7,INDIRECT("'[" &Info!$B$4&"]"&Info!$B$5&"'!$A$6:$Z$1000"),26,0)) -> 3 | K7: =IF(D7="","", VLOOKUP(A7,INDIRECT("'[" &Info!$B$4&"]"&Info!$B$5&"'!$A$6:$AA$1000"),27,0)) -> D17 | L7: =IF(D7="","", VLOOKUP(A7,INDIRECT("'[" &Info!$B$4&"]"&Info!$B$5&"'!$A$6:$H$1000"),8,0)) -> 10.1 | M7: =IF(D7="","", VLOOKUP(A7,INDIRECT("'[" &Info!$B$4&"]"&Info!$B$5&"'!$A$6:$F$1000"),6,0)) -> 70 | N7: =IF(C7="","", VLOOKUP(A7,INDIRECT("'[" &Info!$B$4&"]"&Info!$B$5&"'!$A$6:$Au$1000"),47,0)) -> 12 | O7: =IF(N7="","",IF(N7=0,0,VLOOKUP(A7,INDIRECT("'[" &Info!$B$4&"]"&Info!$B$5&"'!$A$6:$AH$1000"),34,0))) -> 14 | P7: =IF(N7="","",IF(N7=0,0,VLOOKUP(A7,INDIRECT("'[" &Info!$B$4&"]"&Info!$B$5&"'!$A$6:$AW$1000"),49,0))) -> 831 | Q7: =IF(N7="","",IF(N7=0,0, VLOOKUP(A7,INDIRECT("'[" &Info!$B$4&"]"&Info!$B$5&"'!$A$6:$AX$1000"),50,0))) -> 0 | R7: =IF(N7="","",IF(N7=0,0, VLOOKUP(A7,INDIRECT("'[" &Info!$B$4&"]"&Info!$B$5&"'!$A$6:$AY$1000"),51,0))) -> 0 | S7: =IF(N7="","",IF(N7=0,0,VLOOKUP(A7,INDIRECT("'[" &Info!$B$4&"]"&Info!$B$5&"'!$A$6:$Ai$1000"),35,0))) -> 0 | T7: =IF(N7="","",IF(N7=0,0, VLOOKUP(A7,INDIRECT("'[" &Info!$B$4&"]"&Info!$B$5&"'!$A$6:$Az$1000"),52,0))) -> 0 | U7: =IF(N7="","",IF(N7=0,0, VLOOKUP(A7,INDIRECT("'[" &Info!$B$4&"]"&Info!$B$5&"'!$A$6:$BA$1000"),53,0))) -> 0 | V7: =IF(N7="","",IF(N7=0,0, VLOOKUP(A7,INDIRECT("'[" &Info!$B$4&"]"&Info!$B$5&"'!$A$6:$BB$1000"),54,0))) -> 0 | W7: =IF(N8="","",O7+S7) -> 14 | X7: =IF(N8="","",P7+T7) -> 831 | Y7: =IF(N8="","",Q7+U7) -> 0 | Z7: =IF(N8="","",R7+V7) -> 0
A8: =IFERROR( VLOOKUP(A7+1,INDIRECT("'[" &Info!$B$4&"]"&Info!$B$5&"'!$A$6:$A$1000"),1,0),"") -> 4 | B8: =IFERROR( IF(A8="","", VLOOKUP(A8,INDIRECT("'[" &Info!$B$4&"]"&Info!$B$5&"'!$A$6:$B$1000"),2,0)),"") -> C04 | C8: =IFERROR( IF(A8="","", VLOOKUP(A8,INDIRECT("'[" &Info!$B$4&"]"&Info!$B$5&"'!$A$6:$D$1000"),3,0)),"") -> 1501 | D8: =IF(C8="","", VLOOKUP(A8,INDIRECT("'[" &Info!$B$4&"]"&Info!$B$5&"'!$A$6:$T$1000"),20,0)) -> 12L14 | E8: =IF(D8="","", VLOOKUP(A8,INDIRECT("'[" &Info!$B$4&"]"&Info!$B$5&"'!$A$6:$U$1000"),21,0)) -> LT | F8: =IF(D8="","", VLOOKUP(A8,INDIRECT("'[" &Info!$B$4&"]"&Info!$B$5&"'!$A$6:$U$1000"),21,0)) -> LT | G8: =IF(D8="","", VLOOKUP(A8,INDIRECT("'[" &Info!$B$4&"]"&Info!$B$5&"'!$A$6:$V$1000"),22,0)) -> 11 | H8: =IF(D8="","", VLOOKUP(A8,INDIRECT("'[" &Info!$B$4&"]"&Info!$B$5&"'!$A$6:$W$1000"),23,0)) -> 0 | I8: =LOWER( IF(D8="","", VLOOKUP(A8,INDIRECT("'[" &Info!$B$4&"]"&Info!$B$5&"'!$A$6:$y$1000"),25,0))) -> h9 | J8: =IF(D8="","", VLOOKUP(A8,INDIRECT("'[" &Info!$B$4&"]"&Info!$B$5&"'!$A$6:$Z$1000"),26,0)) -> 3 | K8: =IF(D8="","", VLOOKUP(A8,INDIRECT("'[" &Info!$B$4&"]"&Info!$B$5&"'!$A$6:$AA$1000"),27,0)) -> A17 | L8: =IF(D8="","", VLOOKUP(A8,INDIRECT("'[" &Info!$B$4&"]"&Info!$B$5&"'!$A$6:$H$1000"),8,0)) -> 2.02 | M8: =IF(D8="","", VLOOKUP(A8,INDIRECT("'[" &Info!$B$4&"]"&Info!$B$5&"'!$A$6:$F$1000"),6,0)) -> 0 | N8: =IF(C8="","", VLOOKUP(A8,INDIRECT("'[" &Info!$B$4&"]"&Info!$B$5&"'!$A$6:$Au$1000"),47,0)) -> 0 | O8: =IF(N8="","",IF(N8=0,0,VLOOKUP(A8,INDIRECT("'[" &Info!$B$4&"]"&Info!$B$5&"'!$A$6:$AH$1000"),34,0))) -> 0 | P8: =IF(N8="","",IF(N8=0,0,VLOOKUP(A8,INDIRECT("'[" &Info!$B$4&"]"&Info!$B$5&"'!$A$6:$AW$1000"),49,0))) -> 0 | Q8: =IF(N8="","",IF(N8=0,0, VLOOKUP(A8,INDIRECT("'[" &Info!$B$4&"]"&Info!$B$5&"'!$A$6:$AX$1000"),50,0))) -> 0 | R8: =IF(N8="","",IF(N8=0,0, VLOOKUP(A8,INDIRECT("'[" &Info!$B$4&"]"&Info!$B$5&"'!$A$6:$AY$1000"),51,0))) -> 0 | S8: =IF(N8="","",IF(N8=0,0,VLOOKUP(A8,INDIRECT("'[" &Info!$B$4&"]"&Info!$B$5&"'!$A$6:$Ai$1000"),35,0))) -> 0 | T8: =IF(N8="","",IF(N8=0,0, VLOOKUP(A8,INDIRECT("'[" &Info!$B$4&"]"&Info!$B$5&"'!$A$6:$Az$1000"),52,0))) -> 0 | U8: =IF(N8="","",IF(N8=0,0, VLOOKUP(A8,INDIRECT("'[" &Info!$B$4&"]"&Info!$B$5&"'!$A$6:$BA$1000"),53,0))) -> 0 | V8: =IF(N8="","",IF(N8=0,0, VLOOKUP(A8,INDIRECT("'[" &Info!$B$4&"]"&Info!$B$5&"'!$A$6:$BB$1000"),54,0))) -> 0 | W8: =IF(N9="","",O8+S8) -> 0 | X8: =IF(N9="","",P8+T8) -> 0 | Y8: =IF(N9="","",Q8+U8) -> 0 | Z8: =IF(N9="","",R8+V8) -> 0
A9: =IFERROR( VLOOKUP(A8+1,INDIRECT("'[" &Info!$B$4&"]"&Info!$B$5&"'!$A$6:$A$1000"),1,0),"") -> 5 | B9: =IFERROR( IF(A9="","", VLOOKUP(A9,INDIRECT("'[" &Info!$B$4&"]"&Info!$B$5&"'!$A$6:$B$1000"),2,0)),"") -> C05 | C9: =IFERROR( IF(A9="","", VLOOKUP(A9,INDIRECT("'[" &Info!$B$4&"]"&Info!$B$5&"'!$A$6:$D$1000"),3,0)),"") -> SC6 | D9: =IF(C9="","", VLOOKUP(A9,INDIRECT("'[" &Info!$B$4&"]"&Info!$B$5&"'!$A$6:$T$1000"),20,0)) -> 12L14 | E9: =IF(D9="","", VLOOKUP(A9,INDIRECT("'[" &Info!$B$4&"]"&Info!$B$5&"'!$A$6:$U$1000"),21,0)) -> TV | F9: =IF(D9="","", VLOOKUP(A9,INDIRECT("'[" &Info!$B$4&"]"&Info!$B$5&"'!$A$6:$U$1000"),21,0)) -> TV | G9: =IF(D9="","", VLOOKUP(A9,INDIRECT("'[" &Info!$B$4&"]"&Info!$B$5&"'!$A$6:$V$1000"),22,0)) -> 5.97 | H9: =IF(D9="","", VLOOKUP(A9,INDIRECT("'[" &Info!$B$4&"]"&Info!$B$5&"'!$A$6:$W$1000"),23,0)) -> 0 | I9: =LOWER( IF(D9="","", VLOOKUP(A9,INDIRECT("'[" &Info!$B$4&"]"&Info!$B$5&"'!$A$6:$y$1000"),25,0))) -> h9 | J9: =IF(D9="","", VLOOKUP(A9,INDIRECT("'[" &Info!$B$4&"]"&Info!$B$5&"'!$A$6:$Z$1000"),26,0)) -> 3 | K9: =IF(D9="","", VLOOKUP(A9,INDIRECT("'[" &Info!$B$4&"]"&Info!$B$5&"'!$A$6:$AA$1000"),27,0)) -> A17 | L9: =IF(D9="","", VLOOKUP(A9,INDIRECT("'[" &Info!$B$4&"]"&Info!$B$5&"'!$A$6:$H$1000"),8,0)) -> 4.65 | M9: =IF(D9="","", VLOOKUP(A9,INDIRECT("'[" &Info!$B$4&"]"&Info!$B$5&"'!$A$6:$F$1000"),6,0)) -> 38 | N9: =IF(C9="","", VLOOKUP(A9,INDIRECT("'[" &Info!$B$4&"]"&Info!$B$5&"'!$A$6:$Au$1000"),47,0)) -> 12 | O9: =IF(N9="","",IF(N9=0,0,VLOOKUP(A9,INDIRECT("'[" &Info!$B$4&"]"&Info!$B$5&"'!$A$6:$AH$1000"),34,0))) -> 1 | P9: =IF(N9="","",IF(N9=0,0,VLOOKUP(A9,INDIRECT("'[" &Info!$B$4&"]"&Info!$B$5&"'!$A$6:$AW$1000"),49,0))) -> 0 | Q9: =IF(N9="","",IF(N9=0,0, VLOOKUP(A9,INDIRECT("'[" &Info!$B$4&"]"&Info!$B$5&"'!$A$6:$AX$1000"),50,0))) -> 0 | R9: =IF(N9="","",IF(N9=0,0, VLOOKUP(A9,INDIRECT("'[" &Info!$B$4&"]"&Info!$B$5&"'!$A$6:$AY$1000"),51,0))) -> 204 | S9: =IF(N9="","",IF(N9=0,0,VLOOKUP(A9,INDIRECT("'[" &Info!$B$4&"]"&Info!$B$5&"'!$A$6:$Ai$1000"),35,0))) -> 0 | T9: =IF(N9="","",IF(N9=0,0, VLOOKUP(A9,INDIRECT("'[" &Info!$B$4&"]"&Info!$B$5&"'!$A$6:$Az$1000"),52,0))) -> 0 | U9: =IF(N9="","",IF(N9=0,0, VLOOKUP(A9,INDIRECT("'[" &Info!$B$4&"]"&Info!$B$5&"'!$A$6:$BA$1000"),53,0))) -> 0 | V9: =IF(N9="","",IF(N9=0,0, VLOOKUP(A9,INDIRECT("'[" &Info!$B$4&"]"&Info!$B$5&"'!$A$6:$BB$1000"),54,0))) -> 0 | W9: =IF(N10="","",O9+S9) -> 1 | X9: =IF(N10="","",P9+T9) -> 0 | Y9: =IF(N10="","",Q9+U9) -> 0 | Z9: =IF(N10="","",R9+V9) -> 204
A10: =IFERROR( VLOOKUP(A9+1,INDIRECT("'[" &Info!$B$4&"]"&Info!$B$5&"'!$A$6:$A$1000"),1,0),"") -> 6 | B10: =IFERROR( IF(A10="","", VLOOKUP(A10,INDIRECT("'[" &Info!$B$4&"]"&Info!$B$5&"'!$A$6:$B$1000"),2,0)),"") -> C06 | C10: =IFERROR( IF(A10="","", VLOOKUP(A10,INDIRECT("'[" &Info!$B$4&"]"&Info!$B$5&"'!$A$6:$D$1000"),3,0)),"") -> 10620 | D10: =IF(C10="","", VLOOKUP(A10,INDIRECT("'[" &Info!$B$4&"]"&Info!$B$5&"'!$A$6:$T$1000"),20,0)) -> C3604 | E10: =IF(D10="","", VLOOKUP(A10,INDIRECT("'[" &Info!$B$4&"]"&Info!$B$5&"'!$A$6:$U$1000"),21,0)) -> GH | F10: =IF(D10="","", VLOOKUP(A10,INDIRECT("'[" &Info!$B$4&"]"&Info!$B$5&"'!$A$6:$U$1000"),21,0)) -> GH | G10: =IF(D10="","", VLOOKUP(A10,INDIRECT("'[" &Info!$B$4&"]"&Info!$B$5&"'!$A$6:$V$1000"),22,0)) -> 10 | H10: =IF(D10="","", VLOOKUP(A10,INDIRECT("'[" &Info!$B$4&"]"&Info!$B$5&"'!$A$6:$W$1000"),23,0)) -> 0 | I10: =LOWER( IF(D10="","", VLOOKUP(A10,INDIRECT("'[" &Info!$B$4&"]"&Info!$B$5&"'!$A$6:$y$1000"),25,0))) -> h9 | J10: =IF(D10="","", VLOOKUP(A10,INDIRECT("'[" &Info!$B$4&"]"&Info!$B$5&"'!$A$6:$Z$1000"),26,0)) -> 2.5 | K10: =IF(D10="","", VLOOKUP(A10,INDIRECT("'[" &Info!$B$4&"]"&Info!$B$5&"'!$A$6:$AA$1000"),27,0)) -> B17 | L10: =IF(D10="","", VLOOKUP(A10,INDIRECT("'[" &Info!$B$4&"]"&Info!$B$5&"'!$A$6:$H$1000"),8,0)) -> 7.4 | M10: =IF(D10="","", VLOOKUP(A10,INDIRECT("'[" &Info!$B$4&"]"&Info!$B$5&"'!$A$6:$F$1000"),6,0)) -> 104 | N10: =IF(C10="","", VLOOKUP(A10,INDIRECT("'[" &Info!$B$4&"]"&Info!$B$5&"'!$A$6:$Au$1000"),47,0)) -> 0 | O10: =IF(N10="","",IF(N10=0,0,VLOOKUP(A10,INDIRECT("'[" &Info!$B$4&"]"&Info!$B$5&"'!$A$6:$AH$1000"),34,0))) -> 0 | P10: =IF(N10="","",IF(N10=0,0,VLOOKUP(A10,INDIRECT("'[" &Info!$B$4&"]"&Info!$B$5&"'!$A$6:$AW$1000"),49,0))) -> 0 | Q10: =IF(N10="","",IF(N10=0,0, VLOOKUP(A10,INDIRECT("'[" &Info!$B$4&"]"&Info!$B$5&"'!$A$6:$AX$1000"),50,0))) -> 0 | R10: =IF(N10="","",IF(N10=0,0, VLOOKUP(A10,INDIRECT("'[" &Info!$B$4&"]"&Info!$B$5&"'!$A$6:$AY$1000"),51,0))) -> 0 | S10: =IF(N10="","",IF(N10=0,0,VLOOKUP(A10,INDIRECT("'[" &Info!$B$4&"]"&Info!$B$5&"'!$A$6:$Ai$1000"),35,0))) -> 0 | T10: =IF(N10="","",IF(N10=0,0, VLOOKUP(A10,INDIRECT("'[" &Info!$B$4&"]"&Info!$B$5&"'!$A$6:$Az$1000"),52,0))) -> 0 | U10: =IF(N10="","",IF(N10=0,0, VLOOKUP(A10,INDIRECT("'[" &Info!$B$4&"]"&Info!$B$5&"'!$A$6:$BA$1000"),53,0))) -> 0 | V10: =IF(N10="","",IF(N10=0,0, VLOOKUP(A10,INDIRECT("'[" &Info!$B$4&"]"&Info!$B$5&"'!$A$6:$BB$1000"),54,0))) -> 0 | W10: =IF(N11="","",O10+S10) -> 0 | X10: =IF(N11="","",P10+T10) -> 0 | Y10: =IF(N11="","",Q10+U10) -> 0 | Z10: =IF(N11="","",R10+V10) -> 0
A11: =IFERROR( VLOOKUP(A10+1,INDIRECT("'[" &Info!$B$4&"]"&Info!$B$5&"'!$A$6:$A$1000"),1,0),"") -> 7 | B11: =IFERROR( IF(A11="","", VLOOKUP(A11,INDIRECT("'[" &Info!$B$4&"]"&Info!$B$5&"'!$A$6:$B$1000"),2,0)),"") -> C07 | C11: =IFERROR( IF(A11="","", VLOOKUP(A11,INDIRECT("'[" &Info!$B$4&"]"&Info!$B$5&"'!$A$6:$D$1000"),3,0)),"") -> SC5 | D11: =IF(C11="","", VLOOKUP(A11,INDIRECT("'[" &Info!$B$4&"]"&Info!$B$5&"'!$A$6:$T$1000"),20,0)) -> 12L14 | E11: =IF(D11="","", VLOOKUP(A11,INDIRECT("'[" &Info!$B$4&"]"&Info!$B$5&"'!$A$6:$U$1000"),21,0)) -> LT | F11: =IF(D11="","", VLOOKUP(A11,INDIRECT("'[" &Info!$B$4&"]"&Info!$B$5&"'!$A$6:$U$1000"),21,0)) -> LT | G11: =IF(D11="","", VLOOKUP(A11,INDIRECT("'[" &Info!$B$4&"]"&Info!$B$5&"'!$A$6:$V$1000"),22,0)) -> 6 | H11: =IF(D11="","", VLOOKUP(A11,INDIRECT("'[" &Info!$B$4&"]"&Info!$B$5&"'!$A$6:$W$1000"),23,0)) -> 0 | I11: =LOWER( IF(D11="","", VLOOKUP(A11,INDIRECT("'[" &Info!$B$4&"]"&Info!$B$5&"'!$A$6:$y$1000"),25,0))) -> h9 | J11: =IF(D11="","", VLOOKUP(A11,INDIRECT("'[" &Info!$B$4&"]"&Info!$B$5&"'!$A$6:$Z$1000"),26,0)) -> 3 | K11: =IF(D11="","", VLOOKUP(A11,INDIRECT("'[" &Info!$B$4&"]"&Info!$B$5&"'!$A$6:$AA$1000"),27,0)) -> A17 | L11: =IF(D11="","", VLOOKUP(A11,INDIRECT("'[" &Info!$B$4&"]"&Info!$B$5&"'!$A$6:$H$1000"),8,0)) -> 4.55 | M11: =IF(D11="","", VLOOKUP(A11,INDIRECT("'[" &Info!$B$4&"]"&Info!$B$5&"'!$A$6:$F$1000"),6,0)) -> 48 | N11: =IF(C11="","", VLOOKUP(A11,INDIRECT("'[" &Info!$B$4&"]"&Info!$B$5&"'!$A$6:$Au$1000"),47,0)) -> 0 | O11: =IF(N11="","",IF(N11=0,0,VLOOKUP(A11,INDIRECT("'[" &Info!$B$4&"]"&Info!$B$5&"'!$A$6:$AH$1000"),34,0))) -> 0 | P11: =IF(N11="","",IF(N11=0,0,VLOOKUP(A11,INDIRECT("'[" &Info!$B$4&"]"&Info!$B$5&"'!$A$6:$AW$1000"),49,0))) -> 0 | Q11: =IF(N11="","",IF(N11=0,0, VLOOKUP(A11,INDIRECT("'[" &Info!$B$4&"]"&Info!$B$5&"'!$A$6:$AX$1000"),50,0))) -> 0 | R11: =IF(N11="","",IF(N11=0,0, VLOOKUP(A11,INDIRECT("'[" &Info!$B$4&"]"&Info!$B$5&"'!$A$6:$AY$1000"),51,0))) -> 0 | S11: =IF(N11="","",IF(N11=0,0,VLOOKUP(A11,INDIRECT("'[" &Info!$B$4&"]"&Info!$B$5&"'!$A$6:$Ai$1000"),35,0))) -> 0 | T11: =IF(N11="","",IF(N11=0,0, VLOOKUP(A11,INDIRECT("'[" &Info!$B$4&"]"&Info!$B$5&"'!$A$6:$Az$1000"),52,0))) -> 0 | U11: =IF(N11="","",IF(N11=0,0, VLOOKUP(A11,INDIRECT("'[" &Info!$B$4&"]"&Info!$B$5&"'!$A$6:$BA$1000"),53,0))) -> 0 | V11: =IF(N11="","",IF(N11=0,0, VLOOKUP(A11,INDIRECT("'[" &Info!$B$4&"]"&Info!$B$5&"'!$A$6:$BB$1000"),54,0))) -> 0 | W11: =IF(N12="","",O11+S11) -> 0 | X11: =IF(N12="","",P11+T11) -> 0 | Y11: =IF(N12="","",Q11+U11) -> 0 | Z11: =IF(N12="","",R11+V11) -> 0
A12: =IFERROR( VLOOKUP(A11+1,INDIRECT("'[" &Info!$B$4&"]"&Info!$B$5&"'!$A$6:$A$1000"),1,0),"") -> 8 | B12: =IFERROR( IF(A12="","", VLOOKUP(A12,INDIRECT("'[" &Info!$B$4&"]"&Info!$B$5&"'!$A$6:$B$1000"),2,0)),"") -> C08 | C12: =IFERROR( IF(A12="","", VLOOKUP(A12,INDIRECT("'[" &Info!$B$4&"]"&Info!$B$5&"'!$A$6:$D$1000"),3,0)),"") -> 15106 | D12: =IF(C12="","", VLOOKUP(A12,INDIRECT("'[" &Info!$B$4&"]"&Info!$B$5&"'!$A$6:$T$1000"),20,0)) -> C3604 | E12: =IF(D12="","", VLOOKUP(A12,INDIRECT("'[" &Info!$B$4&"]"&Info!$B$5&"'!$A$6:$U$1000"),21,0)) -> YH | F12: =IF(D12="","", VLOOKUP(A12,INDIRECT("'[" &Info!$B$4&"]"&Info!$B$5&"'!$A$6:$U$1000"),21,0)) -> YH | G12: =IF(D12="","", VLOOKUP(A12,INDIRECT("'[" &Info!$B$4&"]"&Info!$B$5&"'!$A$6:$V$1000"),22,0)) -> 14 | H12: =IF(D12="","", VLOOKUP(A12,INDIRECT("'[" &Info!$B$4&"]"&Info!$B$5&"'!$A$6:$W$1000"),23,0)) -> 0 | I12: =LOWER( IF(D12="","", VLOOKUP(A12,INDIRECT("'[" &Info!$B$4&"]"&Info!$B$5&"'!$A$6:$y$1000"),25,0))) -> h9 | J12: =IF(D12="","", VLOOKUP(A12,INDIRECT("'[" &Info!$B$4&"]"&Info!$B$5&"'!$A$6:$Z$1000"),26,0)) -> 3 | K12: =IF(D12="","", VLOOKUP(A12,INDIRECT("'[" &Info!$B$4&"]"&Info!$B$5&"'!$A$6:$AA$1000"),27,0)) -> E16 | L12: =IF(D12="","", VLOOKUP(A12,INDIRECT("'[" &Info!$B$4&"]"&Info!$B$5&"'!$A$6:$H$1000"),8,0)) -> 2.84 | M12: =IF(D12="","", VLOOKUP(A12,INDIRECT("'[" &Info!$B$4&"]"&Info!$B$5&"'!$A$6:$F$1000"),6,0)) -> 491 | N12: =IF(C12="","", VLOOKUP(A12,INDIRECT("'[" &Info!$B$4&"]"&Info!$B$5&"'!$A$6:$Au$1000"),47,0)) -> 7 | O12: =IF(N12="","",IF(N12=0,0,VLOOKUP(A12,INDIRECT("'[" &Info!$B$4&"]"&Info!$B$5&"'!$A$6:$AH$1000"),34,0))) -> 3 | P12: =IF(N12="","",IF(N12=0,0,VLOOKUP(A12,INDIRECT("'[" &Info!$B$4&"]"&Info!$B$5&"'!$A$6:$AW$1000"),49,0))) -> 1098 | Q12: =IF(N12="","",IF(N12=0,0, VLOOKUP(A12,INDIRECT("'[" &Info!$B$4&"]"&Info!$B$5&"'!$A$6:$AX$1000"),50,0))) -> 200 | R12: =IF(N12="","",IF(N12=0,0, VLOOKUP(A12,INDIRECT("'[" &Info!$B$4&"]"&Info!$B$5&"'!$A$6:$AY$1000"),51,0))) -> 0 | S12: =IF(N12="","",IF(N12=0,0,VLOOKUP(A12,INDIRECT("'[" &Info!$B$4&"]"&Info!$B$5&"'!$A$6:$Ai$1000"),35,0))) -> 3 | T12: =IF(N12="","",IF(N12=0,0, VLOOKUP(A12,INDIRECT("'[" &Info!$B$4&"]"&Info!$B$5&"'!$A$6:$Az$1000"),52,0))) -> 1241 | U12: =IF(N12="","",IF(N12=0,0, VLOOKUP(A12,INDIRECT("'[" &Info!$B$4&"]"&Info!$B$5&"'!$A$6:$BA$1000"),53,0))) -> 68 | V12: =IF(N12="","",IF(N12=0,0, VLOOKUP(A12,INDIRECT("'[" &Info!$B$4&"]"&Info!$B$5&"'!$A$6:$BB$1000"),54,0))) -> 425 | W12: =IF(N13="","",O12+S12) -> 6 | X12: =IF(N13="","",P12+T12) -> 2339 | Y12: =IF(N13="","",Q12+U12) -> 268 | Z12: =IF(N13="","",R12+V12) -> 425
A13: =IFERROR( VLOOKUP(A12+1,INDIRECT("'[" &Info!$B$4&"]"&Info!$B$5&"'!$A$6:$A$1000"),1,0),"") -> 9 | B13: =IFERROR( IF(A13="","", VLOOKUP(A13,INDIRECT("'[" &Info!$B$4&"]"&Info!$B$5&"'!$A$6:$B$1000"),2,0)),"") -> C09 | C13: =IFERROR( IF(A13="","", VLOOKUP(A13,INDIRECT("'[" &Info!$B$4&"]"&Info!$B$5&"'!$A$6:$D$1000"),3,0)),"") -> 131100 | D13: =IF(C13="","", VLOOKUP(A13,INDIRECT("'[" &Info!$B$4&"]"&Info!$B$5&"'!$A$6:$T$1000"),20,0)) -> A6063-T5 | E13: =IF(D13="","", VLOOKUP(A13,INDIRECT("'[" &Info!$B$4&"]"&Info!$B$5&"'!$A$6:$U$1000"),21,0)) -> GW | F13: =IF(D13="","", VLOOKUP(A13,INDIRECT("'[" &Info!$B$4&"]"&Info!$B$5&"'!$A$6:$U$1000"),21,0)) -> GW | G13: =IF(D13="","", VLOOKUP(A13,INDIRECT("'[" &Info!$B$4&"]"&Info!$B$5&"'!$A$6:$V$1000"),22,0)) -> 18.15 | H13: =IF(D13="","", VLOOKUP(A13,INDIRECT("'[" &Info!$B$4&"]"&Info!$B$5&"'!$A$6:$W$1000"),23,0)) -> 8.6 | I13: =LOWER( IF(D13="","", VLOOKUP(A13,INDIRECT("'[" &Info!$B$4&"]"&Info!$B$5&"'!$A$6:$y$1000"),25,0))) -> h9 | J13: =IF(D13="","", VLOOKUP(A13,INDIRECT("'[" &Info!$B$4&"]"&Info!$B$5&"'!$A$6:$Z$1000"),26,0)) -> 3 | K13: =IF(D13="","", VLOOKUP(A13,INDIRECT("'[" &Info!$B$4&"]"&Info!$B$5&"'!$A$6:$AA$1000"),27,0)) -> J17 | L13: =IF(D13="","", VLOOKUP(A13,INDIRECT("'[" &Info!$B$4&"]"&Info!$B$5&"'!$A$6:$H$1000"),8,0)) -> 9.9 | M13: =IF(D13="","", VLOOKUP(A13,INDIRECT("'[" &Info!$B$4&"]"&Info!$B$5&"'!$A$6:$F$1000"),6,0)) -> 70 | N13: =IF(C13="","", VLOOKUP(A13,INDIRECT("'[" &Info!$B$4&"]"&Info!$B$5&"'!$A$6:$Au$1000"),47,0)) -> 12 | O13: =IF(N13="","",IF(N13=0,0,VLOOKUP(A13,INDIRECT("'[" &Info!$B$4&"]"&Info!$B$5&"'!$A$6:$AH$1000"),34,0))) -> 2 | P13: =IF(N13="","",IF(N13=0,0,VLOOKUP(A13,INDIRECT("'[" &Info!$B$4&"]"&Info!$B$5&"'!$A$6:$AW$1000"),49,0))) -> 323 | Q13: =IF(N13="","",IF(N13=0,0, VLOOKUP(A13,INDIRECT("'[" &Info!$B$4&"]"&Info!$B$5&"'!$A$6:$AX$1000"),50,0))) -> 92 | R13: =IF(N13="","",IF(N13=0,0, VLOOKUP(A13,INDIRECT("'[" &Info!$B$4&"]"&Info!$B$5&"'!$A$6:$AY$1000"),51,0))) -> 0 | S13: =IF(N13="","",IF(N13=0,0,VLOOKUP(A13,INDIRECT("'[" &Info!$B$4&"]"&Info!$B$5&"'!$A$6:$Ai$1000"),35,0))) -> 0 | T13: =IF(N13="","",IF(N13=0,0, VLOOKUP(A13,INDIRECT("'[" &Info!$B$4&"]"&Info!$B$5&"'!$A$6:$Az$1000"),52,0))) -> 0 | U13: =IF(N13="","",IF(N13=0,0, VLOOKUP(A13,INDIRECT("'[" &Info!$B$4&"]"&Info!$B$5&"'!$A$6:$BA$1000"),53,0))) -> 0 | V13: =IF(N13="","",IF(N13=0,0, VLOOKUP(A13,INDIRECT("'[" &Info!$B$4&"]"&Info!$B$5&"'!$A$6:$BB$1000"),54,0))) -> 0 | W13: =IF(N14="","",O13+S13) -> 2 | X13: =IF(N14="","",P13+T13) -> 323 | Y13: =IF(N14="","",Q13+U13) -> 92 | Z13: =IF(N14="","",R13+V13) -> 0
A14: =IFERROR( VLOOKUP(A13+1,INDIRECT("'[" &Info!$B$4&"]"&Info!$B$5&"'!$A$6:$A$1000"),1,0),"") -> 10 | B14: =IFERROR( IF(A14="","", VLOOKUP(A14,INDIRECT("'[" &Info!$B$4&"]"&Info!$B$5&"'!$A$6:$B$1000"),2,0)),"") -> C10 | C14: =IFERROR( IF(A14="","", VLOOKUP(A14,INDIRECT("'[" &Info!$B$4&"]"&Info!$B$5&"'!$A$6:$D$1000"),3,0)),"") -> 131100 | D14: =IF(C14="","", VLOOKUP(A14,INDIRECT("'[" &Info!$B$4&"]"&Info!$B$5&"'!$A$6:$T$1000"),20,0)) -> A6063-T5 | E14: =IF(D14="","", VLOOKUP(A14,INDIRECT("'[" &Info!$B$4&"]"&Info!$B$5&"'!$A$6:$U$1000"),21,0)) -> GW | F14: =IF(D14="","", VLOOKUP(A14,INDIRECT("'[" &Info!$B$4&"]"&Info!$B$5&"'!$A$6:$U$1000"),21,0)) -> GW | G14: =IF(D14="","", VLOOKUP(A14,INDIRECT("'[" &Info!$B$4&"]"&Info!$B$5&"'!$A$6:$V$1000"),22,0)) -> 18.15 | H14: =IF(D14="","", VLOOKUP(A14,INDIRECT("'[" &Info!$B$4&"]"&Info!$B$5&"'!$A$6:$W$1000"),23,0)) -> 8.6 | I14: =LOWER( IF(D14="","", VLOOKUP(A14,INDIRECT("'[" &Info!$B$4&"]"&Info!$B$5&"'!$A$6:$y$1000"),25,0))) -> h9 | J14: =IF(D14="","", VLOOKUP(A14,INDIRECT("'[" &Info!$B$4&"]"&Info!$B$5&"'!$A$6:$Z$1000"),26,0)) -> 3 | K14: =IF(D14="","", VLOOKUP(A14,INDIRECT("'[" &Info!$B$4&"]"&Info!$B$5&"'!$A$6:$AA$1000"),27,0)) -> J17 | L14: =IF(D14="","", VLOOKUP(A14,INDIRECT("'[" &Info!$B$4&"]"&Info!$B$5&"'!$A$6:$H$1000"),8,0)) -> 9.9 | M14: =IF(D14="","", VLOOKUP(A14,INDIRECT("'[" &Info!$B$4&"]"&Info!$B$5&"'!$A$6:$F$1000"),6,0)) -> 70 | N14: =IF(C14="","", VLOOKUP(A14,INDIRECT("'[" &Info!$B$4&"]"&Info!$B$5&"'!$A$6:$Au$1000"),47,0)) -> 12 | O14: =IF(N14="","",IF(N14=0,0,VLOOKUP(A14,INDIRECT("'[" &Info!$B$4&"]"&Info!$B$5&"'!$A$6:$AH$1000"),34,0))) -> 8 | P14: =IF(N14="","",IF(N14=0,0,VLOOKUP(A14,INDIRECT("'[" &Info!$B$4&"]"&Info!$B$5&"'!$A$6:$AW$1000"),49,0))) -> 515 | Q14: =IF(N14="","",IF(N14=0,0, VLOOKUP(A14,INDIRECT("'[" &Info!$B$4&"]"&Info!$B$5&"'!$A$6:$AX$1000"),50,0))) -> 0 | R14: =IF(N14="","",IF(N14=0,0, VLOOKUP(A14,INDIRECT("'[" &Info!$B$4&"]"&Info!$B$5&"'!$A$6:$AY$1000"),51,0))) -> 119 | S14: =IF(N14="","",IF(N14=0,0,VLOOKUP(A14,INDIRECT("'[" &Info!$B$4&"]"&Info!$B$5&"'!$A$6:$Ai$1000"),35,0))) -> 7 | T14: =IF(N14="","",IF(N14=0,0, VLOOKUP(A14,INDIRECT("'[" &Info!$B$4&"]"&Info!$B$5&"'!$A$6:$Az$1000"),52,0))) -> 414 | U14: =IF(N14="","",IF(N14=0,0, VLOOKUP(A14,INDIRECT("'[" &Info!$B$4&"]"&Info!$B$5&"'!$A$6:$BA$1000"),53,0))) -> 0 | V14: =IF(N14="","",IF(N14=0,0, VLOOKUP(A14,INDIRECT("'[" &Info!$B$4&"]"&Info!$B$5&"'!$A$6:$BB$1000"),54,0))) -> 49 | W14: =IF(N15="","",O14+S14) -> 15 | X14: =IF(N15="","",P14+T14) -> 929 | Y14: =IF(N15="","",Q14+U14) -> 0 | Z14: =IF(N15="","",R14+V14) -> 168
A15: =IFERROR( VLOOKUP(A14+1,INDIRECT("'[" &Info!$B$4&"]"&Info!$B$5&"'!$A$6:$A$1000"),1,0),"") -> 11 | B15: =IFERROR( IF(A15="","", VLOOKUP(A15,INDIRECT("'[" &Info!$B$4&"]"&Info!$B$5&"'!$A$6:$B$1000"),2,0)),"") -> C11 | C15: =IFERROR( IF(A15="","", VLOOKUP(A15,INDIRECT("'[" &Info!$B$4&"]"&Info!$B$5&"'!$A$6:$D$1000"),3,0)),"") -> 31100 | D15: =IF(C15="","", VLOOKUP(A15,INDIRECT("'[" &Info!$B$4&"]"&Info!$B$5&"'!$A$6:$T$1000"),20,0)) -> A6063-T5 | E15: =IF(D15="","", VLOOKUP(A15,INDIRECT("'[" &Info!$B$4&"]"&Info!$B$5&"'!$A$6:$U$1000"),21,0)) -> GW | F15: =IF(D15="","", VLOOKUP(A15,INDIRECT("'[" &Info!$B$4&"]"&Info!$B$5&"'!$A$6:$U$1000"),21,0)) -> GW | G15: =IF(D15="","", VLOOKUP(A15,INDIRECT("'[" &Info!$B$4&"]"&Info!$B$5&"'!$A$6:$V$1000"),22,0)) -> 18.15 | H15: =IF(D15="","", VLOOKUP(A15,INDIRECT("'[" &Info!$B$4&"]"&Info!$B$5&"'!$A$6:$W$1000"),23,0)) -> 8.6 | I15: =LOWER( IF(D15="","", VLOOKUP(A15,INDIRECT("'[" &Info!$B$4&"]"&Info!$B$5&"'!$A$6:$y$1000"),25,0))) -> h9 | J15: =IF(D15="","", VLOOKUP(A15,INDIRECT("'[" &Info!$B$4&"]"&Info!$B$5&"'!$A$6:$Z$1000"),26,0)) -> 3 | K15: =IF(D15="","", VLOOKUP(A15,INDIRECT("'[" &Info!$B$4&"]"&Info!$B$5&"'!$A$6:$AA$1000"),27,0)) -> J17 | L15: =IF(D15="","", VLOOKUP(A15,INDIRECT("'[" &Info!$B$4&"]"&Info!$B$5&"'!$A$6:$H$1000"),8,0)) -> 7.7 | M15: =IF(D15="","", VLOOKUP(A15,INDIRECT("'[" &Info!$B$4&"]"&Info!$B$5&"'!$A$6:$F$1000"),6,0)) -> 91 | N15: =IF(C15="","", VLOOKUP(A15,INDIRECT("'[" &Info!$B$4&"]"&Info!$B$5&"'!$A$6:$Au$1000"),47,0)) -> 12 | O15: =IF(N15="","",IF(N15=0,0,VLOOKUP(A15,INDIRECT("'[" &Info!$B$4&"]"&Info!$B$5&"'!$A$6:$AH$1000"),34,0))) -> 7 | P15: =IF(N15="","",IF(N15=0,0,VLOOKUP(A15,INDIRECT("'[" &Info!$B$4&"]"&Info!$B$5&"'!$A$6:$AW$1000"),49,0))) -> 662 | Q15: =IF(N15="","",IF(N15=0,0, VLOOKUP(A15,INDIRECT("'[" &Info!$B$4&"]"&Info!$B$5&"'!$A$6:$AX$1000"),50,0))) -> 0 | R15: =IF(N15="","",IF(N15=0,0, VLOOKUP(A15,INDIRECT("'[" &Info!$B$4&"]"&Info!$B$5&"'!$A$6:$AY$1000"),51,0))) -> 0 | S15: =IF(N15="","",IF(N15=0,0,VLOOKUP(A15,INDIRECT("'[" &Info!$B$4&"]"&Info!$B$5&"'!$A$6:$Ai$1000"),35,0))) -> 6 | T15: =IF(N15="","",IF(N15=0,0, VLOOKUP(A15,INDIRECT("'[" &Info!$B$4&"]"&Info!$B$5&"'!$A$6:$Az$1000"),52,0))) -> 545 | U15: =IF(N15="","",IF(N15=0,0, VLOOKUP(A15,INDIRECT("'[" &Info!$B$4&"]"&Info!$B$5&"'!$A$6:$BA$1000"),53,0))) -> 0 | V15: =IF(N15="","",IF(N15=0,0, VLOOKUP(A15,INDIRECT("'[" &Info!$B$4&"]"&Info!$B$5&"'!$A$6:$BB$1000"),54,0))) -> 0 | W15: =IF(N16="","",O15+S15) -> 13 | X15: =IF(N16="","",P15+T15) -> 1207 | Y15: =IF(N16="","",Q15+U15) -> 0 | Z15: =IF(N16="","",R15+V15) -> 0
A16: =IFERROR( VLOOKUP(A15+1,INDIRECT("'[" &Info!$B$4&"]"&Info!$B$5&"'!$A$6:$A$1000"),1,0),"") -> 12 | B16: =IFERROR( IF(A16="","", VLOOKUP(A16,INDIRECT("'[" &Info!$B$4&"]"&Info!$B$5&"'!$A$6:$B$1000"),2,0)),"") -> C12 | C16: =IFERROR( IF(A16="","", VLOOKUP(A16,INDIRECT("'[" &Info!$B$4&"]"&Info!$B$5&"'!$A$6:$D$1000"),3,0)),"") -> 000003 | D16: =IF(C16="","", VLOOKUP(A16,INDIRECT("'[" &Info!$B$4&"]"&Info!$B$5&"'!$A$6:$T$1000"),20,0)) -> 12L14 | E16: =IF(D16="","", VLOOKUP(A16,INDIRECT("'[" &Info!$B$4&"]"&Info!$B$5&"'!$A$6:$U$1000"),21,0)) -> LT | F16: =IF(D16="","", VLOOKUP(A16,INDIRECT("'[" &Info!$B$4&"]"&Info!$B$5&"'!$A$6:$U$1000"),21,0)) -> LT | G16: =IF(D16="","", VLOOKUP(A16,INDIRECT("'[" &Info!$B$4&"]"&Info!$B$5&"'!$A$6:$V$1000"),22,0)) -> 12 | H16: =IF(D16="","", VLOOKUP(A16,INDIRECT("'[" &Info!$B$4&"]"&Info!$B$5&"'!$A$6:$W$1000"),23,0)) -> 0 | I16: =LOWER( IF(D16="","", VLOOKUP(A16,INDIRECT("'[" &Info!$B$4&"]"&Info!$B$5&"'!$A$6:$y$1000"),25,0))) -> h9 | J16: =IF(D16="","", VLOOKUP(A16,INDIRECT("'[" &Info!$B$4&"]"&Info!$B$5&"'!$A$6:$Z$1000"),26,0)) -> 3 | K16: =IF(D16="","", VLOOKUP(A16,INDIRECT("'[" &Info!$B$4&"]"&Info!$B$5&"'!$A$6:$AA$1000"),27,0)) -> B17 | L16: =IF(D16="","", VLOOKUP(A16,INDIRECT("'[" &Info!$B$4&"]"&Info!$B$5&"'!$A$6:$H$1000"),8,0)) -> 9.413 | M16: =IF(D16="","", VLOOKUP(A16,INDIRECT("'[" &Info!$B$4&"]"&Info!$B$5&"'!$A$6:$F$1000"),6,0)) -> 118 | N16: =IF(C16="","", VLOOKUP(A16,INDIRECT("'[" &Info!$B$4&"]"&Info!$B$5&"'!$A$6:$Au$1000"),47,0)) -> 12 | O16: =IF(N16="","",IF(N16=0,0,VLOOKUP(A16,INDIRECT("'[" &Info!$B$4&"]"&Info!$B$5&"'!$A$6:$AH$1000"),34,0))) -> 10 | P16: =IF(N16="","",IF(N16=0,0,VLOOKUP(A16,INDIRECT("'[" &Info!$B$4&"]"&Info!$B$5&"'!$A$6:$AW$1000"),49,0))) -> 1026 | Q16: =IF(N16="","",IF(N16=0,0, VLOOKUP(A16,INDIRECT("'[" &Info!$B$4&"]"&Info!$B$5&"'!$A$6:$AX$1000"),50,0))) -> 53 | R16: =IF(N16="","",IF(N16=0,0, VLOOKUP(A16,INDIRECT("'[" &Info!$B$4&"]"&Info!$B$5&"'!$A$6:$AY$1000"),51,0))) -> 0 | S16: =IF(N16="","",IF(N16=0,0,VLOOKUP(A16,INDIRECT("'[" &Info!$B$4&"]"&Info!$B$5&"'!$A$6:$Ai$1000"),35,0))) -> 8 | T16: =IF(N16="","",IF(N16=0,0, VLOOKUP(A16,INDIRECT("'[" &Info!$B$4&"]"&Info!$B$5&"'!$A$6:$Az$1000"),52,0))) -> 934 | U16: =IF(N16="","",IF(N16=0,0, VLOOKUP(A16,INDIRECT("'[" &Info!$B$4&"]"&Info!$B$5&"'!$A$6:$BA$1000"),53,0))) -> 0 | V16: =IF(N16="","",IF(N16=0,0, VLOOKUP(A16,INDIRECT("'[" &Info!$B$4&"]"&Info!$B$5&"'!$A$6:$BB$1000"),54,0))) -> 0 | W16: =IF(N17="","",O16+S16) -> 18 | X16: =IF(N17="","",P16+T16) -> 1960 | Y16: =IF(N17="","",Q16+U16) -> 53 | Z16: =IF(N17="","",R16+V16) -> 0
A17: =IFERROR( VLOOKUP(A16+1,INDIRECT("'[" &Info!$B$4&"]"&Info!$B$5&"'!$A$6:$A$1000"),1,0),"") -> 13 | B17: =IFERROR( IF(A17="","", VLOOKUP(A17,INDIRECT("'[" &Info!$B$4&"]"&Info!$B$5&"'!$A$6:$B$1000"),2,0)),"") -> C12B | C17: =IFERROR( IF(A17="","", VLOOKUP(A17,INDIRECT("'[" &Info!$B$4&"]"&Info!$B$5&"'!$A$6:$D$1000"),3,0)),"") -> SM02 | D17: =IF(C17="","", VLOOKUP(A17,INDIRECT("'[" &Info!$B$4&"]"&Info!$B$5&"'!$A$6:$T$1000"),20,0)) -> A6063-T5 | E17: =IF(D17="","", VLOOKUP(A17,INDIRECT("'[" &Info!$B$4&"]"&Info!$B$5&"'!$A$6:$U$1000"),21,0)) -> GW | F17: =IF(D17="","", VLOOKUP(A17,INDIRECT("'[" &Info!$B$4&"]"&Info!$B$5&"'!$A$6:$U$1000"),21,0)) -> GW | G17: =IF(D17="","", VLOOKUP(A17,INDIRECT("'[" &Info!$B$4&"]"&Info!$B$5&"'!$A$6:$V$1000"),22,0)) -> 15 | H17: =IF(D17="","", VLOOKUP(A17,INDIRECT("'[" &Info!$B$4&"]"&Info!$B$5&"'!$A$6:$W$1000"),23,0)) -> 8.6 | I17: =LOWER( IF(D17="","", VLOOKUP(A17,INDIRECT("'[" &Info!$B$4&"]"&Info!$B$5&"'!$A$6:$y$1000"),25,0))) -> h9 | J17: =IF(D17="","", VLOOKUP(A17,INDIRECT("'[" &Info!$B$4&"]"&Info!$B$5&"'!$A$6:$Z$1000"),26,0)) -> 3 | K17: =IF(D17="","", VLOOKUP(A17,INDIRECT("'[" &Info!$B$4&"]"&Info!$B$5&"'!$A$6:$AA$1000"),27,0)) -> F17 | L17: =IF(D17="","", VLOOKUP(A17,INDIRECT("'[" &Info!$B$4&"]"&Info!$B$5&"'!$A$6:$H$1000"),8,0)) -> 3.03 | M17: =IF(D17="","", VLOOKUP(A17,INDIRECT("'[" &Info!$B$4&"]"&Info!$B$5&"'!$A$6:$F$1000"),6,0)) -> 168 | N17: =IF(C17="","", VLOOKUP(A17,INDIRECT("'[" &Info!$B$4&"]"&Info!$B$5&"'!$A$6:$Au$1000"),47,0)) -> 12 | O17: =IF(N17="","",IF(N17=0,0,VLOOKUP(A17,INDIRECT("'[" &Info!$B$4&"]"&Info!$B$5&"'!$A$6:$AH$1000"),34,0))) -> 14 | P17: =IF(N17="","",IF(N17=0,0,VLOOKUP(A17,INDIRECT("'[" &Info!$B$4&"]"&Info!$B$5&"'!$A$6:$AW$1000"),49,0))) -> 2112 | Q17: =IF(N17="","",IF(N17=0,0, VLOOKUP(A17,INDIRECT("'[" &Info!$B$4&"]"&Info!$B$5&"'!$A$6:$AX$1000"),50,0))) -> 0 | R17: =IF(N17="","",IF(N17=0,0, VLOOKUP(A17,INDIRECT("'[" &Info!$B$4&"]"&Info!$B$5&"'!$A$6:$AY$1000"),51,0))) -> 0 | S17: =IF(N17="","",IF(N17=0,0,VLOOKUP(A17,INDIRECT("'[" &Info!$B$4&"]"&Info!$B$5&"'!$A$6:$Ai$1000"),35,0))) -> 14 | T17: =IF(N17="","",IF(N17=0,0, VLOOKUP(A17,INDIRECT("'[" &Info!$B$4&"]"&Info!$B$5&"'!$A$6:$Az$1000"),52,0))) -> 2244 | U17: =IF(N17="","",IF(N17=0,0, VLOOKUP(A17,INDIRECT("'[" &Info!$B$4&"]"&Info!$B$5&"'!$A$6:$BA$1000"),53,0))) -> 0 | V17: =IF(N17="","",IF(N17=0,0, VLOOKUP(A17,INDIRECT("'[" &Info!$B$4&"]"&Info!$B$5&"'!$A$6:$BB$1000"),54,0))) -> 0 | W17: =IF(N18="","",O17+S17) -> 28 | X17: =IF(N18="","",P17+T17) -> 4356 | Y17: =IF(N18="","",Q17+U17) -> 0 | Z17: =IF(N18="","",R17+V17) -> 0
... A186: =IFERROR( VLOOKUP(A185+1,INDIRECT("'[" &Info!$B$4&"]"&Info!$B$5&"'!$A$6:$A$1000"),1,0),"") | B186: =IFERROR( IF(A186="","", VLOOKUP(A186,INDIRECT("'[" &Info!$B$4&"]"&Info!$B$5&"'!$A$6:$B$1000"),2,0)),"") | C186: =IFERROR( IF(A186="","", VLOOKUP(A186,INDIRECT("'[" &Info!$B$4&"]"&Info!$B$5&"'!$A$6:$D$1000"),3,0)),"") | D186: =IF(C186="","", VLOOKUP(A186,INDIRECT("'[" &Info!$B$4&"]"&Info!$B$5&"'!$A$6:$T$1000"),20,0)) | E186: =IF(D186="","", VLOOKUP(A186,INDIRECT("'[" &Info!$B$4&"]"&Info!$B$5&"'!$A$6:$U$1000"),21,0)) | F186: =IF(D186="","", VLOOKUP(A186,INDIRECT("'[" &Info!$B$4&"]"&Info!$B$5&"'!$A$6:$U$1000"),21,0)) | G186: =IF(D186="","", VLOOKUP(A186,INDIRECT("'[" &Info!$B$4&"]"&Info!$B$5&"'!$A$6:$V$1000"),22,0)) | H186: =IF(D186="","", VLOOKUP(A186,INDIRECT("'[" &Info!$B$4&"]"&Info!$B$5&"'!$A$6:$W$1000"),23,0)) | I186: =LOWER( IF(D186="","", VLOOKUP(A186,INDIRECT("'[" &Info!$B$4&"]"&Info!$B$5&"'!$A$6:$y$1000"),25,0))) | J186: =IF(D186="","", VLOOKUP(A186,INDIRECT("'[" &Info!$B$4&"]"&Info!$B$5&"'!$A$6:$Z$1000"),26,0)) | K186: =IF(D186="","", VLOOKUP(A186,INDIRECT("'[" &Info!$B$4&"]"&Info!$B$5&"'!$A$6:$AA$1000"),27,0)) | L186: =IF(D186="","", VLOOKUP(A186,INDIRECT("'[" &Info!$B$4&"]"&Info!$B$5&"'!$A$6:$H$1000"),8,0)) | M186: =IF(D186="","", VLOOKUP(A186,INDIRECT("'[" &Info!$B$4&"]"&Info!$B$5&"'!$A$6:$F$1000"),6,0)) | N186: =IF(C186="","", VLOOKUP(A186,INDIRECT("'[" &Info!$B$4&"]"&Info!$B$5&"'!$A$6:$Au$1000"),47,0)) | O186: =IF(N186="","",IF(N186=0,0,VLOOKUP(A186,INDIRECT("'[" &Info!$B$4&"]"&Info!$B$5&"'!$A$6:$AH$1000"),34,0))) | P186: =IF(N186="","",IF(N186=0,0,VLOOKUP(A186,INDIRECT("'[" &Info!$B$4&"]"&Info!$B$5&"'!$A$6:$AW$1000"),49,0))) | Q186: =IF(N186="","",IF(N186=0,0, VLOOKUP(A186,INDIRECT("'[" &Info!$B$4&"]"&Info!$B$5&"'!$A$6:$AX$1000"),50,0))) | R186: =IF(N186="","",IF(N186=0,0, VLOOKUP(A186,INDIRECT("'[" &Info!$B$4&"]"&Info!$B$5&"'!$A$6:$AY$1000"),51,0))) | S186: =IF(N186="","",IF(N186=0,0,VLOOKUP(A186,INDIRECT("'[" &Info!$B$4&"]"&Info!$B$5&"'!$A$6:$Ai$1000"),35,0))) | T186: =IF(N186="","",IF(N186=0,0, VLOOKUP(A186,INDIRECT("'[" &Info!$B$4&"]"&Info!$B$5&"'!$A$6:$Az$1000"),52,0))) | U186: =IF(N186="","",IF(N186=0,0, VLOOKUP(A186,INDIRECT("'[" &Info!$B$4&"]"&Info!$B$5&"'!$A$6:$BA$1000"),53,0))) | V186: =IF(N186="","",IF(N186=0,0, VLOOKUP(A186,INDIRECT("'[" &Info!$B$4&"]"&Info!$B$5&"'!$A$6:$BB$1000"),54,0))) | W186: =IF(N187="","",O186+S186) | X186: =IF(N187="","",P186+T186) | Y186: =IF(N187="","",Q186+U186) | Z186: =IF(N187="","",R186+V186)
A187: =IFERROR( VLOOKUP(A186+1,INDIRECT("'[" &Info!$B$4&"]"&Info!$B$5&"'!$A$6:$A$1000"),1,0),"") | C187: =IFERROR( IF(A187="","", VLOOKUP(A187,INDIRECT("'[" &Info!$B$4&"]"&Info!$B$5&"'!$A$6:$D$1000"),3,0)),"") | D187: =IF(C187="","", VLOOKUP(A187,INDIRECT("'[" &Info!$B$4&"]"&Info!$B$5&"'!$A$6:$T$1000"),20,0)) | E187: =IF(D187="","", VLOOKUP(A187,INDIRECT("'[" &Info!$B$4&"]"&Info!$B$5&"'!$A$6:$U$1000"),21,0)) | F187: =IF(D187="","", VLOOKUP(A187,INDIRECT("'[" &Info!$B$4&"]"&Info!$B$5&"'!$A$6:$U$1000"),21,0)) | G187: =IF(D187="","", VLOOKUP(A187,INDIRECT("'[" &Info!$B$4&"]"&Info!$B$5&"'!$A$6:$V$1000"),22,0)) | H187: =IF(D187="","", VLOOKUP(A187,INDIRECT("'[" &Info!$B$4&"]"&Info!$B$5&"'!$A$6:$W$1000"),23,0)) | I187: =LOWER( IF(D187="","", VLOOKUP(A187,INDIRECT("'[" &Info!$B$4&"]"&Info!$B$5&"'!$A$6:$y$1000"),25,0))) | J187: =IF(D187="","", VLOOKUP(A187,INDIRECT("'[" &Info!$B$4&"]"&Info!$B$5&"'!$A$6:$Z$1000"),26,0)) | K187: =IF(D187="","", VLOOKUP(A187,INDIRECT("'[" &Info!$B$4&"]"&Info!$B$5&"'!$A$6:$AA$1000"),27,0)) | L187: =IF(D187="","", VLOOKUP(A187,INDIRECT("'[" &Info!$B$4&"]"&Info!$B$5&"'!$A$6:$H$1000"),8,0)) | M187: =IF(D187="","", VLOOKUP(A187,INDIRECT("'[" &Info!$B$4&"]"&Info!$B$5&"'!$A$6:$F$1000"),6,0)) | N187: =IF(C187="","", VLOOKUP(A187,INDIRECT("'[" &Info!$B$4&"]"&Info!$B$5&"'!$A$6:$Au$1000"),47,0)) | O187: =IF(N187="","",IF(N187=0,0,VLOOKUP(A187,INDIRECT("'[" &Info!$B$4&"]"&Info!$B$5&"'!$A$6:$AH$1000"),34,0))) | P187: =IF(N187="","",IF(N187=0,0,VLOOKUP(A187,INDIRECT("'[" &Info!$B$4&"]"&Info!$B$5&"'!$A$6:$AW$1000"),49,0))) | Q187: =IF(N187="","",IF(N187=0,0, VLOOKUP(A187,INDIRECT("'[" &Info!$B$4&"]"&Info!$B$5&"'!$A$6:$AX$1000"),50,0))) | R187: =IF(N187="","",IF(N187=0,0, VLOOKUP(A187,INDIRECT("'[" &Info!$B$4&"]"&Info!$B$5&"'!$A$6:$AY$1000"),51,0))) | S187: =IF(N187="","",IF(N187=0,0,VLOOKUP(A187,INDIRECT("'[" &Info!$B$4&"]"&Info!$B$5&"'!$A$6:$Ai$1000"),35,0))) | T187: =IF(N187="","",IF(N187=0,0, VLOOKUP(A187,INDIRECT("'[" &Info!$B$4&"]"&Info!$B$5&"'!$A$6:$Az$1000"),52,0))) | U187: =IF(N187="","",IF(N187=0,0, VLOOKUP(A187,INDIRECT("'[" &Info!$B$4&"]"&Info!$B$5&"'!$A$6:$BA$1000"),53,0))) | V187: =IF(N187="","",IF(N187=0,0, VLOOKUP(A187,INDIRECT("'[" &Info!$B$4&"]"&Info!$B$5&"'!$A$6:$BB$1000"),54,0))) | W187: =IF(N187="","",O187+S187) | X187: =IF(N187="","",P187+T187) | Y187: =IF(N187="","",Q187+U187) | Z187: =IF(N187="","",R187+V187)
A188: =IFERROR( VLOOKUP(A187+1,INDIRECT("'[" &Info!$B$4&"]"&Info!$B$5&"'!$A$6:$A$1000"),1,0),"") | C188: =IFERROR( IF(A188="","", VLOOKUP(A188,INDIRECT("'[" &Info!$B$4&"]"&Info!$B$5&"'!$A$6:$D$1000"),3,0)),"") | D188: =IF(C188="","", VLOOKUP(A188,INDIRECT("'[" &Info!$B$4&"]"&Info!$B$5&"'!$A$6:$T$1000"),20,0)) | E188: =IF(D188="","", VLOOKUP(A188,INDIRECT("'[" &Info!$B$4&"]"&Info!$B$5&"'!$A$6:$U$1000"),21,0)) | F188: =IF(D188="","", VLOOKUP(A188,INDIRECT("'[" &Info!$B$4&"]"&Info!$B$5&"'!$A$6:$U$1000"),21,0)) | G188: =IF(D188="","", VLOOKUP(A188,INDIRECT("'[" &Info!$B$4&"]"&Info!$B$5&"'!$A$6:$V$1000"),22,0)) | H188: =IF(D188="","", VLOOKUP(A188,INDIRECT("'[" &Info!$B$4&"]"&Info!$B$5&"'!$A$6:$W$1000"),23,0)) | I188: =LOWER( IF(D188="","", VLOOKUP(A188,INDIRECT("'[" &Info!$B$4&"]"&Info!$B$5&"'!$A$6:$y$1000"),25,0))) | J188: =IF(D188="","", VLOOKUP(A188,INDIRECT("'[" &Info!$B$4&"]"&Info!$B$5&"'!$A$6:$Z$1000"),26,0)) | K188: =IF(D188="","", VLOOKUP(A188,INDIRECT("'[" &Info!$B$4&"]"&Info!$B$5&"'!$A$6:$AA$1000"),27,0)) | L188: =IF(D188="","", VLOOKUP(A188,INDIRECT("'[" &Info!$B$4&"]"&Info!$B$5&"'!$A$6:$H$1000"),8,0)) | M188: =IF(D188="","", VLOOKUP(A188,INDIRECT("'[" &Info!$B$4&"]"&Info!$B$5&"'!$A$6:$F$1000"),6,0)) | N188: =IF(C188="","", VLOOKUP(A188,INDIRECT("'[" &Info!$B$4&"]"&Info!$B$5&"'!$A$6:$Au$1000"),47,0)) | O188: =IF(N188="","",IF(N188=0,0,VLOOKUP(A188,INDIRECT("'[" &Info!$B$4&"]"&Info!$B$5&"'!$A$6:$AH$1000"),34,0))) | P188: =IF(N188="","",IF(N188=0,0,VLOOKUP(A188,INDIRECT("'[" &Info!$B$4&"]"&Info!$B$5&"'!$A$6:$AW$1000"),49,0))) | Q188: =IF(N188="","",IF(N188=0,0, VLOOKUP(A188,INDIRECT("'[" &Info!$B$4&"]"&Info!$B$5&"'!$A$6:$AX$1000"),50,0))) | R188: =IF(N188="","",IF(N188=0,0, VLOOKUP(A188,INDIRECT("'[" &Info!$B$4&"]"&Info!$B$5&"'!$A$6:$AY$1000"),51,0))) | S188: =IF(N188="","",IF(N188=0,0,VLOOKUP(A188,INDIRECT("'[" &Info!$B$4&"]"&Info!$B$5&"'!$A$6:$Ai$1000"),35,0))) | T188: =IF(N188="","",IF(N188=0,0, VLOOKUP(A188,INDIRECT("'[" &Info!$B$4&"]"&Info!$B$5&"'!$A$6:$Az$1000"),52,0))) | U188: =IF(N188="","",IF(N188=0,0, VLOOKUP(A188,INDIRECT("'[" &Info!$B$4&"]"&Info!$B$5&"'!$A$6:$BA$1000"),53,0))) | V188: =IF(N188="","",IF(N188=0,0, VLOOKUP(A188,INDIRECT("'[" &Info!$B$4&"]"&Info!$B$5&"'!$A$6:$BB$1000"),54,0))) | W188: =IF(N188="","",O188+S188) | X188: =IF(N188="","",P188+T188) | Y188: =IF(N188="","",Q188+U188) | Z188: =IF(N188="","",R188+V188)
A189: =IFERROR( VLOOKUP(A188+1,INDIRECT("'[" &Info!$B$4&"]"&Info!$B$5&"'!$A$6:$A$1000"),1,0),"") | C189: =IFERROR( IF(A189="","", VLOOKUP(A189,INDIRECT("'[" &Info!$B$4&"]"&Info!$B$5&"'!$A$6:$D$1000"),3,0)),"") | D189: =IF(C189="","", VLOOKUP(A189,INDIRECT("'[" &Info!$B$4&"]"&Info!$B$5&"'!$A$6:$T$1000"),20,0)) | E189: =IF(D189="","", VLOOKUP(A189,INDIRECT("'[" &Info!$B$4&"]"&Info!$B$5&"'!$A$6:$U$1000"),21,0)) | F189: =IF(D189="","", VLOOKUP(A189,INDIRECT("'[" &Info!$B$4&"]"&Info!$B$5&"'!$A$6:$U$1000"),21,0)) | G189: =IF(D189="","", VLOOKUP(A189,INDIRECT("'[" &Info!$B$4&"]"&Info!$B$5&"'!$A$6:$V$1000"),22,0)) | H189: =IF(D189="","", VLOOKUP(A189,INDIRECT("'[" &Info!$B$4&"]"&Info!$B$5&"'!$A$6:$W$1000"),23,0)) | I189: =LOWER( IF(D189="","", VLOOKUP(A189,INDIRECT("'[" &Info!$B$4&"]"&Info!$B$5&"'!$A$6:$y$1000"),25,0))) | J189: =IF(D189="","", VLOOKUP(A189,INDIRECT("'[" &Info!$B$4&"]"&Info!$B$5&"'!$A$6:$Z$1000"),26,0)) | K189: =IF(D189="","", VLOOKUP(A189,INDIRECT("'[" &Info!$B$4&"]"&Info!$B$5&"'!$A$6:$AA$1000"),27,0)) | L189: =IF(D189="","", VLOOKUP(A189,INDIRECT("'[" &Info!$B$4&"]"&Info!$B$5&"'!$A$6:$H$1000"),8,0)) | M189: =IF(D189="","", VLOOKUP(A189,INDIRECT("'[" &Info!$B$4&"]"&Info!$B$5&"'!$A$6:$F$1000"),6,0)) | N189: =IF(C189="","", VLOOKUP(A189,INDIRECT("'[" &Info!$B$4&"]"&Info!$B$5&"'!$A$6:$Au$1000"),47,0)) | O189: =IF(N189="","",IF(N189=0,0,VLOOKUP(A189,INDIRECT("'[" &Info!$B$4&"]"&Info!$B$5&"'!$A$6:$AH$1000"),34,0))) | P189: =IF(N189="","",IF(N189=0,0,VLOOKUP(A189,INDIRECT("'[" &Info!$B$4&"]"&Info!$B$5&"'!$A$6:$AW$1000"),49,0))) | Q189: =IF(N189="","",IF(N189=0,0, VLOOKUP(A189,INDIRECT("'[" &Info!$B$4&"]"&Info!$B$5&"'!$A$6:$AX$1000"),50,0))) | R189: =IF(N189="","",IF(N189=0,0, VLOOKUP(A189,INDIRECT("'[" &Info!$B$4&"]"&Info!$B$5&"'!$A$6:$AY$1000"),51,0))) | S189: =IF(N189="","",IF(N189=0,0,VLOOKUP(A189,INDIRECT("'[" &Info!$B$4&"]"&Info!$B$5&"'!$A$6:$Ai$1000"),35,0))) | T189: =IF(N189="","",IF(N189=0,0, VLOOKUP(A189,INDIRECT("'[" &Info!$B$4&"]"&Info!$B$5&"'!$A$6:$Az$1000"),52,0))) | U189: =IF(N189="","",IF(N189=0,0, VLOOKUP(A189,INDIRECT("'[" &Info!$B$4&"]"&Info!$B$5&"'!$A$6:$BA$1000"),53,0))) | V189: =IF(N189="","",IF(N189=0,0, VLOOKUP(A189,INDIRECT("'[" &Info!$B$4&"]"&Info!$B$5&"'!$A$6:$BB$1000"),54,0))) | W189: =IF(N189="","",O189+S189) | X189: =IF(N189="","",P189+T189) | Y189: =IF(N189="","",Q189+U189) | Z189: =IF(N189="","",R189+V189)
A190: =IFERROR( VLOOKUP(A189+1,INDIRECT("'[" &Info!$B$4&"]"&Info!$B$5&"'!$A$6:$A$1000"),1,0),"") | C190: =IFERROR( IF(A190="","", VLOOKUP(A190,INDIRECT("'[" &Info!$B$4&"]"&Info!$B$5&"'!$A$6:$D$1000"),3,0)),"") | D190: =IF(C190="","", VLOOKUP(A190,INDIRECT("'[" &Info!$B$4&"]"&Info!$B$5&"'!$A$6:$T$1000"),20,0)) | E190: =IF(D190="","", VLOOKUP(A190,INDIRECT("'[" &Info!$B$4&"]"&Info!$B$5&"'!$A$6:$U$1000"),21,0)) | F190: =IF(D190="","", VLOOKUP(A190,INDIRECT("'[" &Info!$B$4&"]"&Info!$B$5&"'!$A$6:$U$1000"),21,0)) | G190: =IF(D190="","", VLOOKUP(A190,INDIRECT("'[" &Info!$B$4&"]"&Info!$B$5&"'!$A$6:$V$1000"),22,0)) | H190: =IF(D190="","", VLOOKUP(A190,INDIRECT("'[" &Info!$B$4&"]"&Info!$B$5&"'!$A$6:$W$1000"),23,0)) | I190: =LOWER( IF(D190="","", VLOOKUP(A190,INDIRECT("'[" &Info!$B$4&"]"&Info!$B$5&"'!$A$6:$y$1000"),25,0))) | J190: =IF(D190="","", VLOOKUP(A190,INDIRECT("'[" &Info!$B$4&"]"&Info!$B$5&"'!$A$6:$Z$1000"),26,0)) | K190: =IF(D190="","", VLOOKUP(A190,INDIRECT("'[" &Info!$B$4&"]"&Info!$B$5&"'!$A$6:$AA$1000"),27,0)) | L190: =IF(D190="","", VLOOKUP(A190,INDIRECT("'[" &Info!$B$4&"]"&Info!$B$5&"'!$A$6:$H$1000"),8,0)) | M190: =IF(D190="","", VLOOKUP(A190,INDIRECT("'[" &Info!$B$4&"]"&Info!$B$5&"'!$A$6:$F$1000"),6,0)) | N190: =IF(C190="","", VLOOKUP(A190,INDIRECT("'[" &Info!$B$4&"]"&Info!$B$5&"'!$A$6:$Au$1000"),47,0)) | O190: =IF(N190="","",IF(N190=0,0,VLOOKUP(A190,INDIRECT("'[" &Info!$B$4&"]"&Info!$B$5&"'!$A$6:$AH$1000"),34,0))) | P190: =IF(N190="","",IF(N190=0,0,VLOOKUP(A190,INDIRECT("'[" &Info!$B$4&"]"&Info!$B$5&"'!$A$6:$AW$1000"),49,0))) | Q190: =IF(N190="","",IF(N190=0,0, VLOOKUP(A190,INDIRECT("'[" &Info!$B$4&"]"&Info!$B$5&"'!$A$6:$AX$1000"),50,0))) | R190: =IF(N190="","",IF(N190=0,0, VLOOKUP(A190,INDIRECT("'[" &Info!$B$4&"]"&Info!$B$5&"'!$A$6:$AY$1000"),51,0))) | S190: =IF(N190="","",IF(N190=0,0,VLOOKUP(A190,INDIRECT("'[" &Info!$B$4&"]"&Info!$B$5&"'!$A$6:$Ai$1000"),35,0))) | T190: =IF(N190="","",IF(N190=0,0, VLOOKUP(A190,INDIRECT("'[" &Info!$B$4&"]"&Info!$B$5&"'!$A$6:$Az$1000"),52,0))) | U190: =IF(N190="","",IF(N190=0,0, VLOOKUP(A190,INDIRECT("'[" &Info!$B$4&"]"&Info!$B$5&"'!$A$6:$BA$1000"),53,0))) | V190: =IF(N190="","",IF(N190=0,0, VLOOKUP(A190,INDIRECT("'[" &Info!$B$4&"]"&Info!$B$5&"'!$A$6:$BB$1000"),54,0))) | W190: =IF(N190="","",O190+S190) | X190: =IF(N190="","",P190+T190) | Y190: =IF(N190="","",Q190+U190) | Z190: =IF(N190="","",R190+V190)
A191: =IFERROR( VLOOKUP(A190+1,INDIRECT("'[" &Info!$B$4&"]"&Info!$B$5&"'!$A$6:$A$1000"),1,0),"") | C191: =IFERROR( IF(A191="","", VLOOKUP(A191,INDIRECT("'[" &Info!$B$4&"]"&Info!$B$5&"'!$A$6:$D$1000"),3,0)),"") | D191: =IF(C191="","", VLOOKUP(A191,INDIRECT("'[" &Info!$B$4&"]"&Info!$B$5&"'!$A$6:$T$1000"),20,0)) | E191: =IF(D191="","", VLOOKUP(A191,INDIRECT("'[" &Info!$B$4&"]"&Info!$B$5&"'!$A$6:$U$1000"),21,0)) | F191: =IF(D191="","", VLOOKUP(A191,INDIRECT("'[" &Info!$B$4&"]"&Info!$B$5&"'!$A$6:$U$1000"),21,0)) | G191: =IF(D191="","", VLOOKUP(A191,INDIRECT("'[" &Info!$B$4&"]"&Info!$B$5&"'!$A$6:$V$1000"),22,0)) | H191: =IF(D191="","", VLOOKUP(A191,INDIRECT("'[" &Info!$B$4&"]"&Info!$B$5&"'!$A$6:$W$1000"),23,0)) | I191: =LOWER( IF(D191="","", VLOOKUP(A191,INDIRECT("'[" &Info!$B$4&"]"&Info!$B$5&"'!$A$6:$y$1000"),25,0))) | J191: =IF(D191="","", VLOOKUP(A191,INDIRECT("'[" &Info!$B$4&"]"&Info!$B$5&"'!$A$6:$Z$1000"),26,0)) | K191: =IF(D191="","", VLOOKUP(A191,INDIRECT("'[" &Info!$B$4&"]"&Info!$B$5&"'!$A$6:$AA$1000"),27,0)) | L191: =IF(D191="","", VLOOKUP(A191,INDIRECT("'[" &Info!$B$4&"]"&Info!$B$5&"'!$A$6:$H$1000"),8,0)) | M191: =IF(D191="","", VLOOKUP(A191,INDIRECT("'[" &Info!$B$4&"]"&Info!$B$5&"'!$A$6:$F$1000"),6,0)) | N191: =IF(C191="","", VLOOKUP(A191,INDIRECT("'[" &Info!$B$4&"]"&Info!$B$5&"'!$A$6:$Au$1000"),47,0)) | O191: =IF(N191="","",IF(N191=0,0,VLOOKUP(A191,INDIRECT("'[" &Info!$B$4&"]"&Info!$B$5&"'!$A$6:$AH$1000"),34,0))) | P191: =IF(N191="","",IF(N191=0,0,VLOOKUP(A191,INDIRECT("'[" &Info!$B$4&"]"&Info!$B$5&"'!$A$6:$AW$1000"),49,0))) | Q191: =IF(N191="","",IF(N191=0,0, VLOOKUP(A191,INDIRECT("'[" &Info!$B$4&"]"&Info!$B$5&"'!$A$6:$AX$1000"),50,0))) | R191: =IF(N191="","",IF(N191=0,0, VLOOKUP(A191,INDIRECT("'[" &Info!$B$4&"]"&Info!$B$5&"'!$A$6:$AY$1000"),51,0))) | S191: =IF(N191="","",IF(N191=0,0,VLOOKUP(A191,INDIRECT("'[" &Info!$B$4&"]"&Info!$B$5&"'!$A$6:$Ai$1000"),35,0))) | T191: =IF(N191="","",IF(N191=0,0, VLOOKUP(A191,INDIRECT("'[" &Info!$B$4&"]"&Info!$B$5&"'!$A$6:$Az$1000"),52,0))) | U191: =IF(N191="","",IF(N191=0,0, VLOOKUP(A191,INDIRECT("'[" &Info!$B$4&"]"&Info!$B$5&"'!$A$6:$BA$1000"),53,0))) | V191: =IF(N191="","",IF(N191=0,0, VLOOKUP(A191,INDIRECT("'[" &Info!$B$4&"]"&Info!$B$5&"'!$A$6:$BB$1000"),54,0))) | W191: =IF(N191="","",O191+S191) | X191: =IF(N191="","",P191+T191) | Y191: =IF(N191="","",Q191+U191) | Z191: =IF(N191="","",R191+V191)
A192: =IFERROR( VLOOKUP(A191+1,INDIRECT("'[" &Info!$B$4&"]"&Info!$B$5&"'!$A$6:$A$1000"),1,0),"") | C192: =IFERROR( IF(A192="","", VLOOKUP(A192,INDIRECT("'[" &Info!$B$4&"]"&Info!$B$5&"'!$A$6:$D$1000"),3,0)),"") | D192: =IF(C192="","", VLOOKUP(A192,INDIRECT("'[" &Info!$B$4&"]"&Info!$B$5&"'!$A$6:$T$1000"),20,0)) | E192: =IF(D192="","", VLOOKUP(A192,INDIRECT("'[" &Info!$B$4&"]"&Info!$B$5&"'!$A$6:$U$1000"),21,0)) | F192: =IF(D192="","", VLOOKUP(A192,INDIRECT("'[" &Info!$B$4&"]"&Info!$B$5&"'!$A$6:$U$1000"),21,0)) | G192: =IF(D192="","", VLOOKUP(A192,INDIRECT("'[" &Info!$B$4&"]"&Info!$B$5&"'!$A$6:$V$1000"),22,0)) | H192: =IF(D192="","", VLOOKUP(A192,INDIRECT("'[" &Info!$B$4&"]"&Info!$B$5&"'!$A$6:$W$1000"),23,0)) | I192: =LOWER( IF(D192="","", VLOOKUP(A192,INDIRECT("'[" &Info!$B$4&"]"&Info!$B$5&"'!$A$6:$y$1000"),25,0))) | J192: =IF(D192="","", VLOOKUP(A192,INDIRECT("'[" &Info!$B$4&"]"&Info!$B$5&"'!$A$6:$Z$1000"),26,0)) | K192: =IF(D192="","", VLOOKUP(A192,INDIRECT("'[" &Info!$B$4&"]"&Info!$B$5&"'!$A$6:$AA$1000"),27,0)) | L192: =IF(D192="","", VLOOKUP(A192,INDIRECT("'[" &Info!$B$4&"]"&Info!$B$5&"'!$A$6:$H$1000"),8,0)) | M192: =IF(D192="","", VLOOKUP(A192,INDIRECT("'[" &Info!$B$4&"]"&Info!$B$5&"'!$A$6:$F$1000"),6,0)) | N192: =IF(C192="","", VLOOKUP(A192,INDIRECT("'[" &Info!$B$4&"]"&Info!$B$5&"'!$A$6:$Au$1000"),47,0)) | O192: =IF(N192="","",IF(N192=0,0,VLOOKUP(A192,INDIRECT("'[" &Info!$B$4&"]"&Info!$B$5&"'!$A$6:$AH$1000"),34,0))) | P192: =IF(N192="","",IF(N192=0,0,VLOOKUP(A192,INDIRECT("'[" &Info!$B$4&"]"&Info!$B$5&"'!$A$6:$AW$1000"),49,0))) | Q192: =IF(N192="","",IF(N192=0,0, VLOOKUP(A192,INDIRECT("'[" &Info!$B$4&"]"&Info!$B$5&"'!$A$6:$AX$1000"),50,0))) | R192: =IF(N192="","",IF(N192=0,0, VLOOKUP(A192,INDIRECT("'[" &Info!$B$4&"]"&Info!$B$5&"'!$A$6:$AY$1000"),51,0))) | S192: =IF(N192="","",IF(N192=0,0,VLOOKUP(A192,INDIRECT("'[" &Info!$B$4&"]"&Info!$B$5&"'!$A$6:$Ai$1000"),35,0))) | T192: =IF(N192="","",IF(N192=0,0, VLOOKUP(A192,INDIRECT("'[" &Info!$B$4&"]"&Info!$B$5&"'!$A$6:$Az$1000"),52,0))) | U192: =IF(N192="","",IF(N192=0,0, VLOOKUP(A192,INDIRECT("'[" &Info!$B$4&"]"&Info!$B$5&"'!$A$6:$BA$1000"),53,0))) | V192: =IF(N192="","",IF(N192=0,0, VLOOKUP(A192,INDIRECT("'[" &Info!$B$4&"]"&Info!$B$5&"'!$A$6:$BB$1000"),54,0))) | W192: =IF(N192="","",O192+S192) | X192: =IF(N192="","",P192+T192) | Y192: =IF(N192="","",Q192+U192) | Z192: =IF(N192="","",R192+V192)
A193: =IFERROR( VLOOKUP(A192+1,INDIRECT("'[" &Info!$B$4&"]"&Info!$B$5&"'!$A$6:$A$1000"),1,0),"") | C193: =IFERROR( IF(A193="","", VLOOKUP(A193,INDIRECT("'[" &Info!$B$4&"]"&Info!$B$5&"'!$A$6:$D$1000"),3,0)),"") | D193: =IF(C193="","", VLOOKUP(A193,INDIRECT("'[" &Info!$B$4&"]"&Info!$B$5&"'!$A$6:$T$1000"),20,0)) | E193: =IF(D193="","", VLOOKUP(A193,INDIRECT("'[" &Info!$B$4&"]"&Info!$B$5&"'!$A$6:$U$1000"),21,0)) | F193: =IF(D193="","", VLOOKUP(A193,INDIRECT("'[" &Info!$B$4&"]"&Info!$B$5&"'!$A$6:$U$1000"),21,0)) | G193: =IF(D193="","", VLOOKUP(A193,INDIRECT("'[" &Info!$B$4&"]"&Info!$B$5&"'!$A$6:$V$1000"),22,0)) | H193: =IF(D193="","", VLOOKUP(A193,INDIRECT("'[" &Info!$B$4&"]"&Info!$B$5&"'!$A$6:$W$1000"),23,0)) | I193: =LOWER( IF(D193="","", VLOOKUP(A193,INDIRECT("'[" &Info!$B$4&"]"&Info!$B$5&"'!$A$6:$y$1000"),25,0))) | J193: =IF(D193="","", VLOOKUP(A193,INDIRECT("'[" &Info!$B$4&"]"&Info!$B$5&"'!$A$6:$Z$1000"),26,0)) | K193: =IF(D193="","", VLOOKUP(A193,INDIRECT("'[" &Info!$B$4&"]"&Info!$B$5&"'!$A$6:$AA$1000"),27,0)) | L193: =IF(D193="","", VLOOKUP(A193,INDIRECT("'[" &Info!$B$4&"]"&Info!$B$5&"'!$A$6:$H$1000"),8,0)) | M193: =IF(D193="","", VLOOKUP(A193,INDIRECT("'[" &Info!$B$4&"]"&Info!$B$5&"'!$A$6:$F$1000"),6,0)) | N193: =IF(C193="","", VLOOKUP(A193,INDIRECT("'[" &Info!$B$4&"]"&Info!$B$5&"'!$A$6:$Au$1000"),47,0)) | O193: =IF(N193="","",IF(N193=0,0,VLOOKUP(A193,INDIRECT("'[" &Info!$B$4&"]"&Info!$B$5&"'!$A$6:$AH$1000"),34,0))) | P193: =IF(N193="","",IF(N193=0,0,VLOOKUP(A193,INDIRECT("'[" &Info!$B$4&"]"&Info!$B$5&"'!$A$6:$AW$1000"),49,0))) | Q193: =IF(N193="","",IF(N193=0,0, VLOOKUP(A193,INDIRECT("'[" &Info!$B$4&"]"&Info!$B$5&"'!$A$6:$AX$1000"),50,0))) | R193: =IF(N193="","",IF(N193=0,0, VLOOKUP(A193,INDIRECT("'[" &Info!$B$4&"]"&Info!$B$5&"'!$A$6:$AY$1000"),51,0))) | S193: =IF(N193="","",IF(N193=0,0,VLOOKUP(A193,INDIRECT("'[" &Info!$B$4&"]"&Info!$B$5&"'!$A$6:$Ai$1000"),35,0))) | T193: =IF(N193="","",IF(N193=0,0, VLOOKUP(A193,INDIRECT("'[" &Info!$B$4&"]"&Info!$B$5&"'!$A$6:$Az$1000"),52,0))) | U193: =IF(N193="","",IF(N193=0,0, VLOOKUP(A193,INDIRECT("'[" &Info!$B$4&"]"&Info!$B$5&"'!$A$6:$BA$1000"),53,0))) | V193: =IF(N193="","",IF(N193=0,0, VLOOKUP(A193,INDIRECT("'[" &Info!$B$4&"]"&Info!$B$5&"'!$A$6:$BB$1000"),54,0))) | W193: =IF(N193="","",O193+S193) | X193: =IF(N193="","",P193+T193) | Y193: =IF(N193="","",Q193+U193) | Z193: =IF(N193="","",R193+V193)
A194: =IFERROR( VLOOKUP(A193+1,INDIRECT("'[" &Info!$B$4&"]"&Info!$B$5&"'!$A$6:$A$1000"),1,0),"") | C194: =IFERROR( IF(A194="","", VLOOKUP(A194,INDIRECT("'[" &Info!$B$4&"]"&Info!$B$5&"'!$A$6:$D$1000"),3,0)),"") | D194: =IF(C194="","", VLOOKUP(A194,INDIRECT("'[" &Info!$B$4&"]"&Info!$B$5&"'!$A$6:$T$1000"),20,0)) | E194: =IF(D194="","", VLOOKUP(A194,INDIRECT("'[" &Info!$B$4&"]"&Info!$B$5&"'!$A$6:$U$1000"),21,0)) | F194: =IF(D194="","", VLOOKUP(A194,INDIRECT("'[" &Info!$B$4&"]"&Info!$B$5&"'!$A$6:$U$1000"),21,0)) | G194: =IF(D194="","", VLOOKUP(A194,INDIRECT("'[" &Info!$B$4&"]"&Info!$B$5&"'!$A$6:$V$1000"),22,0)) | H194: =IF(D194="","", VLOOKUP(A194,INDIRECT("'[" &Info!$B$4&"]"&Info!$B$5&"'!$A$6:$W$1000"),23,0)) | I194: =LOWER( IF(D194="","", VLOOKUP(A194,INDIRECT("'[" &Info!$B$4&"]"&Info!$B$5&"'!$A$6:$y$1000"),25,0))) | J194: =IF(D194="","", VLOOKUP(A194,INDIRECT("'[" &Info!$B$4&"]"&Info!$B$5&"'!$A$6:$Z$1000"),26,0)) | K194: =IF(D194="","", VLOOKUP(A194,INDIRECT("'[" &Info!$B$4&"]"&Info!$B$5&"'!$A$6:$AA$1000"),27,0)) | L194: =IF(D194="","", VLOOKUP(A194,INDIRECT("'[" &Info!$B$4&"]"&Info!$B$5&"'!$A$6:$H$1000"),8,0)) | M194: =IF(D194="","", VLOOKUP(A194,INDIRECT("'[" &Info!$B$4&"]"&Info!$B$5&"'!$A$6:$F$1000"),6,0)) | N194: =IF(C194="","", VLOOKUP(A194,INDIRECT("'[" &Info!$B$4&"]"&Info!$B$5&"'!$A$6:$Au$1000"),47,0)) | O194: =IF(N194="","",IF(N194=0,0,VLOOKUP(A194,INDIRECT("'[" &Info!$B$4&"]"&Info!$B$5&"'!$A$6:$AH$1000"),34,0))) | P194: =IF(N194="","",IF(N194=0,0,VLOOKUP(A194,INDIRECT("'[" &Info!$B$4&"]"&Info!$B$5&"'!$A$6:$AW$1000"),49,0))) | Q194: =IF(N194="","",IF(N194=0,0, VLOOKUP(A194,INDIRECT("'[" &Info!$B$4&"]"&Info!$B$5&"'!$A$6:$AX$1000"),50,0))) | R194: =IF(N194="","",IF(N194=0,0, VLOOKUP(A194,INDIRECT("'[" &Info!$B$4&"]"&Info!$B$5&"'!$A$6:$AY$1000"),51,0))) | S194: =IF(N194="","",IF(N194=0,0,VLOOKUP(A194,INDIRECT("'[" &Info!$B$4&"]"&Info!$B$5&"'!$A$6:$Ai$1000"),35,0))) | T194: =IF(N194="","",IF(N194=0,0, VLOOKUP(A194,INDIRECT("'[" &Info!$B$4&"]"&Info!$B$5&"'!$A$6:$Az$1000"),52,0))) | U194: =IF(N194="","",IF(N194=0,0, VLOOKUP(A194,INDIRECT("'[" &Info!$B$4&"]"&Info!$B$5&"'!$A$6:$BA$1000"),53,0))) | V194: =IF(N194="","",IF(N194=0,0, VLOOKUP(A194,INDIRECT("'[" &Info!$B$4&"]"&Info!$B$5&"'!$A$6:$BB$1000"),54,0))) | W194: =IF(N194="","",O194+S194) | X194: =IF(N194="","",P194+T194) | Y194: =IF(N194="","",Q194+U194) | Z194: =IF(N194="","",R194+V194)
A195: =IFERROR( VLOOKUP(A194+1,INDIRECT("'[" &Info!$B$4&"]"&Info!$B$5&"'!$A$6:$A$1000"),1,0),"") | C195: =IFERROR( IF(A195="","", VLOOKUP(A195,INDIRECT("'[" &Info!$B$4&"]"&Info!$B$5&"'!$A$6:$D$1000"),3,0)),"") | D195: =IF(C195="","", VLOOKUP(A195,INDIRECT("'[" &Info!$B$4&"]"&Info!$B$5&"'!$A$6:$T$1000"),20,0)) | E195: =IF(D195="","", VLOOKUP(A195,INDIRECT("'[" &Info!$B$4&"]"&Info!$B$5&"'!$A$6:$U$1000"),21,0)) | F195: =IF(D195="","", VLOOKUP(A195,INDIRECT("'[" &Info!$B$4&"]"&Info!$B$5&"'!$A$6:$U$1000"),21,0)) | G195: =IF(D195="","", VLOOKUP(A195,INDIRECT("'[" &Info!$B$4&"]"&Info!$B$5&"'!$A$6:$V$1000"),22,0)) | H195: =IF(D195="","", VLOOKUP(A195,INDIRECT("'[" &Info!$B$4&"]"&Info!$B$5&"'!$A$6:$W$1000"),23,0)) | I195: =LOWER( IF(D195="","", VLOOKUP(A195,INDIRECT("'[" &Info!$B$4&"]"&Info!$B$5&"'!$A$6:$y$1000"),25,0))) | J195: =IF(D195="","", VLOOKUP(A195,INDIRECT("'[" &Info!$B$4&"]"&Info!$B$5&"'!$A$6:$Z$1000"),26,0)) | K195: =IF(D195="","", VLOOKUP(A195,INDIRECT("'[" &Info!$B$4&"]"&Info!$B$5&"'!$A$6:$AA$1000"),27,0)) | L195: =IF(D195="","", VLOOKUP(A195,INDIRECT("'[" &Info!$B$4&"]"&Info!$B$5&"'!$A$6:$H$1000"),8,0)) | M195: =IF(D195="","", VLOOKUP(A195,INDIRECT("'[" &Info!$B$4&"]"&Info!$B$5&"'!$A$6:$F$1000"),6,0)) | N195: =IF(C195="","", VLOOKUP(A195,INDIRECT("'[" &Info!$B$4&"]"&Info!$B$5&"'!$A$6:$Au$1000"),47,0)) | O195: =IF(N195="","",IF(N195=0,0,VLOOKUP(A195,INDIRECT("'[" &Info!$B$4&"]"&Info!$B$5&"'!$A$6:$AH$1000"),34,0))) | P195: =IF(N195="","",IF(N195=0,0,VLOOKUP(A195,INDIRECT("'[" &Info!$B$4&"]"&Info!$B$5&"'!$A$6:$AW$1000"),49,0))) | Q195: =IF(N195="","",IF(N195=0,0, VLOOKUP(A195,INDIRECT("'[" &Info!$B$4&"]"&Info!$B$5&"'!$A$6:$AX$1000"),50,0))) | R195: =IF(N195="","",IF(N195=0,0, VLOOKUP(A195,INDIRECT("'[" &Info!$B$4&"]"&Info!$B$5&"'!$A$6:$AY$1000"),51,0))) | S195: =IF(N195="","",IF(N195=0,0,VLOOKUP(A195,INDIRECT("'[" &Info!$B$4&"]"&Info!$B$5&"'!$A$6:$Ai$1000"),35,0))) | T195: =IF(N195="","",IF(N195=0,0, VLOOKUP(A195,INDIRECT("'[" &Info!$B$4&"]"&Info!$B$5&"'!$A$6:$Az$1000"),52,0))) | U195: =IF(N195="","",IF(N195=0,0, VLOOKUP(A195,INDIRECT("'[" &Info!$B$4&"]"&Info!$B$5&"'!$A$6:$BA$1000"),53,0))) | V195: =IF(N195="","",IF(N195=0,0, VLOOKUP(A195,INDIRECT("'[" &Info!$B$4&"]"&Info!$B$5&"'!$A$6:$BB$1000"),54,0))) | W195: =IF(N195="","",O195+S195) | X195: =IF(N195="","",P195+T195) | Y195: =IF(N195="","",Q195+U195) | Z195: =IF(N195="","",R195+V195)
A196: =IFERROR( VLOOKUP(A195+1,INDIRECT("'[" &Info!$B$4&"]"&Info!$B$5&"'!$A$6:$A$1000"),1,0),"") | C196: =IFERROR( IF(A196="","", VLOOKUP(A196,INDIRECT("'[" &Info!$B$4&"]"&Info!$B$5&"'!$A$6:$D$1000"),3,0)),"") | D196: =IF(C196="","", VLOOKUP(A196,INDIRECT("'[" &Info!$B$4&"]"&Info!$B$5&"'!$A$6:$T$1000"),20,0)) | E196: =IF(D196="","", VLOOKUP(A196,INDIRECT("'[" &Info!$B$4&"]"&Info!$B$5&"'!$A$6:$U$1000"),21,0)) | F196: =IF(D196="","", VLOOKUP(A196,INDIRECT("'[" &Info!$B$4&"]"&Info!$B$5&"'!$A$6:$U$1000"),21,0)) | G196: =IF(D196="","", VLOOKUP(A196,INDIRECT("'[" &Info!$B$4&"]"&Info!$B$5&"'!$A$6:$V$1000"),22,0)) | H196: =IF(D196="","", VLOOKUP(A196,INDIRECT("'[" &Info!$B$4&"]"&Info!$B$5&"'!$A$6:$W$1000"),23,0)) | I196: =LOWER( IF(D196="","", VLOOKUP(A196,INDIRECT("'[" &Info!$B$4&"]"&Info!$B$5&"'!$A$6:$y$1000"),25,0))) | J196: =IF(D196="","", VLOOKUP(A196,INDIRECT("'[" &Info!$B$4&"]"&Info!$B$5&"'!$A$6:$Z$1000"),26,0)) | K196: =IF(D196="","", VLOOKUP(A196,INDIRECT("'[" &Info!$B$4&"]"&Info!$B$5&"'!$A$6:$AA$1000"),27,0)) | L196: =IF(D196="","", VLOOKUP(A196,INDIRECT("'[" &Info!$B$4&"]"&Info!$B$5&"'!$A$6:$H$1000"),8,0)) | M196: =IF(D196="","", VLOOKUP(A196,INDIRECT("'[" &Info!$B$4&"]"&Info!$B$5&"'!$A$6:$F$1000"),6,0)) | N196: =IF(C196="","", VLOOKUP(A196,INDIRECT("'[" &Info!$B$4&"]"&Info!$B$5&"'!$A$6:$Au$1000"),47,0)) | O196: =IF(N196="","",IF(N196=0,0,VLOOKUP(A196,INDIRECT("'[" &Info!$B$4&"]"&Info!$B$5&"'!$A$6:$AH$1000"),34,0))) | P196: =IF(N196="","",IF(N196=0,0,VLOOKUP(A196,INDIRECT("'[" &Info!$B$4&"]"&Info!$B$5&"'!$A$6:$AW$1000"),49,0))) | Q196: =IF(N196="","",IF(N196=0,0, VLOOKUP(A196,INDIRECT("'[" &Info!$B$4&"]"&Info!$B$5&"'!$A$6:$AX$1000"),50,0))) | R196: =IF(N196="","",IF(N196=0,0, VLOOKUP(A196,INDIRECT("'[" &Info!$B$4&"]"&Info!$B$5&"'!$A$6:$AY$1000"),51,0))) | S196: =IF(N196="","",IF(N196=0,0,VLOOKUP(A196,INDIRECT("'[" &Info!$B$4&"]"&Info!$B$5&"'!$A$6:$Ai$1000"),35,0))) | T196: =IF(N196="","",IF(N196=0,0, VLOOKUP(A196,INDIRECT("'[" &Info!$B$4&"]"&Info!$B$5&"'!$A$6:$Az$1000"),52,0))) | U196: =IF(N196="","",IF(N196=0,0, VLOOKUP(A196,INDIRECT("'[" &Info!$B$4&"]"&Info!$B$5&"'!$A$6:$BA$1000"),53,0))) | V196: =IF(N196="","",IF(N196=0,0, VLOOKUP(A196,INDIRECT("'[" &Info!$B$4&"]"&Info!$B$5&"'!$A$6:$BB$1000"),54,0))) | W196: =IF(N196="","",O196+S196) | X196: =IF(N196="","",P196+T196) | Y196: =IF(N196="","",Q196+U196) | Z196: =IF(N196="","",R196+V196)
A197: =IFERROR( VLOOKUP(A196+1,INDIRECT("'[" &Info!$B$4&"]"&Info!$B$5&"'!$A$6:$A$1000"),1,0),"") | C197: =IFERROR( IF(A197="","", VLOOKUP(A197,INDIRECT("'[" &Info!$B$4&"]"&Info!$B$5&"'!$A$6:$D$1000"),3,0)),"") | D197: =IF(C197="","", VLOOKUP(A197,INDIRECT("'[" &Info!$B$4&"]"&Info!$B$5&"'!$A$6:$T$1000"),20,0)) | E197: =IF(D197="","", VLOOKUP(A197,INDIRECT("'[" &Info!$B$4&"]"&Info!$B$5&"'!$A$6:$U$1000"),21,0)) | F197: =IF(D197="","", VLOOKUP(A197,INDIRECT("'[" &Info!$B$4&"]"&Info!$B$5&"'!$A$6:$U$1000"),21,0)) | G197: =IF(D197="","", VLOOKUP(A197,INDIRECT("'[" &Info!$B$4&"]"&Info!$B$5&"'!$A$6:$V$1000"),22,0)) | H197: =IF(D197="","", VLOOKUP(A197,INDIRECT("'[" &Info!$B$4&"]"&Info!$B$5&"'!$A$6:$W$1000"),23,0)) | I197: =LOWER( IF(D197="","", VLOOKUP(A197,INDIRECT("'[" &Info!$B$4&"]"&Info!$B$5&"'!$A$6:$y$1000"),25,0))) | J197: =IF(D197="","", VLOOKUP(A197,INDIRECT("'[" &Info!$B$4&"]"&Info!$B$5&"'!$A$6:$Z$1000"),26,0)) | K197: =IF(D197="","", VLOOKUP(A197,INDIRECT("'[" &Info!$B$4&"]"&Info!$B$5&"'!$A$6:$AA$1000"),27,0)) | L197: =IF(D197="","", VLOOKUP(A197,INDIRECT("'[" &Info!$B$4&"]"&Info!$B$5&"'!$A$6:$H$1000"),8,0)) | M197: =IF(D197="","", VLOOKUP(A197,INDIRECT("'[" &Info!$B$4&"]"&Info!$B$5&"'!$A$6:$F$1000"),6,0)) | N197: =IF(C197="","", VLOOKUP(A197,INDIRECT("'[" &Info!$B$4&"]"&Info!$B$5&"'!$A$6:$Au$1000"),47,0)) | O197: =IF(N197="","",IF(N197=0,0,VLOOKUP(A197,INDIRECT("'[" &Info!$B$4&"]"&Info!$B$5&"'!$A$6:$AH$1000"),34,0))) | P197: =IF(N197="","",IF(N197=0,0,VLOOKUP(A197,INDIRECT("'[" &Info!$B$4&"]"&Info!$B$5&"'!$A$6:$AW$1000"),49,0))) | Q197: =IF(N197="","",IF(N197=0,0, VLOOKUP(A197,INDIRECT("'[" &Info!$B$4&"]"&Info!$B$5&"'!$A$6:$AX$1000"),50,0))) | R197: =IF(N197="","",IF(N197=0,0, VLOOKUP(A197,INDIRECT("'[" &Info!$B$4&"]"&Info!$B$5&"'!$A$6:$AY$1000"),51,0))) | S197: =IF(N197="","",IF(N197=0,0,VLOOKUP(A197,INDIRECT("'[" &Info!$B$4&"]"&Info!$B$5&"'!$A$6:$Ai$1000"),35,0))) | T197: =IF(N197="","",IF(N197=0,0, VLOOKUP(A197,INDIRECT("'[" &Info!$B$4&"]"&Info!$B$5&"'!$A$6:$Az$1000"),52,0))) | U197: =IF(N197="","",IF(N197=0,0, VLOOKUP(A197,INDIRECT("'[" &Info!$B$4&"]"&Info!$B$5&"'!$A$6:$BA$1000"),53,0))) | V197: =IF(N197="","",IF(N197=0,0, VLOOKUP(A197,INDIRECT("'[" &Info!$B$4&"]"&Info!$B$5&"'!$A$6:$BB$1000"),54,0))) | W197: =IF(N197="","",O197+S197) | X197: =IF(N197="","",P197+T197) | Y197: =IF(N197="","",Q197+U197) | Z197: =IF(N197="","",R197+V197)
A198: =IFERROR( VLOOKUP(A197+1,INDIRECT("'[" &Info!$B$4&"]"&Info!$B$5&"'!$A$6:$A$1000"),1,0),"") | C198: =IFERROR( IF(A198="","", VLOOKUP(A198,INDIRECT("'[" &Info!$B$4&"]"&Info!$B$5&"'!$A$6:$D$1000"),3,0)),"") | D198: =IF(C198="","", VLOOKUP(A198,INDIRECT("'[" &Info!$B$4&"]"&Info!$B$5&"'!$A$6:$T$1000"),20,0)) | E198: =IF(D198="","", VLOOKUP(A198,INDIRECT("'[" &Info!$B$4&"]"&Info!$B$5&"'!$A$6:$U$1000"),21,0)) | F198: =IF(D198="","", VLOOKUP(A198,INDIRECT("'[" &Info!$B$4&"]"&Info!$B$5&"'!$A$6:$U$1000"),21,0)) | G198: =IF(D198="","", VLOOKUP(A198,INDIRECT("'[" &Info!$B$4&"]"&Info!$B$5&"'!$A$6:$V$1000"),22,0)) | H198: =IF(D198="","", VLOOKUP(A198,INDIRECT("'[" &Info!$B$4&"]"&Info!$B$5&"'!$A$6:$W$1000"),23,0)) | I198: =LOWER( IF(D198="","", VLOOKUP(A198,INDIRECT("'[" &Info!$B$4&"]"&Info!$B$5&"'!$A$6:$y$1000"),25,0))) | J198: =IF(D198="","", VLOOKUP(A198,INDIRECT("'[" &Info!$B$4&"]"&Info!$B$5&"'!$A$6:$Z$1000"),26,0)) | K198: =IF(D198="","", VLOOKUP(A198,INDIRECT("'[" &Info!$B$4&"]"&Info!$B$5&"'!$A$6:$AA$1000"),27,0)) | L198: =IF(D198="","", VLOOKUP(A198,INDIRECT("'[" &Info!$B$4&"]"&Info!$B$5&"'!$A$6:$H$1000"),8,0)) | M198: =IF(D198="","", VLOOKUP(A198,INDIRECT("'[" &Info!$B$4&"]"&Info!$B$5&"'!$A$6:$F$1000"),6,0)) | N198: =IF(C198="","", VLOOKUP(A198,INDIRECT("'[" &Info!$B$4&"]"&Info!$B$5&"'!$A$6:$Au$1000"),47,0)) | O198: =IF(N198="","",IF(N198=0,0,VLOOKUP(A198,INDIRECT("'[" &Info!$B$4&"]"&Info!$B$5&"'!$A$6:$AH$1000"),34,0))) | P198: =IF(N198="","",IF(N198=0,0,VLOOKUP(A198,INDIRECT("'[" &Info!$B$4&"]"&Info!$B$5&"'!$A$6:$AW$1000"),49,0))) | Q198: =IF(N198="","",IF(N198=0,0, VLOOKUP(A198,INDIRECT("'[" &Info!$B$4&"]"&Info!$B$5&"'!$A$6:$AX$1000"),50,0))) | R198: =IF(N198="","",IF(N198=0,0, VLOOKUP(A198,INDIRECT("'[" &Info!$B$4&"]"&Info!$B$5&"'!$A$6:$AY$1000"),51,0))) | S198: =IF(N198="","",IF(N198=0,0,VLOOKUP(A198,INDIRECT("'[" &Info!$B$4&"]"&Info!$B$5&"'!$A$6:$Ai$1000"),35,0))) | T198: =IF(N198="","",IF(N198=0,0, VLOOKUP(A198,INDIRECT("'[" &Info!$B$4&"]"&Info!$B$5&"'!$A$6:$Az$1000"),52,0))) | U198: =IF(N198="","",IF(N198=0,0, VLOOKUP(A198,INDIRECT("'[" &Info!$B$4&"]"&Info!$B$5&"'!$A$6:$BA$1000"),53,0))) | V198: =IF(N198="","",IF(N198=0,0, VLOOKUP(A198,INDIRECT("'[" &Info!$B$4&"]"&Info!$B$5&"'!$A$6:$BB$1000"),54,0))) | W198: =IF(N198="","",O198+S198) | X198: =IF(N198="","",P198+T198) | Y198: =IF(N198="","",Q198+U198) | Z198: =IF(N198="","",R198+V198)

Sheet Info
A2: File name | B2: sx1 new
A3: File type | B3: xlsm
A4: File | B4: =CONCATENATE(B2,".",B3) -> sx1 new.xlsm
A5: Sheet | B5: 21.07
A6: Start column | B6: 8

Sheet Data
A1: BẢNG DỮ LIỆU KIỂM TRA TRƯỚC KHI UPLOAD PHẦN MỀM (NGÀY:21.07)
A2: STT | B2: Máy | C2: SP | D2: NL | O2: Ca 1 | S2: Ca 2 | W2: Tổng 2 ca
D3: Tên | E3: NCC | F3: OD | G3: ID | H3: Hình dạng | I3: Tiêu chuẩn | J3: Dài | K3: Lot | L3: TL | M3: Định mức | N3: Kho (CT) | O3: NL SD | P3: Oke | Q3: CXL | R3: PP | S3: NL SD | T3: Oke | U3: CXL | V3: PP | W3: NL SD | X3: Oke | Y3: CXL | Z3: PP
N4: 72 | O4: 532.5 | P4: 82866 | Q4: 5155 | R4: 2264 | S4: 454.5 | T4: 69947 | U4: 7457 | V4: 645 | W4: 987 | X4: 152813 | Y4: 12612 | Z4: 2909
A5: 1 | B5: C01 | C5: SM04 | D5: A6061-T6 | E5: GW | F5: 17 | G5: 0 | H5: D | I5: h9 | J5: 3 | K5: D17 | L5: 10.1 | M5: 70 | N5: 12 | O5: 13 | P5: 910 | Q5: 0 | R5: 0 | S5: 10 | T5: 683 | U5: 0 | V5: 0 | W5: 23 | X5: 1593 | Y5: 0 | Z5: 0
A6: 2 | B6: C02 | C6: 3201 | D6: C2700 | E6: YH | F6: YH | G6: 5.5 | H6: 0 | I6: h9 | J6: 3 | K6: A17 | L6: 1.076 | M6: 167 | N6: 12 | O6: 5 | P6: 747 | Q6: 0 | R6: 0 | S6: 5 | T6: 284 | U6: 0 | V6: 0 | W6: 10 | X6: 1031 | Y6: 0 | Z6: 0
A7: 3 | B7: C03 | C7: SM04 | D7: A6061-T6 | E7: GW | F7: GW | G7: 17 | H7: 0 | I7: h9 | J7: 3 | K7: D17 | L7: 10.1 | M7: 70 | N7: 12 | O7: 14 | P7: 831 | Q7: 0 | R7: 0 | S7: 0 | T7: 0 | U7: 0 | V7: 0 | W7: 14 | X7: 831 | Y7: 0 | Z7: 0
A8: 4 | B8: C04 | C8: 1501 | D8: 12L14 | E8: LT | F8: LT | G8: 11 | H8: 0 | I8: h9 | J8: 3 | K8: A17 | L8: 2.02 | M8: 0 | N8: 0 | O8: 0 | P8: 0 | Q8: 0 | R8: 0 | S8: 0 | T8: 0 | U8: 0 | V8: 0 | W8: 0 | X8: 0 | Y8: 0 | Z8: 0
A9: 5 | B9: C05 | C9: SC6 | D9: 12L14 | E9: TV | F9: TV | G9: 5.97 | H9: 0 | I9: h9 | J9: 3 | K9: A17 | L9: 4.65 | M9: 38 | N9: 12 | O9: 1 | P9: 0 | Q9: 0 | R9: 204 | S9: 0 | T9: 0 | U9: 0 | V9: 0 | W9: 1 | X9: 0 | Y9: 0 | Z9: 204
A10: 6 | B10: C06 | C10: 10620 | D10: C3604 | E10: GH | F10: GH | G10: 10 | H10: 0 | I10: h9 | J10: 2.5 | K10: B17 | L10: 7.4 | M10: 104 | N10: 0 | O10: 0 | P10: 0 | Q10: 0 | R10: 0 | S10: 0 | T10: 0 | U10: 0 | V10: 0 | W10: 0 | X10: 0 | Y10: 0 | Z10: 0
A11: 7 | B11: C07 | C11: SC5 | D11: 12L14 | E11: LT | F11: LT | G11: 6 | H11: 0 | I11: h9 | J11: 3 | K11: A17 | L11: 4.55 | M11: 48 | N11: 0 | O11: 0 | P11: 0 | Q11: 0 | R11: 0 | S11: 0 | T11: 0 | U11: 0 | V11: 0 | W11: 0 | X11: 0 | Y11: 0 | Z11: 0
A12: 8 | B12: C08 | C12: 15106 | D12: C3604 | E12: YH | F12: YH | G12: 14 | H12: 0 | I12: h9 | J12: 3 | K12: E16 | L12: 2.84 | M12: 491 | N12: 7 | O12: 3 | P12: 1098 | Q12: 200 | R12: 0 | S12: 3 | T12: 1241 | U12: 68 | V12: 425 | W12: 6 | X12: 2339 | Y12: 268 | Z12: 425
A13: 9 | B13: C09 | C13: 131100 | D13: A6063-T5 | E13: GW | F13: GW | G13: 18.15 | H13: 8.6 | I13: h9 | J13: 3 | K13: J17 | L13: 9.9 | M13: 70 | N13: 12 | O13: 2 | P13: 323 | Q13: 92 | R13: 0 | S13: 0 | T13: 0 | U13: 0 | V13: 0 | W13: 2 | X13: 323 | Y13: 92 | Z13: 0
A14: 10 | B14: C10 | C14: 131100 | D14: A6063-T5 | E14: GW | F14: GW | G14: 18.15 | H14: 8.6 | I14: h9 | J14: 3 | K14: J17 | L14: 9.9 | M14: 70 | N14: 12 | O14: 8 | P14: 515 | Q14: 0 | R14: 119 | S14: 7 | T14: 414 | U14: 0 | V14: 49 | W14: 15 | X14: 929 | Y14: 0 | Z14: 168
A15: 11 | B15: C11 | C15: 31100 | D15: A6063-T5 | E15: GW | F15: GW | G15: 18.15 | H15: 8.6 | I15: h9 | J15: 3 | K15: J17 | L15: 7.7 | M15: 91 | N15: 12 | O15: 7 | P15: 662 | Q15: 0 | R15: 0 | S15: 6 | T15: 545 | U15: 0 | V15: 0 | W15: 13 | X15: 1207 | Y15: 0 | Z15: 0
A16: 12 | B16: C12 | C16: 000003 | D16: 12L14 | E16: LT | F16: LT | G16: 12 | H16: 0 | I16: h9 | J16: 3 | K16: B17 | L16: 9.413 | M16: 118 | N16: 12 | O16: 10 | P16: 1026 | Q16: 53 | R16: 0 | S16: 8 | T16: 934 | U16: 0 | V16: 0 | W16: 18 | X16: 1960 | Y16: 53 | Z16: 0
A17: 13 | B17: C12B | C17: SM02 | D17: A6063-T5 | E17: GW | F17: GW | G17: 15 | H17: 8.6 | I17: h9 | J17: 3 | K17: F17 | L17: 3.03 | M17: 168 | N17: 12 | O17: 14 | P17: 2112 | Q17: 0 | R17: 0 | S17: 14 | T17: 2244 | U17: 0 | V17: 0 | W17: 28 | X17: 4356 | Y17: 0 | Z17: 0
A18: 14 | B18: C14 | C18: H2739 | D18: C3604 | E18: GH | F18: GH | G18: 10 | H18: 0 | I18: h11 | J18: 2.5 | K18: D17 | L18: 5.86 | M18: 80 | N18: 12 | O18: 8 | P18: 615 | Q18: 0 | R18: 0 | S18: 14 | T18: 1133 | U18: 0 | V18: 0 | W18: 22 | X18: 1748 | Y18: 0 | Z18: 0
A19: 15 | B19: C15 | C19: A2 3000 | D19: SUS303Cu | E19: ME | F19: ME | G19: 6 | H19: 0 | I19: h9 | J19: 3 | K19: A17 | L19: 6.9 | M19: 51 | N19: 0 | O19: 0 | P19: 0 | Q19: 0 | R19: 0 | S19: 0 | T19: 0 | U19: 0 | V19: 0 | W19: 0 | X19: 0 | Y19: 0 | Z19: 0
A20: 16 | B20: C16 | C20: 0604 | D20: C3604 | E20: GH | F20: GH | G20: 10 | H20: 0 | I20: h9 | J20: 2.5 | K20: D17 | L20: 4.07 | M20: 129 | N20: 0 | O20: 0 | P20: 0 | Q20: 0 | R20: 0 | S20: 0 | T20: 0 | U20: 0 | V20: 0 | W20: 0 | X20: 0 | Y20: 0 | Z20: 0
A21: 17 | B21: C17 | C21: 131100 | D21: A6063-T5 | E21: GW | F21: GW | G21: 18.15 | H21: 8.6 | I21: h9 | J21: 3 | K21: J17 | L21: 9.9 | M21: 70 | N21: 12 | O21: 0 | P21: 0 | Q21: 0 | R21: 0 | S21: 6 | T21: 474 | U21: 0 | V21: 0 | W21: 6 | X21: 474 | Y21: 0 | Z21: 0
A22: 18 | B22: C18 | C22: H2739 | D22: C3604 | E22: GH | F22: GH | G22: 10 | H22: 0 | I22: h11 | J22: 2.5 | K22: E17 | L22: 5.86 | M22: 80 | N22: 12 | O22: 15 | P22: 1163 | Q22: 0 | R22: 0 | S22: 16 | T22: 1073 | U22: 0 | V22: 0 | W22: 31 | X22: 2236 | Y22: 0 | Z22: 0
A23: 19 | B23: C19 | C23: Y18800 | D23: A6063-T5 | E23: GW | F23: GW | G23: 8.3 | H23: 0 | I23: h9 | J23: 3 | K23: C16 | L23: 1.07 | M23: 298 | N23: 7 | O23: 8 | P23: 1319 | Q23: 699 | R23: 0 | S23: 7 | T23: 2139 | U23: 0 | V23: 0 | W23: 15 | X23: 3458 | Y23: 699 | Z23: 0
A24: 20 | B24: C20 | C24: 0902 | D24: SUS430F | E24: ME | F24: ME | G24: 9 | H24: 0 | I24: h9 | J24: 3 | K24: A17 | L24: 4.9 | M24: 151 | N24: 12 | O24: 5 | P24: 773 | Q24: 0 | R24: 0 | S24: 1 | T24: 171 | U24: 0 | V24: 0 | W24: 6 | X24: 944 | Y24: 0 | Z24: 0
A25: 21 | B25: C21 | C25: S10 | D25: 12L14 | E25: LT | F25: LT | G25: 6 | H25: 0 | I25: h11 | J25: 3 | K25: A17 | L25: 14.3 | M25: 34 | N25: 2 | O25: 28 | P25: 993 | Q25: 0 | R25: 0 | S25: 25 | T25: 895 | U25: 0 | V25: 0 | W25: 53 | X25: 1888 | Y25: 0 | Z25: 0
A26: 22 | B26: C22 | C26: STV22 | D26: C3604 | E26: YH | F26: YH | G26: 15 | H26: 0 | I26: h11 | J26: 3 | K26: B16 | L26: 8.05 | M26: 151 | N26: 0 | O26: 0 | P26: 0 | Q26: 0 | R26: 0 | S26: 0 | T26: 0 | U26: 0 | V26: 0 | W26: 0 | X26: 0 | Y26: 0 | Z26: 0
A27: 23 | B27: C23 | C27: 184Z0 | D27: SUS303 | E27: TV | F27: TV | G27: 8 | H27: 0 | I27: h7 | J27: 3 | K27: A16 | L27: 8.46 | M27: 109 | N27: 12 | O27: 2 | P27: 166 | Q27: 72 | R27: 0 | S27: 0 | T27: 0 | U27: 0 | V27: 0 | W27: 2 | X27: 166 | Y27: 72 | Z27: 0
... A32: 28 | B32: C28 | C32: F3 105A | D32: A6063-T5 | E32: GW | F32: GW | G32: 6 | H32: 0 | I32: h9 | J32: 3 | K32: D17 | L32: 0.154 | M32: 243 | N32: 5 | O32: 7 | P32: 714 | Q32: 305 | R32: 0 | S32: 6 | T32: 1623 | U32: 0 | V32: 0 | W32: 13 | X32: 2337 | Y32: 305 | Z32: 0
A33: 29 | B33: C29 | C33: 378 | D33: C3604 | E33: GH | F33: GH | G33: 6.5 | H33: 0 | I33: h9 | J33: 2.5 | K33: A17 | L33: 0.625 | M33: 260 | N33: 7 | O33: 10 | P33: 2492 | Q33: 0 | R33: 0 | S33: 11 | T33: 2497 | U33: 0 | V33: 0 | W33: 21 | X33: 4989 | Y33: 0 | Z33: 0
A34: 30 | B34: C30 | C34: F3 105A | D34: A6063-T5 | E34: GW | F34: GW | G34: 6 | H34: 0 | I34: h9 | J34: 3 | K34: D17 | L34: 0.154 | M34: 243 | N34: 5 | O34: 8 | P34: 1610 | Q34: 0 | R34: 0 | S34: 7 | T34: 967 | U34: 1149 | V34: 0 | W34: 15 | X34: 2577 | Y34: 1149 | Z34: 0
A35: 31 | B35: C31 | C35: 9B04 | D35: C3602 | E35: YH | F35: YH | G35: 3 | H35: 0 | I35: h9 | J35: 3 | K35: A16 | L35: 0.145 | M35: 469 | N35: 7 | O35: 12 | P35: 5255 | Q35: 0 | R35: 0 | S35: 8 | T35: 3793 | U35: 0 | V35: 0 | W35: 20 | X35: 9048 | Y35: 0 | Z35: 0
A36: 32 | B36: C32 | C36: F3251B | D36: A6063-T5 | E36: GW | F36: GW | G36: 6 | H36: 0 | I36: h9 | J36: 3 | K36: D17 | L36: 0.263 | M36: 203 | N36: 5 | O36: 3 | P36: 798 | Q36: 0 | R36: 0 | S36: 6 | T36: 1520 | U36: 239 | V36: 171 | W36: 9 | X36: 2318 | Y36: 239 | Z36: 171
A37: 33 | B37: C33 | C37: E16963 | D37: C3604 | E37: YH | F37: YH | G37: 6.35 | H37: 0 | I37: h9 | J37: 3 | K37: A17 | L37: 0.67 | M37: 430 | N37: 7 | O37: 5 | P37: 1428 | Q37: 626 | R37: 0 | S37: 1 | T37: 373 | U37: 0 | V37: 0 | W37: 6 | X37: 1801 | Y37: 626 | Z37: 0
A38: 34 | B38: C34 | C38: L1008 | D38: SUS430F | E38: ME | F38: ME | G38: 2.38 | H38: 0 | I38: h9 | J38: 3 | K38: A14 | L38: 0.191 | M38: 250 | N38: 12 | O38: 6 | P38: 1361 | Q38: 0 | R38: 0 | S38: 5 | T38: 1172 | U38: 0 | V38: 0 | W38: 11 | X38: 2533 | Y38: 0 | Z38: 0
A39: 35 | B39: C35 | C39: F3104 | D39: SUS303Cu | E39: ME | F39: ME | G39: 2.5 | H39: 0 | I39: h9 | J39: 3 | K39: A17 | L39: 0.03 | M39: 394 | N39: 4 | O39: 3 | P39: 566 | Q39: 333 | R39: 0 | S39: 1 | T39: 400 | U39: 0 | V39: 0 | W39: 4 | X39: 966 | Y39: 333 | Z39: 0
A40: 36 | B40: C36 | C40: SC1 | D40: 12L14 | E40: TV | F40: TV | G40: 5.97 | H40: 0 | I40: h9 | J40: 3 | K40: A17 | L40: 1.45 | M40: 150 | N40: 12 | O40: 21 | P40: 3110 | Q40: 0 | R40: 0 | S40: 15 | T40: 2805 | U40: 0 | V40: 0 | W40: 36 | X40: 5915 | Y40: 0 | Z40: 0
A41: 37 | B41: C37 | C41: H2170 | D41: C3604 | E41: GH | F41: GH | G41: 9.53 | H41: 0 | I41: h9 | J41: 2.5 | K41: A17 | L41: 4.58 | M41: 112 | N41: 0 | O41: 0 | P41: 0 | Q41: 0 | R41: 0 | S41: 0 | T41: 0 | U41: 0 | V41: 0 | W41: 0 | X41: 0 | Y41: 0 | Z41: 0
A42: 38 | B42: C38 | C42: F3104 | D42: SUS303Cu | E42: ME | F42: ME | G42: 2.5 | H42: 0 | I42: h9 | J42: 3 | K42: A17 | L42: 0.03 | M42: 394 | N42: 4 | O42: 1 | P42: 200 | Q42: 133 | R42: 0 | S42: 2 | T42: 733 | U42: 0 | V42: 0 | W42: 3 | X42: 933 | Y42: 133 | Z42: 0
A43: 39 | B43: C39 | C43: 4B03 | D43: C3602 | E43: YH | F43: YH | G43: 4 | H43: 0 | I43: h9 | J43: 3 | K43: A17 | L43: 0.48 | M43: 304 | N43: 3 | O43: 7 | P43: 2585 | Q43: 0 | R43: 0 | S43: 12 | T43: 3793 | U43: 0 | V43: 0 | W43: 19 | X43: 6378 | Y43: 0 | Z43: 0
A44: 40 | B44: C40 | C44: L152832 | D44: SUS430F | E44: ME | F44: ME | G44: 3.5 | H44: 0 | I44: h9 | J44: 3 | K44: A17 | L44: 0.724 | M44: 170 | N44: 12 | O44: 4 | P44: 571 | Q44: 0 | R44: 0 | S44: 0 | T44: 0 | U44: 0 | V44: 0 | W44: 4 | X44: 571 | Y44: 0 | Z44: 0
A45: 41 | B45: C41 | C45: 1501 | D45: C3604 | E45: GH | F45: GH | G45: 7 | H45: 0 | I45: h9 | J45: 2.5 | K45: D17 | L45: 2.16 | M45: 144 | N45: 12 | O45: 12 | P45: 1674 | Q45: 0 | R45: 0 | S45: 19 | T45: 0 | U45: 3023 | V45: 0 | W45: 31 | X45: 1674 | Y45: 3023 | Z45: 0
A46: 42 | B46: C42 | C46: L151822 | D46: SUS430F | E46: ME | F46: ME | G46: 2.38 | H46: 0 | I46: h9 | J46: 3 | K46: A14 | L46: 0.33 | M46: 170 | N46: 12 | O46: 6 | P46: 1039 | Q46: 0 | R46: 0 | S46: 5 | T46: 527 | U46: 0 | V46: 0 | W46: 11 | X46: 1566 | Y46: 0 | Z46: 0
A47: 43 | B47: C43 | C47: 5B00 | D47: C3602 | E47: YH | F47: YH | G47: 3 | H47: 0 | I47: h9 | J47: 3 | K47: A16 | L47: 0.174 | M47: 589 | N47: 3 | O47: 5 | P47: 3494 | Q47: 0 | R47: 0 | S47: 5 | T47: 3293 | U47: 0 | V47: 0 | W47: 10 | X47: 6787 | Y47: 0 | Z47: 0
A48: 44 | B48: C44 | C48: G1 0300 | D48: SUS303 | E48: ME | F48: ME | G48: 1.5 | H48: 0 | I48: h9 | J48: 2 | K48: A13 | L48: 0.314 | M48: 67 | N48: 0 | O48: 0 | P48: 0 | Q48: 0 | R48: 0 | S48: 0 | T48: 0 | U48: 0 | V48: 0 | W48: 0 | X48: 0 | Y48: 0 | Z48: 0
A49: 45 | B49: C45 | C49: P6 | D49: SUS303 | E49: ME | F49: ME | G49: 3.17 | H49: 0 | I49: h9 | J49: 3 | K49: A11 | L49: 0.425 | M49: 170 | N49: 12 | O49: 6 | P49: 385 | Q49: 489 | R49: 0 | S49: 7 | T49: 858 | U49: 0 | V49: 0 | W49: 13 | X49: 1243 | Y49: 489 | Z49: 0
A50: 46 | B50: C46 | C50: NA1781 | D50: C3604 | E50: YH | F50: YH | G50: 5 | H50: 0 | I50: h9 | J50: 3 | K50: B17 | L50: 1.1 | M50: 207 | N50: 0 | O50: 0 | P50: 0 | Q50: 0 | R50: 0 | S50: 0 | T50: 0 | U50: 0 | V50: 0 | W50: 0 | X50: 0 | Y50: 0 | Z50: 0
A51: 47 | B51: C47 | C51: F3104 | D51: SUS303Cu | E51: ME | F51: ME | G51: 2.5 | H51: 0 | I51: h9 | J51: 3 | K51: A17 | L51: 0.03 | M51: 394 | N51: 4 | O51: 2 | P51: 433 | Q51: 200 | R51: 0 | S51: 4 | T51: 633 | U51: 0 | V51: 0 | W51: 6 | X51: 1066 | Y51: 200 | Z51: 0
A52: 48 | B52: C48 | C52: 2501 | D52: C3604 | E52: GH | F52: GH | G52: 5.5 | H52: 0 | I52: h9 | J52: 2.5 | K52: A17 | L52: 1.13 | M52: 148 | N52: 12 | O52: 16 | P52: 1915 | Q52: 0 | R52: 0 | S52: 16 | T52: 1953 | U52: 0 | V52: 0 | W52: 32 | X52: 3868 | Y52: 0 | Z52: 0
A53: 49 | B53: C49 | C53: FB535 | D53: C3604 | E53: GH | F53: GH | G53: 6.5 | H53: 0 | I53: h9 | J53: 2.5 | K53: A17 | L53: 0.42 | M53: 383 | N53: 7 | O53: 4 | P53: 1683 | Q53: 0 | R53: 0 | S53: 6 | T53: 0 | U53: 2954 | V53: 0 | W53: 10 | X53: 1683 | Y53: 2954 | Z53: 0
A54: 50 | B54: C50 | C54: Y116S | D54: A6063-T5 | E54: GW | F54: GW | G54: 8.3 | H54: 0 | I54: h9 | J54: 3 | K54: C16 | L54: 0.92 | M54: 329 | N54: 12 | O54: 4 | P54: 1534 | Q54: 0 | R54: 0 | S54: 1 | T54: 804 | U54: 0 | V54: 0 | W54: 5 | X54: 2338 | Y54: 0 | Z54: 0
A55: 51 | B55: C51 | C55: H2140 | D55: C3604 | E55: YH | F55: YH | G55: 6 | H55: 0 | I55: h11 | J55: 3 | K55: B17 | L55: 2.915 | M55: 98 | N55: 12 | O55: 7 | P55: 770 | Q55: 0 | R55: 0 | S55: 0 | T55: 0 | U55: 0 | V55: 0 | W55: 7 | X55: 770 | Y55: 0 | Z55: 0
A56: 52 | B56: C52 | C56: A2 5550 | D56: C3604 | E56: IB | F56: IB | G56: 6 | H56: 0 | I56: h9 | J56: 3 | K56: B15 | L56: 0.79 | M56: 430 | N56: 7 | O56: 7 | P56: 2584 | Q56: 449 | R56: 0 | S56: 5 | T56: 2258 | U56: 0 | V56: 0 | W56: 12 | X56: 4842 | Y56: 449 | Z56: 0
A57: 53 | B57: C53 | C57: S36000 | D57: SUS303 | E57: ME | F57: ME | G57: 2.98 | H57: 0 | I57: h9 | J57: 3 | K57: B14 | L57: 8.51 | M57: 19 | N57: 12 | O57: 46 | P57: 787 | Q57: 0 | R57: 0 | S57: 39 | T57: 658 | U57: 0 | V57: 0 | W57: 85 | X57: 1445 | Y57: 0 | Z57: 0
A58: 54 | B58: C54 | C58: 4B03 | D58: C3602 | E58: YH | F58: YH | G58: 4 | H58: 0 | I58: h9 | J58: 3 | K58: A17 | L58: 0.48 | M58: 304 | N58: 3 | O58: 9 | P58: 2641 | Q58: 0 | R58: 0 | S58: 8 | T58: 2437 | U58: 0 | V58: 0 | W58: 17 | X58: 5078 | Y58: 0 | Z58: 0
A59: 55 | B59: C55 | C59: Oc Dong | D59: C3604 | E59: YH | F59: YH | G59: 5 | H59: 0 | I59: h9 | J59: 3 | K59: B17 | L59: 0.46 | M59: 409 | N59: 7 | O59: 7 | P59: 2884 | Q59: 0 | R59: 0 | S59: 7 | T59: 3497 | U59: 0 | V59: 0 | W59: 14 | X59: 6381 | Y59: 0 | Z59: 0
A60: 56 | B60: C56 | C60: Y116S | D60: A6063-T5 | E60: GW | F60: GW | G60: 8.3 | H60: 0 | I60: h9 | J60: 3 | K60: C16 | L60: 0.92 | M60: 329 | N60: 12 | O60: 6 | P60: 828 | Q60: 319 | R60: 0 | S60: 2 | T60: 13 | U60: 0 | V60: 0 | W60: 8 | X60: 841 | Y60: 319 | Z60: 0
A61: 57 | B61: C57 | C61: F3104 | D61: SUS303 | E61: ME | F61: ME | G61: 2.98 | H61: 0 | I61: h9 | J61: 3 | K61: B14 | L61: 0.03 | M61: 394 | N61: 4 | O61: 1 | P61: 233 | Q61: 0 | R61: 0 | S61: 1 | T61: 400 | U61: 0 | V61: 0 | W61: 2 | X61: 633 | Y61: 0 | Z61: 0
A62: 58 | B62: C58 | C62: P9 | D62: SUS303 | E62: ME | F62: ME | G62: 3.17 | H62: 0 | I62: h9 | J62: 3 | K62: A11 | L62: 0.45 | M62: 168 | N62: 12 | O62: 8 | P62: 684 | Q62: 182 | R62: 0 | S62: 0 | T62: 0 | U62: 0 | V62: 0 | W62: 8 | X62: 684 | Y62: 182 | Z62: 0
A63: 59 | B63: C59 | C63: PL8 | D63: SUS303Cu | E63: ME | F63: ME | G63: 2.5 | H63: 0 | I63: h9 | J63: 3 | K63: A17 | L63: 1.47 | M63: 69 | N63: 12 | O63: 11 | P63: 354 | Q63: 0 | R63: 1159 | S63: 18 | T63: 1219 | U63: 0 | V63: 0 | W63: 29 | X63: 1573 | Y63: 0 | Z63: 1159
A64: 60 | B64: C60 | C64: H2140 | D64: C3604 | E64: YH | F64: YH | G64: 6 | H64: 0 | I64: h11 | J64: 3 | K64: B17 | L64: 2.915 | M64: 98 | N64: 12 | O64: 5 | P64: 462 | Q64: 0 | R64: 377 | S64: 0 | T64: 0 | U64: 0 | V64: 0 | W64: 5 | X64: 462 | Y64: 0 | Z64: 377
... A78: 74 | B78: C74 | C78: H2 233B | D78: C3604 | E78: YH | F78: YH | G78: 7 | H78: 0 | I78: h11 | J78: 3 | K78: B17 | L78: 2.47 | M78: 172 | N78: 5 | O78: 11 | P78: 1705 | Q78: 0 | R78: 0 | S78: 10 | T78: 1626 | U78: 0 | V78: 0 | W78: 21 | X78: 3331 | Y78: 0 | Z78: 0
A79: 75 | B79: C75 | C79: 9024 | D79: C3602 | E79: YH | F79: YH | G79: 2 | H79: 0 | I79: h9 | J79: 2 | K79: B15 | L79: 0.07 | M79: 174 | N79: 5 | O79: 18 | P79: 2871 | Q79: 0 | R79: 0 | S79: 15 | T79: 2428 | U79: 0 | V79: 0 | W79: 33 | X79: 5299 | Y79: 0 | Z79: 0
A80: 76 | B80: C76 | C80: H2 233 | D80: C3604 | E80: YH | F80: YH | G80: 7 | H80: 0 | I80: h11 | J80: 3 | K80: B17 | L80: 2.47 | M80: 172 | N80: 5 | O80: 11 | P80: 1854 | Q80: 0 | R80: 0 | S80: 11 | T80: 1823 | U80: 0 | V80: 0 | W80: 22 | X80: 3677 | Y80: 0 | Z80: 0
A81: 77 | B81: C77 | C81: STV23 | D81: C3604 | E81: YH | F81: YH | G81: 6 | H81: 0 | I81: h11 | J81: 3 | K81: B17 | L81: 1.26 | M81: 304 | N81: 12 | O81: 4 | P81: 1202 | Q81: 0 | R81: 0 | S81: 0 | T81: 0 | U81: 0 | V81: 0 | W81: 4 | X81: 1202 | Y81: 0 | Z81: 0
A82: 78 | B82: CNC01 | C82: STV21 | D82: C3604 | E82: YH | F82: YH | G82: 16 | H82: 0 | I82: h11 | J82: 3 | K82: B16 | L82: 22.15 | M82: 60 | N82: 2 | O82: 3 | P82: 327 | Q82: 0 | R82: 0 | S82: 2 | T82: 402 | U82: 0 | V82: 0 | W82: 5 | X82: 729 | Y82: 0 | Z82: 0
A83: 79 | B83: CNC02 | C83: NA1785 | D83: C3604 | E83: IB | F83: IB | G83: 10.5 | H83: 0 | I83: h9 | J83: 3 | K83: B15 | L83: 0 | M83: 0 | N83: 0 | O83: 0 | P83: 0 | Q83: 0 | R83: 0 | S83: 0 | T83: 0 | U83: 0 | V83: 0 | W83: 0 | X83: 0 | Y83: 0 | Z83: 0
A84: 80 | B84: CNC03 | C84: 1694 | D84: C3604 | E84: YH | F84: YH | G84: 7 | H84: 0 | I84: h11 | J84: 3 | K84: B17 | L84: 2.35 | M84: 228 | N84: 7 | O84: 2 | P84: 363 | Q84: 0 | R84: 0 | S84: 0 | T84: 0 | U84: 0 | V84: 0 | W84: 2 | X84: 363 | Y84: 0 | Z84: 0
A85: 81 | B85: CNC04 | C85: H14 | D85: C3604 | E85: YH | F85: YH | G85: 7.5 | H85: 0 | I85: h9 | J85: 3 | K85: B16 | L85: 5.182 | M85: 69 | N85: 0 | O85: 0 | P85: 0 | Q85: 0 | R85: 0 | S85: 0 | T85: 0 | U85: 0 | V85: 0 | W85: 0 | X85: 0 | Y85: 0 | Z85: 0
A86: 82 | B86: CNC05 | C86: HA1A | D86: A6061-T6 | E86: GW | F86: GW | G86: 14.5 | H86: 0 | I86: h9 | J86: 3 | K86: A17 | L86: 8.6 | M86: 42 | N86: 0 | O86: 0 | P86: 0 | Q86: 0 | R86: 0 | S86: 0 | T86: 0 | U86: 0 | V86: 0 | W86: 0 | X86: 0 | Y86: 0 | Z86: 0
A87: 83 | B87: CNC06 | C87: 3V0060130 | D87: A6061-T6 | E87: GW | F87: GW | G87: 26 | H87: 0 | I87: h9 | J87: 3 | K87: A17 | L87: 0.6 | M87: 675 | N87: 7 | O87: 0.5 | P87: 135 | Q87: 0 | R87: 2 | S87: 0.5 | T87: 95 | U87: 0 | V87: 0 | W87: 1 | X87: 230 | Y87: 0 | Z87: 2
A88: 84 | B88: CNC07 | C88: HA6 | D88: A6061-T6 | E88: GW | F88: GW | G88: 16 | H88: 0 | I88: h9 | J88: 3 | K88: E17 | L88: 14.1 | M88: 33 | N88: 2 | O88: 4 | P88: 165 | Q88: 0 | R88: 0 | S88: 5 | T88: 129 | U88: 0 | V88: 0 | W88: 9 | X88: 294 | Y88: 0 | Z88: 0
A89: 85 | B89: CNC08 | C89: STV HPR | D89: C3604 | E89: YH | F89: YH | G89: 16 | H89: 0 | I89: h11 | J89: 3 | K89: A16 | L89: 29.6 | M89: 117 | N89: 0 | O89: 0 | P89: 0 | Q89: 0 | R89: 0 | S89: 0 | T89: 0 | U89: 0 | V89: 0 | W89: 0 | X89: 0 | Y89: 0 | Z89: 0
A90: 86 | B90: CNC09 | C90: HA14 | D90: A6061-T6 | E90: GW | F90: GW | G90: 19.1 | H90: 0 | I90: h9 | J90: 3 | K90: B17 | L90: 26.12 | M90: 24 | N90: 7 | O90: 3 | P90: 68 | Q90: 0 | R90: 0 | S90: 5 | T90: 125 | U90: 0 | V90: 0 | W90: 8 | X90: 193 | Y90: 0 | Z90: 0
A91: 87 | B91: CNC10 | C91: S6 | D91: 12L14 | E91: TV | F91: TV | G91: 6 | H91: 0 | I91: h11 | J91: 2.5 | K91: B15 | L91: 16.45 | M91: 30 | N91: 0 | O91: 0 | P91: 0 | Q91: 0 | R91: 0 | S91: 0 | T91: 0 | U91: 0 | V91: 0 | W91: 0 | X91: 0 | Y91: 0 | Z91: 0
... A102: 98 | B102: CNC21 | C102: 3V0005000 | D102: A6061-T6 | E102: GW | F102: GW | G102: 20 | H102: 0 | I102: h9 | J102: 3 | K102: A17 | L102: 0.87 | M102: 500 | N102: 0 | O102: 0 | P102: 0 | Q102: 0 | R102: 0 | S102: 0 | T102: 0 | U102: 0 | V102: 0 | W102: 0 | X102: 0 | Y102: 0 | Z102: 0
A103: 99 | B103: CNC22 | C103: FB535 | D103: C3604 | E103: IB | F103: IB | G103: 7 | H103: 0 | I103: h9 | J103: 3 | K103: B15 | L103: 0.45 | M103: 560 | N103: 0 | O103: 0 | P103: 0 | Q103: 0 | R103: 0 | S103: 0 | T103: 0 | U103: 0 | V103: 0
